// Generated by tools/newton-rom/analysis/bpnet.py; do not edit.
//   build/venv/Scripts/python tools/newton-rom/analysis/bpnet.py build/MP2x00US -o src/recognition/BPNetTables.cpp
// The handwriting engine's classifier net and its trained tables, read
// from the 2.1 (717006) ROM at the addresses cited.

#include "BPNet.h"

// ROM 0x0036e288 bpNGS
extern const ULong	bpNGS[32];
const ULong	bpNGS[32] = {
	0x000e000e, 0x00000000, 0x00140009, 0x00c40000, 0x00010001, 0x01780000,
	0x00070001, 0x01790000, 0x00070007, 0x01800001, 0x00070002, 0x01b10001,
	0x00020007, 0x01bf0001, 0x00070002, 0x01cd0001, 0x00020007, 0x01db0001,
	0x00050005, 0x01e90001, 0x00010009, 0x02020001, 0x00090001, 0x020b0001,
	0x00500001, 0x02140001, 0x00880001, 0x02640001, 0x00780001, 0x02ec0001,
	0x00860001, 0x03640001
};

// ROM 0x0036e308 bpCSS
extern const ULong	bpCSS[192];
const ULong	bpCSS[192] = {
	0x00000008, 0x00080000, 0x00000001, 0x00010004, 0x00070007, 0x00000000,
	0x00010001, 0x00000000, 0x00000008, 0x00070000, 0x00000001, 0x00070005,
	0x00070002, 0x00000000, 0x00010001, 0x00000000, 0x00000007, 0x00080000,
	0x00000007, 0x00010006, 0x00020007, 0x00000000, 0x00010001, 0x00000000,
	0x00000008, 0x00060000, 0x00000001, 0x00080007, 0x00070002, 0x00000000,
	0x00010001, 0x00000000, 0x00000006, 0x00080000, 0x00000008, 0x00010008,
	0x00020007, 0x00000000, 0x00010001, 0x00000000, 0x0000000a, 0x000a0000,
	0x00000001, 0x00010009, 0x00050005, 0x00000000, 0x00010001, 0x00000000,
	0x0000000e, 0x00060000, 0x00000000, 0x0001000a, 0x00010009, 0x00000000,
	0x00010001, 0x00000000, 0x00000006, 0x000e0000, 0x00000001, 0x0000000b,
	0x00090001, 0x00000000, 0x00010001, 0x00000000, 0x00040007, 0x00070000,
	0x00000000, 0x0000000d, 0x00880001, 0x00000000, 0x00010001, 0x00000000,
	0x00050007, 0x00020000, 0x00000000, 0x0000000d, 0x00880001, 0x00000000,
	0x00010001, 0x00000000, 0x00060002, 0x00070000, 0x00000000, 0x0000000d,
	0x00880001, 0x00000000, 0x00010001, 0x00000000, 0x00070007, 0x00020000,
	0x00000000, 0x0000000d, 0x00880001, 0x00000000, 0x00010001, 0x00000000,
	0x00080002, 0x00070000, 0x00000000, 0x0000000d, 0x00880001, 0x00000000,
	0x00010001, 0x00000000, 0x00090005, 0x00050000, 0x00000000, 0x0000000d,
	0x00880001, 0x00000000, 0x00010001, 0x00000000, 0x000a0001, 0x00090000,
	0x00000000, 0x0000000d, 0x00880001, 0x00000000, 0x00010001, 0x00000000,
	0x000b0009, 0x00010000, 0x00000000, 0x0000000d, 0x00880001, 0x00000000,
	0x00010001, 0x00000000, 0x00010014, 0x00090000, 0x00000000, 0x0000000c,
	0x00500001, 0x00000000, 0x00010001, 0x00000000, 0x000c0050, 0x00010000,
	0x00000000, 0x0000000e, 0x00780001, 0x00000000, 0x00010001, 0x00000000,
	0x00020001, 0x00010000, 0x00000000, 0x0000000d, 0x00880001, 0x00000000,
	0x00010001, 0x00000000, 0x00020001, 0x00010000, 0x00000000, 0x0000000e,
	0x00780001, 0x00000000, 0x00010001, 0x00000000, 0x00030007, 0x00010000,
	0x00000000, 0x0000000d, 0x00880001, 0x00000000, 0x00010001, 0x00000000,
	0x00030007, 0x00010000, 0x00000000, 0x0000000e, 0x00780001, 0x00000000,
	0x00010001, 0x00000000, 0x000d0088, 0x00010000, 0x00000000, 0x0000000f,
	0x00860001, 0x00000000, 0x00010001, 0x00000000, 0x000e0078, 0x00010000,
	0x00000000, 0x0000000f, 0x00860001, 0x00000000, 0x00010001, 0x00000000
};

// ROM 0x0036e608 inputType
extern const ULong	inputType[4];
const ULong	inputType[4] = {
	0x00056b44, 0x00056b58, 0x00056b64, 0x00056b70
};

// ROM 0x0036dbec numConnectRanges
extern const ULong	numConnectRanges[309];
const ULong	numConnectRanges[309] = {
	0x00080008, 0x00080008, 0x00080008, 0x00080008, 0x00080008, 0x00080008,
	0x00080008, 0x00080008, 0x00080008, 0x00080008, 0x00080008, 0x00080008,
	0x00080008, 0x00080008, 0x00080008, 0x00080008, 0x00080008, 0x00080008,
	0x00080008, 0x00080008, 0x00080008, 0x00080008, 0x00080008, 0x00080008,
	0x00080007, 0x00070007, 0x00070007, 0x00070007, 0x00070007, 0x00070007,
	0x00070007, 0x00070008, 0x00080008, 0x00080008, 0x00080008, 0x00080008,
	0x00080008, 0x00080008, 0x00080006, 0x00060006, 0x00060006, 0x00060006,
	0x00060006, 0x00060006, 0x00060006, 0x00060008, 0x00080008, 0x00080008,
	0x00080008, 0x00080008, 0x00080008, 0x00080008, 0x0008000a, 0x000a000a,
	0x000a000a, 0x000a000a, 0x000a000a, 0x000a000a, 0x000a000a, 0x000a000a,
	0x000a000a, 0x000a000a, 0x000a000a, 0x000a000a, 0x000a000a, 0x00010001,
	0x00010001, 0x00010001, 0x00010001, 0x0001000e, 0x000e000e, 0x000e000e,
	0x000e000e, 0x000e000e, 0x00010001, 0x00010001, 0x00010001, 0x00010001,
	0x00010001, 0x00010001, 0x00010001, 0x00010001, 0x00010001, 0x00010001,
	0x00010001, 0x00010001, 0x00010001, 0x00010001, 0x00010001, 0x00010001,
	0x00010001, 0x00010001, 0x00010001, 0x00010001, 0x00010001, 0x00010001,
	0x00010001, 0x00010001, 0x00010001, 0x00010001, 0x00010001, 0x00010001,
	0x00010001, 0x00010001, 0x00010001, 0x00010001, 0x00010001, 0x00010001,
	0x00010001, 0x00010001, 0x00010001, 0x00010001, 0x00010001, 0x00010001,
	0x00010001, 0x00010001, 0x00010001, 0x00010001, 0x00010001, 0x00010001,
	0x00010001, 0x00010001, 0x00010001, 0x00010001, 0x00010001, 0x00010001,
	0x00010001, 0x00010001, 0x00010001, 0x00010001, 0x00010001, 0x00010001,
	0x00010001, 0x00010001, 0x00010001, 0x00010001, 0x00010001, 0x00010001,
	0x00010001, 0x00010001, 0x00010001, 0x00010001, 0x00010001, 0x00010001,
	0x00010001, 0x00010001, 0x00010001, 0x00010001, 0x00010001, 0x00010001,
	0x00010001, 0x00010001, 0x00010001, 0x00010001, 0x00010001, 0x00010001,
	0x00010001, 0x00010001, 0x00010001, 0x00010001, 0x00010001, 0x00010001,
	0x00010001, 0x00010001, 0x00010001, 0x00010001, 0x00010001, 0x00010001,
	0x00010001, 0x00010001, 0x00010001, 0x00010001, 0x00010001, 0x00010001,
	0x00010001, 0x00010001, 0x00010001, 0x00010001, 0x00010001, 0x00010001,
	0x00010001, 0x00010001, 0x00020002, 0x00020002, 0x00020002, 0x00020002,
	0x00020002, 0x00020002, 0x00020002, 0x00020002, 0x00020002, 0x00020002,
	0x00020002, 0x00020002, 0x00020002, 0x00020002, 0x00020002, 0x00020002,
	0x00020002, 0x00020002, 0x00020002, 0x00020002, 0x00020002, 0x00020002,
	0x00020002, 0x00020002, 0x00020002, 0x00020002, 0x00020002, 0x00020002,
	0x00020002, 0x00020002, 0x00020002, 0x00020002, 0x00020002, 0x00020002,
	0x00020002, 0x00020002, 0x00020002, 0x00020002, 0x00020002, 0x00020002,
	0x00020002, 0x00020002, 0x00020002, 0x00020002, 0x00020002, 0x00020002,
	0x00020002, 0x00020002, 0x00020002, 0x00020002, 0x00020002, 0x00020002,
	0x00020002, 0x00020002, 0x00020002, 0x00020002, 0x00020002, 0x00020002,
	0x00020002, 0x00020002, 0x00010001, 0x00010001, 0x00010001, 0x00010001,
	0x00010001, 0x00010001, 0x00010001, 0x00010001, 0x00010001, 0x00010001,
	0x00010001, 0x00010001, 0x00010001, 0x00010001, 0x00010001, 0x00010001,
	0x00010001, 0x00010001, 0x00010001, 0x00010001, 0x00010001, 0x00010001,
	0x00010001, 0x00010001, 0x00010001, 0x00010001, 0x00010001, 0x00010001,
	0x00010001, 0x00010001, 0x00010001, 0x00010001, 0x00010001, 0x00010001,
	0x00010001, 0x00010001, 0x00010001, 0x00010001, 0x00010001, 0x00010001,
	0x00010001, 0x00010001, 0x00010001, 0x00010001, 0x00010001, 0x00010001,
	0x00010001, 0x00010001, 0x00010001, 0x00010001, 0x00010001, 0x00010001,
	0x00010001, 0x00010001, 0x00010001, 0x00010001, 0x00010001, 0x00010001,
	0x00010001, 0x00010001, 0x00010001, 0x00010001, 0x00010001, 0x00010001,
	0x00010001, 0x00010001, 0x00010001
};

// ROM 0x0036e0c0 bpParam
extern const ULong	bpParam[57];
const ULong	bpParam[57] = {
	0x3e4ccccd, 0x3a9d4952, 0x00000000, 0x00000000, 0x00000000, 0x00000000,
	0x3f800000, 0x3f800000, 0x00000000, 0x3f800000, 0x3f800000, 0x42280000,
	0x437a0000, 0x3f800000, 0x3dcccccd, 0x3f800000, 0x00000000, 0x00000000,
	0x3f4ccccd, 0x3f800000, 0x00000000, 0x40200000, 0x3fcccccd, 0x00000000,
	0x3f19999a, 0x3f19999a, 0x3f800000, 0x3dcccccd, 0x3dcccccd, 0x40700000,
	0x40700000, 0x3f800000, 0x00000000, 0x3f800000, 0x3e99999a, 0x3dcccccd,
	0x00000000, 0x3f800000, 0x3f800000, 0x3f800000, 0x00000000, 0x3f800000,
	0x3f800000, 0x3f800000, 0x42c80000, 0x3f800000, 0x3e000000, 0x3f000000,
	0x3f4ccccd, 0x00000000, 0x00000000, 0x00000000, 0x3f800000, 0x40000000,
	0x40000000, 0x3e99999a, 0x42480000
};

// ROM 0x0036e1a4 arBPParam
extern const ULong	arBPParam[57];
const ULong	arBPParam[57] = {
	0x00003333, 0x00000050, 0x00000000, 0x00000000, 0x00000000, 0x00000000,
	0x000000ff, 0x00000001, 0x00000000, 0x000000ff, 0x00000001, 0x0000002a,
	0x000000fa, 0x00000000, 0x00001999, 0x00000001, 0x00000000, 0x00000000,
	0x0000cccc, 0x00010000, 0x00000000, 0x00028000, 0x00019999, 0x00000000,
	0x00009999, 0x00009999, 0x00000001, 0x00000000, 0x00000000, 0x00000000,
	0x00000000, 0x00010000, 0x00000000, 0x00010000, 0x00004ccc, 0x00000000,
	0x00000000, 0x00010000, 0x00010000, 0x00010000, 0x00000000, 0x00010000,
	0x00010000, 0x00010000, 0x00000064, 0x00000000, 0x00000000, 0x00000000,
	0x00000000, 0x00000000, 0x00000000, 0x00000000, 0x00010000, 0x00000002,
	0x00000002, 0x00004ccc, 0x00000032
};

// ROM 0x003948f0 bpWeight
extern const UByte	bpWeight[91124];
const UByte	bpWeight[91124] = {
	0xdd, 0x93, 0x74, 0x66, 0x6e, 0x72, 0x67, 0x7d, 0x85, 0x7f, 0x74, 0x6e,
	0x6f, 0x68, 0x6b, 0x7e, 0x88, 0x8c, 0x83, 0x7e, 0x83, 0x6b, 0x7a, 0x84,
	0x70, 0x7a, 0x76, 0x74, 0x70, 0x67, 0x64, 0x79, 0x85, 0x7f, 0x85, 0x81,
	0x7d, 0x77, 0x70, 0x5f, 0x70, 0x7b, 0x8b, 0x92, 0x90, 0x81, 0x6e, 0x70,
	0x67, 0x78, 0x82, 0x7c, 0x83, 0x6d, 0x69, 0x65, 0x60, 0x7b, 0x92, 0x7d,
	0x83, 0x7d, 0x83, 0x84, 0x7a, 0x84, 0x6d, 0x6e, 0x76, 0x8e, 0x80, 0x6d,
	0x6e, 0x76, 0x70, 0x6b, 0x69, 0x78, 0x83, 0x8b, 0x8e, 0x8c, 0x95, 0x81,
	0x71, 0x7a, 0x74, 0x71, 0x81, 0x82, 0x85, 0x84, 0x79, 0xa5, 0x96, 0x9f,
	0x9f, 0x99, 0x8b, 0x83, 0x81, 0x95, 0x81, 0x79, 0x79, 0x76, 0x80, 0x87,
	0x7f, 0x82, 0x7b, 0xa7, 0x9b, 0x9f, 0x93, 0x8a, 0x81, 0x82, 0x84, 0x84,
	0x8b, 0x93, 0x92, 0x90, 0x8e, 0x8e, 0x70, 0x7c, 0x79, 0x78, 0x77, 0x7e,
	0x86, 0x81, 0x81, 0x8a, 0x8a, 0x91, 0xa9, 0xa0, 0x9e, 0x90, 0x98, 0x96,
	0x8d, 0x8a, 0x8c, 0x86, 0x85, 0x88, 0x82, 0x82, 0x7d, 0x7f, 0x87, 0x85,
	0x80, 0x7e, 0x84, 0x7c, 0x7b, 0x81, 0x86, 0x92, 0x9e, 0x9c, 0x9e, 0x96,
	0x8b, 0x7b, 0x83, 0x7e, 0x8e, 0x86, 0x83, 0x7e, 0x7f, 0x81, 0x7f, 0x7e,
	0x8a, 0x91, 0x9a, 0x97, 0x97, 0x96, 0x93, 0x83, 0x85, 0x85, 0x95, 0x9e,
	0x8a, 0x7d, 0x79, 0x7d, 0x83, 0x81, 0x7d, 0x81, 0x7e, 0x7e, 0x7a, 0x81,
	0x6f, 0x6c, 0x6f, 0x79, 0x75, 0x72, 0x77, 0x77, 0x76, 0x7b, 0x79, 0x94,
	0x96, 0x91, 0x91, 0x8b, 0x88, 0x88, 0x84, 0x83, 0x8d, 0x92, 0x95, 0x8a,
	0x89, 0x81, 0x82, 0x87, 0x88, 0x84, 0x84, 0x85, 0x84, 0x80, 0x7b, 0x7e,
	0x83, 0x92, 0x92, 0x90, 0x92, 0x94, 0x8b, 0x7d, 0x7e, 0x80, 0x76, 0x77,
	0x73, 0x6f, 0x6c, 0x6f, 0x6c, 0x8d, 0x91, 0x95, 0x97, 0x8f, 0x8d, 0x8a,
	0x88, 0x88, 0x8c, 0x8e, 0x8f, 0x90, 0x7d, 0x7e, 0x80, 0x78, 0x80, 0x88,
	0xca, 0xaf, 0xbc, 0xbc, 0xbf, 0xbc, 0xae, 0xc3, 0x82, 0x82, 0x85, 0x84,
	0x7a, 0x80, 0x7e, 0x7f, 0x83, 0x7f, 0x7d, 0x83, 0x84, 0x86, 0x83, 0x80,
	0x74, 0x78, 0x80, 0x88, 0x79, 0x72, 0x75, 0x74, 0x84, 0x86, 0x85, 0x85,
	0x82, 0x82, 0x7e, 0x7d, 0x81, 0x77, 0x74, 0x7e, 0x7a, 0x78, 0x7e, 0x84,
	0x81, 0x7b, 0x7e, 0x7f, 0x79, 0x77, 0x80, 0x83, 0x84, 0x7d, 0x80, 0x82,
	0x7e, 0x80, 0x7d, 0x7e, 0x83, 0x7e, 0x73, 0x96, 0x93, 0x6c, 0x72, 0x69,
	0x74, 0x7d, 0x6f, 0x59, 0x6f, 0x87, 0x90, 0x88, 0x70, 0x61, 0x6b, 0x88,
	0x89, 0x6e, 0x7e, 0x99, 0x7a, 0x7c, 0x86, 0x7f, 0x7f, 0x8e, 0x7c, 0x79,
	0x71, 0x68, 0x60, 0x73, 0x96, 0x6e, 0x85, 0x85, 0x89, 0x8c, 0x7d, 0x68,
	0x78, 0x8d, 0x8c, 0x74, 0x6d, 0x66, 0x6b, 0x7c, 0x73, 0x64, 0x80, 0x93,
	0x89, 0x85, 0x83, 0x60, 0x5e, 0x81, 0x91, 0x80, 0x6e, 0x85, 0x7a, 0x8e,
	0x89, 0x89, 0x80, 0x8e, 0x8c, 0x89, 0x5d, 0x5b, 0x45, 0x42, 0x3d, 0x42,
	0x49, 0x53, 0x6e, 0x75, 0x85, 0x86, 0x8d, 0x8b, 0x8c, 0x80, 0x82, 0x83,
	0x7d, 0x7a, 0x83, 0x85, 0x88, 0x7e, 0x8b, 0x91, 0x8b, 0x8b, 0x8c, 0x90,
	0x81, 0x7a, 0x7a, 0x89, 0x81, 0x79, 0x72, 0x83, 0x81, 0x86, 0x83, 0x80,
	0x92, 0x8e, 0x8f, 0x81, 0x75, 0x6b, 0x60, 0x5c, 0x86, 0x91, 0x8e, 0x8e,
	0x8c, 0x89, 0x91, 0x7b, 0x7f, 0x83, 0x7d, 0x83, 0x80, 0x81, 0x7a, 0x89,
	0x5e, 0x66, 0x63, 0x63, 0x66, 0x62, 0x63, 0x6d, 0x79, 0x7d, 0x5e, 0x66,
	0x7c, 0x7a, 0x87, 0x7e, 0x7e, 0x62, 0x70, 0x85, 0x8b, 0x84, 0x78, 0x81,
	0x6f, 0x7b, 0x6d, 0x72, 0x6d, 0x78, 0x7b, 0x75, 0x7b, 0x82, 0x64, 0x69,
	0x5c, 0x76, 0x83, 0x7f, 0x79, 0x78, 0x7c, 0x65, 0x6b, 0x70, 0x68, 0x64,
	0x64, 0x6f, 0x79, 0x87, 0x6a, 0x69, 0x71, 0x7e, 0x86, 0x79, 0x72, 0x74,
	0x84, 0x84, 0x8d, 0x8d, 0x77, 0x81, 0x7a, 0x76, 0x89, 0x84, 0x7e, 0x76,
	0x6f, 0x64, 0x69, 0x6b, 0x75, 0x72, 0x71, 0x8f, 0x93, 0x88, 0x88, 0x89,
	0x84, 0x7e, 0x79, 0x7b, 0x82, 0x79, 0x7d, 0x7a, 0x7d, 0x83, 0x81, 0x93,
	0x9b, 0x96, 0x99, 0x95, 0x8e, 0x88, 0x8e, 0x81, 0x99, 0x87, 0x8f, 0x85,
	0x7e, 0x78, 0x7b, 0x86, 0x76, 0x79, 0x86, 0x8f, 0x89, 0x8b, 0x89, 0x88,
	0x84, 0xa1, 0x99, 0x91, 0x8e, 0x8d, 0x8f, 0x84, 0x86, 0x80, 0x79, 0x72,
	0x7c, 0x79, 0x7e, 0x7e, 0x7a, 0x74, 0x76, 0x83, 0x7f, 0x78, 0x6e, 0x67,
	0x61, 0x64, 0x79, 0x81, 0x6f, 0x76, 0x76, 0x85, 0x88, 0x86, 0x76, 0x6c,
	0x86, 0x7f, 0x74, 0x7e, 0x84, 0x85, 0x7d, 0x71, 0x94, 0x9a, 0x9b, 0x88,
	0x6a, 0x64, 0x73, 0x7a, 0x88, 0x89, 0x7d, 0x74, 0x76, 0x83, 0x7e, 0x86,
	0x7e, 0x6d, 0x99, 0x94, 0x8d, 0x65, 0x56, 0x61, 0x70, 0x83, 0x7f, 0x90,
	0x8f, 0x8e, 0x84, 0x72, 0x74, 0x72, 0x79, 0x7b, 0x6e, 0x71, 0x7e, 0x80,
	0x71, 0x78, 0x82, 0x71, 0x74, 0x97, 0x9b, 0xa2, 0xa1, 0x9b, 0x8c, 0x8f,
	0x8b, 0x6e, 0x77, 0x82, 0x7b, 0x81, 0x82, 0x80, 0x6e, 0x74, 0x85, 0x80,
	0x7c, 0x83, 0x81, 0x78, 0x76, 0x72, 0x6b, 0x6c, 0x6e, 0x6f, 0x79, 0x7b,
	0x7a, 0x85, 0x82, 0x6a, 0x7b, 0x81, 0x79, 0x7c, 0x84, 0x82, 0x71, 0x70,
	0x7a, 0x80, 0x87, 0x88, 0x89, 0x76, 0x7d, 0x74, 0x70, 0x81, 0x7d, 0x78,
	0x7a, 0x79, 0x6d, 0x6e, 0x7a, 0x83, 0x7f, 0x80, 0x7b, 0x79, 0x7b, 0x84,
	0x82, 0x85, 0x74, 0x79, 0x8d, 0x9a, 0xa6, 0xa2, 0xa3, 0x88, 0x7f, 0x7e,
	0x81, 0x85, 0x7c, 0x7d, 0x7c, 0x84, 0x80, 0x82, 0x80, 0x84, 0x82, 0x85,
	0x81, 0x81, 0x83, 0x85, 0x82, 0x7c, 0x70, 0x7d, 0x8d, 0x99, 0x7c, 0x84,
	0x80, 0x81, 0x82, 0x81, 0x81, 0x7e, 0x7d, 0x7e, 0x87, 0x8e, 0x85, 0x80,
	0x96, 0x9c, 0x9c, 0x8e, 0x83, 0x81, 0x7b, 0x75, 0x79, 0x74, 0x7b, 0x80,
	0x84, 0x7f, 0x7f, 0x7f, 0x81, 0x82, 0x81, 0x80, 0x67, 0x7b, 0x80, 0x7d,
	0x90, 0x90, 0x93, 0x99, 0x90, 0x82, 0x78, 0x91, 0x7c, 0x60, 0x6d, 0x81,
	0x83, 0x8d, 0x91, 0x6c, 0x61, 0x7f, 0x84, 0x83, 0x83, 0x74, 0x87, 0x7f,
	0x7e, 0x72, 0x6e, 0x7c, 0x7e, 0x7c, 0x84, 0x8d, 0x8b, 0x7c, 0x5e, 0x60,
	0x83, 0x82, 0x7d, 0x80, 0x85, 0x76, 0x75, 0x72, 0x7c, 0x86, 0x80, 0x79,
	0x80, 0x81, 0x89, 0x72, 0x61, 0x76, 0x8b, 0x90, 0x8c, 0x67, 0x7b, 0x80,
	0x84, 0x83, 0x7c, 0x77, 0x80, 0x89, 0x83, 0x7f, 0x81, 0x7d, 0x84, 0x7c,
	0x6d, 0x68, 0x5e, 0x52, 0x7d, 0x86, 0x82, 0x89, 0x86, 0x89, 0x7f, 0x83,
	0x7b, 0x7e, 0x80, 0x87, 0x89, 0x87, 0x8c, 0x87, 0x78, 0x6e, 0x66, 0x5f,
	0x63, 0x65, 0x70, 0x64, 0x81, 0x87, 0x82, 0x7f, 0x85, 0x85, 0x88, 0x89,
	0x89, 0x8a, 0x69, 0x65, 0x5f, 0x4e, 0x4b, 0x52, 0x5d, 0x67, 0x86, 0x85,
	0x80, 0x8d, 0x8b, 0x8a, 0x7e, 0x6b, 0x7c, 0x7c, 0x7a, 0x82, 0x85, 0x89,
	0x83, 0x7f, 0x73, 0x6b, 0xac, 0x8f, 0x8f, 0x83, 0x78, 0x7d, 0x7d, 0x7c,
	0x81, 0x87, 0x8a, 0x91, 0x92, 0x7d, 0x7e, 0x83, 0x7c, 0x79, 0x86, 0x7e,
	0x86, 0x8a, 0x87, 0x84, 0x9b, 0x92, 0x96, 0x87, 0x7c, 0x7d, 0x78, 0x7e,
	0x85, 0x85, 0x7c, 0x7a, 0x84, 0x89, 0x91, 0x8a, 0x84, 0x81, 0x9b, 0x9b,
	0x91, 0x87, 0x7d, 0x76, 0x7b, 0x7d, 0x86, 0x8f, 0x8e, 0x95, 0x79, 0x78,
	0x7d, 0x7e, 0x76, 0x7f, 0x82, 0x84, 0x88, 0x89, 0x8b, 0x89, 0x77, 0x6e,
	0x76, 0x79, 0x82, 0x73, 0x6b, 0x6e, 0x70, 0x71, 0x7b, 0x74, 0x7c, 0x7b,
	0x97, 0x85, 0x85, 0x6d, 0x55, 0x59, 0x77, 0x87, 0x83, 0x89, 0x66, 0x5e,
	0x74, 0x72, 0x6d, 0x66, 0x69, 0x71, 0x71, 0x71, 0x77, 0x8e, 0x83, 0x6d,
	0x70, 0x82, 0x8a, 0x8b, 0x87, 0x6e, 0x58, 0x76, 0x7d, 0x67, 0x63, 0x67,
	0x6c, 0x71, 0x7d, 0x6a, 0x72, 0x6e, 0x7a, 0x88, 0x7e, 0x6d, 0x61, 0x6b,
	0x81, 0x7c, 0x7c, 0x6f, 0x6a, 0x6a, 0x71, 0x5b, 0x61, 0x6d, 0x6a, 0x7d,
	0x80, 0x84, 0x8a, 0x81, 0x77, 0x6e, 0x81, 0x8b, 0x80, 0x7b, 0x78, 0x79,
	0x82, 0x86, 0x87, 0x82, 0x7c, 0x71, 0x72, 0x69, 0x75, 0x7a, 0x76, 0x75,
	0x7b, 0x86, 0x87, 0x8f, 0x96, 0x93, 0x65, 0x82, 0x89, 0x8e, 0x83, 0x78,
	0x70, 0x6d, 0x74, 0x7c, 0x76, 0x7b, 0x87, 0x90, 0x92, 0x8f, 0x84, 0x79,
	0x77, 0x84, 0x7f, 0x7d, 0x78, 0x87, 0x8d, 0x86, 0x73, 0x71, 0x76, 0x6e,
	0x77, 0x79, 0x80, 0x7b, 0x7c, 0x83, 0x88, 0x67, 0x67, 0x61, 0x76, 0x75,
	0x6b, 0x73, 0x7c, 0x7e, 0x61, 0x7e, 0x84, 0x9c, 0x8a, 0x62, 0x75, 0x74,
	0x70, 0x83, 0x8c, 0x94, 0x7d, 0x6f, 0x82, 0x7a, 0x77, 0x7f, 0x68, 0x6d,
	0x6b, 0x68, 0x78, 0x78, 0x6d, 0x77, 0x5a, 0x80, 0x99, 0x94, 0x8a, 0x65,
	0x82, 0x77, 0x74, 0x69, 0x5b, 0x61, 0x6d, 0x6b, 0x6f, 0x82, 0x6a, 0x79,
	0x84, 0x7c, 0x6a, 0x68, 0x72, 0x7e, 0x7c, 0x7b, 0x89, 0x8d, 0x7b, 0x79,
	0x8b, 0x7d, 0x86, 0x7b, 0x91, 0x8c, 0x95, 0x9a, 0x96, 0x93, 0x8b, 0x8c,
	0x6f, 0x74, 0x79, 0x70, 0x77, 0x6f, 0x7b, 0x7c, 0x75, 0x6d, 0x72, 0x78,
	0x6d, 0x73, 0x7e, 0x7d, 0x7c, 0x83, 0x88, 0x7d, 0x76, 0x6e, 0x71, 0x6f,
	0x92, 0x94, 0x78, 0x72, 0x79, 0x7b, 0x7b, 0x74, 0x78, 0x7a, 0x8f, 0x99,
	0x96, 0x96, 0x9d, 0x92, 0x89, 0x7d, 0x7f, 0x84, 0x79, 0x73, 0x70, 0x72,
	0x78, 0x70, 0x79, 0x67, 0x6d, 0x70, 0x76, 0x74, 0x7a, 0x7a, 0x63, 0x76,
	0x7d, 0x7d, 0x7d, 0x7d, 0x7b, 0x7d, 0x7a, 0x7e, 0x7e, 0x9b, 0x97, 0x9b,
	0x96, 0x77, 0x68, 0x70, 0x72, 0x95, 0x93, 0x97, 0x91, 0x7f, 0x78, 0x73,
	0x73, 0x8b, 0x8c, 0x88, 0x7c, 0x75, 0x7d, 0x86, 0x7b, 0x89, 0x8a, 0x96,
	0x99, 0x9b, 0x93, 0x7f, 0x6c, 0x6d, 0x70, 0x7f, 0x81, 0x83, 0x7e, 0x84,
	0x7e, 0x7e, 0x8b, 0x97, 0x99, 0x95, 0x8e, 0x6e, 0x73, 0x74, 0x74, 0x92,
	0x94, 0x8f, 0x8d, 0x7a, 0x6f, 0x75, 0x6e, 0x8b, 0x7e, 0x7d, 0x82, 0x82,
	0x80, 0x81, 0x7d, 0x6d, 0x6e, 0x6f, 0x76, 0x51, 0x6f, 0x82, 0x80, 0x77,
	0x7b, 0x73, 0x54, 0x53, 0x92, 0x93, 0x89, 0x88, 0x83, 0x8c, 0x7d, 0x7c,
	0x6e, 0x75, 0x76, 0x7e, 0x76, 0x7b, 0x80, 0x7d, 0x65, 0x53, 0x87, 0x91,
	0x87, 0x83, 0x7e, 0x80, 0x7f, 0x79, 0x7d, 0x80, 0x82, 0x7d, 0x7a, 0x72,
	0x80, 0x65, 0x63, 0x76, 0x7d, 0x7f, 0x7f, 0x77, 0x4f, 0x5b, 0x80, 0x8f,
	0x89, 0x89, 0x8a, 0x8e, 0x8e, 0x8b, 0x6e, 0x73, 0x76, 0x78, 0x86, 0x7d,
	0x78, 0x75, 0x7e, 0x7d, 0x84, 0x83, 0x80, 0x76, 0x80, 0x7f, 0x68, 0x83,
	0x7f, 0x7c, 0x6a, 0x6d, 0x84, 0x74, 0x7a, 0x90, 0x93, 0x89, 0x82, 0x7a,
	0x77, 0x84, 0x7b, 0x7a, 0x6c, 0x7d, 0x82, 0x87, 0x7b, 0x6b, 0x7f, 0x73,
	0x6e, 0x80, 0x8c, 0x87, 0x85, 0x7a, 0x72, 0x77, 0x7d, 0x7f, 0x7c, 0x84,
	0x75, 0x7a, 0x7c, 0x8b, 0x69, 0x7d, 0x80, 0x72, 0x69, 0x71, 0x77, 0x75,
	0x77, 0x6b, 0x67, 0x76, 0x76, 0x80, 0x7d, 0x80, 0x86, 0x82, 0x78, 0x76,
	0x89, 0x86, 0x8d, 0x8e, 0x8b, 0x87, 0x86, 0x9a, 0x99, 0x96, 0x8b, 0x86,
	0x82, 0x79, 0x78, 0x77, 0x6f, 0x63, 0x69, 0x78, 0x7d, 0x86, 0x88, 0x7c,
	0x84, 0x85, 0x8e, 0x96, 0x8c, 0x8e, 0x8c, 0x82, 0x7e, 0x80, 0x82, 0x7c,
	0x7c, 0x75, 0x72, 0x79, 0x7e, 0x6e, 0x69, 0x72, 0x83, 0x84, 0x88, 0x81,
	0x8f, 0x98, 0x8f, 0x8e, 0x83, 0x76, 0x77, 0x85, 0x87, 0x83, 0x73, 0x6a,
	0x7d, 0x79, 0x80, 0x75, 0x82, 0x7f, 0x7b, 0x7a, 0x80, 0x7a, 0x71, 0x6c,
	0x78, 0x80, 0x7c, 0x78, 0x71, 0x6b, 0x73, 0x96, 0x84, 0x82, 0x7d, 0x68,
	0x7b, 0x7a, 0x79, 0x72, 0x6e, 0x72, 0x6e, 0x6d, 0x6f, 0x70, 0x77, 0x6b,
	0x67, 0x7b, 0x86, 0x81, 0x87, 0x72, 0x81, 0x7b, 0x76, 0x7d, 0x80, 0x75,
	0x74, 0x6e, 0x7d, 0x7f, 0x79, 0x64, 0x68, 0x77, 0x75, 0x6d, 0x6f, 0x74,
	0x75, 0x84, 0x87, 0x7f, 0x79, 0x64, 0x7a, 0x74, 0x6f, 0x76, 0x81, 0x7e,
	0x89, 0x83, 0x6e, 0x60, 0x84, 0x8f, 0x6f, 0x5f, 0x7f, 0x8c, 0x84, 0x72,
	0x59, 0x85, 0x78, 0x65, 0x77, 0x7b, 0x7b, 0x75, 0x7d, 0x85, 0x75, 0x5e,
	0x80, 0x89, 0x8c, 0x66, 0x5a, 0x99, 0x99, 0x87, 0x6f, 0x6e, 0x7c, 0x79,
	0x83, 0x73, 0x6a, 0x81, 0x77, 0x73, 0x7c, 0x84, 0x87, 0x5e, 0x6d, 0x81,
	0x75, 0x55, 0x89, 0x8e, 0x91, 0x6a, 0x59, 0x8a, 0x81, 0x6d, 0x73, 0x78,
	0x7a, 0x87, 0x85, 0x8c, 0x78, 0x81, 0x68, 0x72, 0x79, 0x87, 0x9c, 0x92,
	0x74, 0x73, 0x67, 0x72, 0x6b, 0x7c, 0x82, 0x81, 0x73, 0x7b, 0x76, 0x6c,
	0x7a, 0x74, 0x6f, 0x74, 0x77, 0x6e, 0x6f, 0x70, 0x77, 0x73, 0x84, 0x8f,
	0x79, 0x65, 0x92, 0x95, 0x67, 0x73, 0x73, 0x7e, 0x7f, 0x74, 0x71, 0x73,
	0x7b, 0x74, 0x73, 0x73, 0x8d, 0x96, 0x78, 0x66, 0x6a, 0x70, 0x78, 0x72,
	0x81, 0x87, 0x77, 0x6b, 0x7b, 0x80, 0x75, 0x79, 0x80, 0x81, 0x89, 0x81,
	0x89, 0x85, 0x79, 0x83, 0x82, 0x85, 0x82, 0x8b, 0x83, 0x7f, 0x84, 0x78,
	0x7c, 0x7e, 0x95, 0x99, 0x9b, 0x97, 0x92, 0x83, 0x84, 0x86, 0x81, 0x84,
	0x80, 0x86, 0x8c, 0x81, 0x7e, 0x85, 0x96, 0xa4, 0x99, 0x99, 0xa3, 0x78,
	0x9d, 0x78, 0x80, 0x85, 0x88, 0x8e, 0x90, 0x8b, 0x8c, 0x80, 0x7f, 0x83,
	0x8c, 0x95, 0x97, 0x98, 0x91, 0x79, 0x7d, 0x7b, 0x9d, 0xa3, 0x9a, 0x95,
	0x91, 0x78, 0x81, 0x7e, 0x7f, 0x7a, 0x7c, 0x7f, 0x86, 0x7e, 0x7c, 0x81,
	0x84, 0x84, 0x84, 0x7f, 0x80, 0x7f, 0x7a, 0x5b, 0x7c, 0x77, 0x90, 0x94,
	0x96, 0x94, 0x60, 0x64, 0x7f, 0x7b, 0x84, 0x8d, 0x8c, 0x8b, 0x7a, 0x69,
	0x7c, 0x89, 0x91, 0x92, 0x8e, 0x7e, 0x6b, 0x61, 0x76, 0x86, 0x7d, 0x7a,
	0x88, 0x92, 0x97, 0x95, 0x6c, 0x62, 0x83, 0x92, 0x8b, 0x86, 0x85, 0x7b,
	0x77, 0x60, 0x79, 0x7f, 0x92, 0x95, 0x9a, 0x8f, 0x63, 0x63, 0x7c, 0x78,
	0x7c, 0x84, 0x89, 0x85, 0x79, 0x76, 0x7e, 0x83, 0x84, 0x87, 0x91, 0x95,
	0x89, 0x7f, 0x80, 0x7f, 0x9d, 0x9c, 0x93, 0x8f, 0x88, 0x85, 0x84, 0x7b,
	0x5d, 0x69, 0x70, 0x71, 0x78, 0x7c, 0x81, 0x83, 0x9b, 0x95, 0x8e, 0x95,
	0x92, 0x88, 0x7d, 0x7d, 0x7e, 0x72, 0x81, 0x7a, 0x79, 0x80, 0x7e, 0x83,
	0x84, 0x85, 0x8f, 0x94, 0x93, 0x90, 0x9d, 0x89, 0x7a, 0x7d, 0x96, 0x96,
	0x93, 0x8e, 0x90, 0x7d, 0x7c, 0x78, 0x6c, 0x72, 0x7c, 0x7c, 0x7f, 0x7e,
	0x82, 0x86, 0x7c, 0x7a, 0x85, 0x82, 0x7e, 0x7c, 0x81, 0x7c, 0x7b, 0x81,
	0x73, 0x7b, 0x86, 0x78, 0x70, 0x76, 0x86, 0x7e, 0x61, 0x7c, 0x7a, 0x67,
	0x7a, 0x85, 0x77, 0x6b, 0x70, 0x7c, 0x89, 0x80, 0x6e, 0x7b, 0x84, 0x7c,
	0x66, 0x71, 0x6c, 0x75, 0x7d, 0x6d, 0x75, 0x7f, 0x7c, 0x7e, 0x65, 0x78,
	0x80, 0x80, 0x69, 0x75, 0x8c, 0x8b, 0x6b, 0x7b, 0x87, 0x82, 0x74, 0x7d,
	0x89, 0x80, 0x5b, 0x81, 0x88, 0x83, 0x8f, 0x86, 0x6d, 0x72, 0x7a, 0x93,
	0x7a, 0x8b, 0x7d, 0x80, 0x72, 0x66, 0x65, 0x62, 0x7e, 0x83, 0x78, 0x77,
	0x7d, 0x79, 0x87, 0x75, 0x69, 0x7d, 0x85, 0x79, 0x70, 0x71, 0x77, 0x6e,
	0x80, 0x88, 0x7a, 0x6e, 0x6c, 0x82, 0x86, 0x8a, 0x86, 0x68, 0x8b, 0x87,
	0x7e, 0x72, 0x7a, 0x77, 0x76, 0x7d, 0x73, 0x82, 0x78, 0x81, 0x6e, 0x6e,
	0x7b, 0x7f, 0x87, 0x77, 0x76, 0x67, 0x73, 0x8e, 0x85, 0x79, 0x66, 0x6e,
	0x79, 0x7d, 0x76, 0x69, 0x64, 0x6a, 0x73, 0x79, 0x87, 0x85, 0x80, 0x81,
	0x7d, 0x7e, 0x83, 0x94, 0x8f, 0x76, 0x70, 0x68, 0x6d, 0x7f, 0x70, 0x6c,
	0x74, 0x75, 0x79, 0x68, 0x6b, 0x66, 0x69, 0x6d, 0x6c, 0x72, 0x74, 0x74,
	0x7b, 0x76, 0x8c, 0x6d, 0x86, 0x77, 0x5e, 0x77, 0x74, 0x5e, 0x6d, 0x7a,
	0x78, 0x7f, 0x71, 0x6c, 0x71, 0x79, 0x79, 0x7c, 0x7a, 0x85, 0x8d, 0x80,
	0x5f, 0x78, 0x72, 0x70, 0x71, 0x79, 0x6b, 0x79, 0x71, 0x73, 0x79, 0x7e,
	0x7d, 0x7e, 0x84, 0x7f, 0x72, 0x79, 0x7e, 0x82, 0x76, 0x80, 0x80, 0x79,
	0x66, 0x7e, 0x92, 0x88, 0x80, 0x76, 0x68, 0x82, 0x88, 0x89, 0x86, 0x77,
	0x6e, 0x7a, 0x8b, 0x87, 0x7f, 0x68, 0x6c, 0x5c, 0x7a, 0x8b, 0x75, 0x5d,
	0x83, 0x80, 0x8c, 0x8c, 0x60, 0x6b, 0x6e, 0x5e, 0x72, 0x88, 0x8c, 0x83,
	0x80, 0x5e, 0x7f, 0x83, 0x82, 0x64, 0x64, 0x85, 0x8f, 0x93, 0x80, 0x8c,
	0x66, 0x70, 0x81, 0x87, 0x88, 0x8a, 0x80, 0x7d, 0x78, 0x78, 0x6a, 0x63,
	0x63, 0x65, 0x78, 0x66, 0x6a, 0x72, 0x78, 0x70, 0x6f, 0x6a, 0x75, 0x7b,
	0x81, 0x86, 0x86, 0x87, 0x8d, 0x8e, 0x89, 0x87, 0x89, 0x6e, 0x65, 0x71,
	0x67, 0x6a, 0x7a, 0x78, 0x77, 0x75, 0x88, 0x7c, 0x88, 0x87, 0x85, 0x80,
	0x86, 0x77, 0x78, 0x6e, 0x78, 0x75, 0x6d, 0x6c, 0x6f, 0x7d, 0x78, 0x6e,
	0x6d, 0x6a, 0x75, 0x77, 0x7a, 0x72, 0x7b, 0x89, 0x82, 0x88, 0x86, 0x83,
	0x8d, 0x86, 0x8f, 0x74, 0x71, 0x71, 0x73, 0x7f, 0x7f, 0x83, 0x84, 0x9c,
	0x99, 0x84, 0x76, 0x74, 0x79, 0x73, 0x79, 0x7f, 0x81, 0x93, 0x80, 0x81,
	0x88, 0x91, 0x83, 0x85, 0x7b, 0x63, 0x74, 0x64, 0x61, 0x5b, 0x51, 0x53,
	0x50, 0x60, 0x6c, 0x6c, 0x82, 0x83, 0x80, 0x7e, 0x8b, 0x8a, 0x91, 0x94,
	0x86, 0x8b, 0x97, 0x85, 0x77, 0x75, 0x5d, 0x61, 0x7c, 0x7e, 0x7e, 0x77,
	0x7c, 0x86, 0x8c, 0x89, 0x79, 0x79, 0x7e, 0x82, 0x8a, 0x7e, 0x83, 0x76,
	0x75, 0x5f, 0x4d, 0x54, 0x60, 0x6b, 0x7f, 0x8e, 0x79, 0x73, 0x79, 0x71,
	0x80, 0x92, 0x8a, 0x7e, 0x6d, 0x7e, 0x6a, 0x6f, 0x6e, 0x70, 0x7e, 0x79,
	0x79, 0x74, 0x6c, 0x72, 0x6e, 0x60, 0x67, 0x69, 0x71, 0x73, 0x60, 0x72,
	0x7e, 0x82, 0x87, 0x82, 0x80, 0x71, 0x8a, 0x84, 0x70, 0x70, 0x64, 0x5d,
	0x69, 0x6d, 0x7a, 0x70, 0x6e, 0x77, 0x7d, 0x85, 0x87, 0x86, 0x80, 0x7a,
	0x58, 0x6a, 0x6d, 0x82, 0x88, 0x86, 0x78, 0x66, 0x62, 0x66, 0x5f, 0x6c,
	0x81, 0x85, 0x81, 0x81, 0x7b, 0x78, 0x85, 0x7b, 0x77, 0x78, 0x7f, 0x7b,
	0x7a, 0x80, 0x89, 0x8e, 0x8e, 0x90, 0x9c, 0x99, 0x84, 0x7e, 0x78, 0x87,
	0x8c, 0x95, 0x93, 0x95, 0x95, 0x8c, 0x8b, 0x85, 0x80, 0x82, 0x76, 0x75,
	0x7c, 0x7a, 0x7e, 0x78, 0x6e, 0x91, 0x8f, 0x9f, 0xa0, 0x9a, 0xa1, 0x98,
	0x88, 0x8b, 0x85, 0x79, 0x7d, 0x7f, 0x80, 0x7d, 0x82, 0x92, 0x8e, 0x8f,
	0x8a, 0x7d, 0x7c, 0x7a, 0x7a, 0x8a, 0x7d, 0x88, 0x9c, 0x9c, 0x8d, 0x8d,
	0x84, 0x7b, 0x88, 0x82, 0x89, 0x8b, 0x8c, 0x83, 0x84, 0x97, 0x91, 0x94,
	0x73, 0x74, 0x66, 0x6f, 0x74, 0x7c, 0x78, 0x78, 0x7b, 0x78, 0x74, 0x6b,
	0x6f, 0x77, 0x7b, 0x84, 0x6d, 0x79, 0x7d, 0x8a, 0x8d, 0x9e, 0x9c, 0x97,
	0x61, 0x71, 0x79, 0x73, 0x70, 0x65, 0x6d, 0x70, 0x7a, 0x79, 0x77, 0x7f,
	0x83, 0x8a, 0x8d, 0x99, 0x9e, 0x9d, 0x66, 0x6b, 0x6c, 0x7d, 0x8e, 0x96,
	0x93, 0x8c, 0x6c, 0x79, 0x79, 0x7e, 0x7d, 0x72, 0x73, 0x7c, 0x75, 0x6c,
	0x5c, 0x95, 0x94, 0x91, 0x7c, 0x83, 0x87, 0x88, 0x7f, 0x8a, 0x7e, 0x6f,
	0x6a, 0x74, 0x7b, 0x7e, 0x85, 0x76, 0x72, 0x70, 0x6d, 0x78, 0x74, 0x82,
	0x88, 0x89, 0x8a, 0x79, 0x78, 0x6f, 0x6c, 0x71, 0x7c, 0x86, 0x85, 0x81,
	0x78, 0x79, 0x78, 0x7b, 0x78, 0x85, 0x82, 0x87, 0x93, 0x8a, 0x84, 0x84,
	0x89, 0x82, 0x7b, 0x81, 0x7d, 0x66, 0x6a, 0x6b, 0x73, 0x76, 0x79, 0x7c,
	0x8b, 0x7d, 0x75, 0x79, 0x79, 0x77, 0x73, 0x86, 0x83, 0x72, 0x67, 0x72,
	0x78, 0x70, 0x72, 0x7a, 0x7d, 0x7a, 0x7a, 0x7a, 0x7d, 0x80, 0x87, 0x88,
	0x82, 0x75, 0x7a, 0x7b, 0x88, 0x82, 0x81, 0x8a, 0x83, 0x7b, 0x6e, 0x66,
	0x70, 0x70, 0x6a, 0x66, 0x6c, 0x79, 0x7d, 0x86, 0x7b, 0x7a, 0x86, 0x90,
	0x86, 0x84, 0x82, 0x7e, 0x6b, 0x6d, 0x65, 0x6a, 0x63, 0x66, 0x6f, 0x78,
	0x6c, 0x68, 0x71, 0x76, 0x6b, 0x7c, 0x7e, 0x7b, 0x7b, 0x76, 0x7c, 0x79,
	0x76, 0x73, 0x72, 0x68, 0x87, 0x89, 0x83, 0x7d, 0x87, 0x8c, 0x80, 0x7b,
	0x78, 0x7e, 0x76, 0x7b, 0x73, 0x63, 0x6d, 0x70, 0x71, 0x77, 0x6f, 0x76,
	0x68, 0x68, 0x73, 0x74, 0x77, 0x75, 0x6c, 0x83, 0x81, 0x81, 0x69, 0x61,
	0x71, 0x7a, 0x7c, 0x56, 0x62, 0x81, 0x7a, 0x67, 0x74, 0x70, 0x6e, 0x73,
	0x6c, 0x87, 0x7f, 0x94, 0x90, 0x76, 0x67, 0x6f, 0x73, 0x76, 0x6b, 0x68,
	0x5e, 0x66, 0x6e, 0x7b, 0x78, 0x5c, 0x67, 0x70, 0x74, 0x6f, 0x6e, 0x6f,
	0x7a, 0x6d, 0x7d, 0x6a, 0x7a, 0x7c, 0x7c, 0x87, 0x7d, 0x7f, 0x70, 0x70,
	0x89, 0x92, 0x8f, 0x8e, 0x80, 0x5b, 0x69, 0x6e, 0x90, 0x8e, 0x8f, 0x8c,
	0x88, 0x6a, 0x6b, 0x6b, 0x82, 0x83, 0x7d, 0x88, 0x81, 0x6a, 0x71, 0x74,
	0x7d, 0x70, 0x8f, 0x93, 0x95, 0x8f, 0x7c, 0x52, 0x6b, 0x71, 0x7e, 0x84,
	0x7e, 0x80, 0x80, 0x77, 0x6e, 0x75, 0x80, 0x86, 0x85, 0x81, 0x7f, 0x68,
	0x6b, 0x6f, 0x90, 0x8f, 0x89, 0x86, 0x83, 0x72, 0x5e, 0x68, 0x7c, 0x7f,
	0x6a, 0x86, 0x8a, 0x87, 0x85, 0x82, 0x7d, 0x7b, 0x91, 0x9a, 0x5e, 0x66,
	0x79, 0x79, 0x82, 0x82, 0xa8, 0x71, 0x33, 0x62, 0x89, 0x81, 0x79, 0x7a,
	0x9a, 0x88, 0x89, 0x78, 0x7a, 0x77, 0x7f, 0x87, 0x85, 0x82, 0x93, 0x85,
	0x4b, 0x6a, 0x7f, 0x86, 0x88, 0x7c, 0x7e, 0x8f, 0x89, 0x86, 0x80, 0x85,
	0x86, 0x7d, 0x9f, 0x98, 0x77, 0x73, 0x7b, 0x7d, 0x7d, 0x86, 0x8a, 0x67,
	0x39, 0x4c, 0x7f, 0x8a, 0x89, 0x87, 0x7e, 0x8d, 0x79, 0x87, 0x89, 0x83,
	0x7f, 0x7a, 0x74, 0x7f, 0x78, 0x76, 0x6b, 0x5a, 0x56, 0x62, 0x62, 0x6d,
	0x74, 0x69, 0x6d, 0x65, 0x6c, 0x7a, 0x89, 0x88, 0x85, 0x76, 0x79, 0x87,
	0x88, 0x84, 0x8a, 0x8e, 0x8e, 0x7f, 0x78, 0x6d, 0x63, 0x5b, 0x5c, 0x5e,
	0x69, 0x7d, 0x81, 0x7d, 0x7b, 0x78, 0x7c, 0x79, 0x7e, 0x83, 0x82, 0x7b,
	0x87, 0x87, 0x86, 0x85, 0x7c, 0x86, 0x7f, 0x6f, 0x7a, 0x76, 0x7a, 0x96,
	0x9b, 0x96, 0x8c, 0x82, 0x83, 0x85, 0x7f, 0x85, 0x81, 0x80, 0x82, 0x6d,
	0x7d, 0x6a, 0x77, 0x7e, 0x77, 0x75, 0x69, 0x68, 0x62, 0x6f, 0x6d, 0x6d,
	0x6e, 0x7d, 0x86, 0x88, 0x90, 0x7d, 0x7c, 0x75, 0x77, 0x74, 0x75, 0x6a,
	0x75, 0x70, 0x8a, 0x8e, 0x7d, 0x70, 0x73, 0x6f, 0x72, 0x73, 0x69, 0x6c,
	0x75, 0x7d, 0x7d, 0x7e, 0x7a, 0x80, 0x74, 0x75, 0x78, 0x79, 0x7d, 0x77,
	0x6e, 0x71, 0x70, 0x71, 0x74, 0x79, 0x7f, 0x88, 0x8e, 0x89, 0x91, 0xa7,
	0x84, 0x85, 0x8e, 0x65, 0x74, 0x83, 0x7f, 0x6f, 0x74, 0x79, 0x6e, 0x87,
	0x76, 0x6c, 0x65, 0x7a, 0x7b, 0x8d, 0x83, 0x69, 0x69, 0x68, 0x6e, 0x7c,
	0x8a, 0x85, 0x86, 0x7c, 0x74, 0x6f, 0x6e, 0x77, 0x77, 0x78, 0x7e, 0x58,
	0x66, 0x7e, 0x81, 0x75, 0x70, 0x85, 0x82, 0x85, 0x7e, 0x6e, 0x67, 0x7c,
	0x7f, 0x77, 0x7c, 0x78, 0x7e, 0x80, 0x79, 0x67, 0x69, 0x7a, 0x7d, 0x84,
	0x84, 0x77, 0x72, 0x72, 0x6b, 0x69, 0x69, 0x7e, 0x86, 0x87, 0x6c, 0x64,
	0x7d, 0x83, 0x81, 0x7e, 0x79, 0x73, 0x7c, 0x7d, 0x79, 0x81, 0x89, 0x8e,
	0x8b, 0x99, 0x98, 0x96, 0x8e, 0x7f, 0x78, 0x7e, 0x88, 0x82, 0x7b, 0x6e,
	0x79, 0x77, 0x7f, 0x7d, 0x7b, 0x7f, 0x86, 0x90, 0x6b, 0x75, 0x80, 0x87,
	0x8a, 0x8a, 0x8f, 0x93, 0x9c, 0x8c, 0x7b, 0x79, 0x7f, 0x7a, 0x71, 0x78,
	0x7e, 0x8d, 0x75, 0x74, 0x74, 0x79, 0x8c, 0x8f, 0x8d, 0x89, 0x77, 0x7a,
	0x80, 0x7a, 0x68, 0x56, 0x4a, 0x58, 0x89, 0x72, 0x7f, 0x82, 0x7f, 0x83,
	0x7f, 0x84, 0x84, 0x89, 0x7e, 0x7f, 0x82, 0x87, 0x86, 0x82, 0x7b, 0x7a,
	0x7b, 0x71, 0x69, 0x65, 0x76, 0x79, 0x89, 0x8a, 0x8e, 0x7a, 0x83, 0x7f,
	0x82, 0x83, 0x85, 0x7f, 0x88, 0x5c, 0x65, 0x7c, 0x7a, 0x73, 0x74, 0x70,
	0x73, 0x81, 0x7d, 0x80, 0x81, 0x85, 0x83, 0x85, 0x84, 0x7c, 0x80, 0x7c,
	0x7f, 0x79, 0x83, 0x86, 0x86, 0x84, 0x85, 0x61, 0x72, 0x85, 0x84, 0xa9,
	0xa9, 0xa6, 0xae, 0x86, 0x70, 0x85, 0x7d, 0x7b, 0x80, 0x89, 0x8d, 0x82,
	0x87, 0x75, 0x87, 0x86, 0x8a, 0x8c, 0x79, 0x68, 0x6a, 0x6a, 0x87, 0x85,
	0x6c, 0x4c, 0x5c, 0x6d, 0x66, 0x6c, 0x6c, 0x81, 0x88, 0x93, 0x88, 0x85,
	0x83, 0x6e, 0x74, 0x8e, 0x81, 0x82, 0x89, 0x79, 0x52, 0x5a, 0x5d, 0x64,
	0x81, 0x79, 0x8b, 0x8c, 0x8a, 0x83, 0x84, 0x6e, 0x84, 0x85, 0x8e, 0x8d,
	0x86, 0x83, 0x6f, 0x68, 0x6c, 0x5f, 0x55, 0x58, 0x66, 0x6b, 0x6b, 0x6a,
	0x6c, 0x67, 0x6a, 0x69, 0x72, 0x67, 0x62, 0x76, 0x62, 0x79, 0x87, 0x8e,
	0x88, 0x7e, 0x6f, 0x6a, 0x70, 0x75, 0x76, 0x7f, 0x7f, 0x7e, 0x6f, 0x71,
	0x88, 0x93, 0x93, 0x93, 0x8a, 0x7f, 0x5c, 0x5b, 0x62, 0x71, 0x66, 0x76,
	0x82, 0x86, 0x88, 0x84, 0x69, 0x70, 0x84, 0x91, 0x8e, 0x88, 0x82, 0x75,
	0x5c, 0x69, 0x7b, 0x90, 0x89, 0x87, 0x86, 0x87, 0x6c, 0x64, 0x89, 0x91,
	0x7b, 0x62, 0x63, 0x5d, 0x62, 0x5d, 0x55, 0x58, 0x63, 0x69, 0x71, 0x73,
	0x78, 0x70, 0x73, 0x86, 0x7a, 0x80, 0x81, 0x81, 0x88, 0x81, 0x84, 0x83,
	0x86, 0x77, 0x75, 0x73, 0x74, 0x75, 0x68, 0x62, 0x6c, 0x80, 0x83, 0x71,
	0x8b, 0x89, 0x72, 0x7f, 0x82, 0x86, 0x81, 0x6b, 0x75, 0x68, 0x66, 0x71,
	0x64, 0x5f, 0x5a, 0x71, 0x70, 0x6a, 0x6a, 0x6b, 0x65, 0x78, 0x6d, 0x79,
	0x86, 0xad, 0x83, 0x92, 0x8a, 0x8d, 0x8a, 0x84, 0x80, 0x87, 0x86, 0x86,
	0x94, 0x96, 0x9b, 0x9d, 0x99, 0x90, 0x86, 0x8d, 0x89, 0x93, 0x8f, 0x88,
	0x86, 0x86, 0x76, 0x6f, 0x68, 0x67, 0x63, 0x5c, 0x65, 0x6b, 0x77, 0x8f,
	0x89, 0x87, 0x8e, 0x8e, 0x91, 0x92, 0x8d, 0x95, 0x7b, 0x76, 0x85, 0x89,
	0x89, 0x88, 0x87, 0x87, 0x78, 0x7b, 0x7f, 0x80, 0x88, 0x85, 0x84, 0x7b,
	0x75, 0x81, 0x8b, 0x70, 0x85, 0x93, 0x93, 0x96, 0x8f, 0x81, 0x7f, 0x86,
	0x70, 0x74, 0x8e, 0x96, 0x97, 0x8c, 0x82, 0x87, 0x81, 0x68, 0x82, 0x89,
	0x90, 0x7e, 0x8e, 0x65, 0x74, 0x8e, 0xa4, 0xa2, 0x9c, 0x9a, 0x8e, 0x83,
	0x7d, 0x85, 0x79, 0x79, 0x8f, 0x83, 0x88, 0x84, 0x7f, 0x69, 0x86, 0x8d,
	0x91, 0x90, 0x93, 0x8f, 0x85, 0x78, 0x62, 0x79, 0x99, 0x9b, 0x98, 0x8f,
	0x84, 0x87, 0x81, 0x79, 0x76, 0x6b, 0x7e, 0x82, 0x7a, 0x7c, 0x7e, 0x81,
	0x60, 0x69, 0x73, 0x6c, 0x6f, 0x7a, 0x73, 0x6f, 0x79, 0x78, 0x81, 0x8e,
	0x78, 0x7d, 0x78, 0x6d, 0x6c, 0x6e, 0x74, 0x74, 0x77, 0x79, 0x74, 0x6e,
	0x7d, 0x7b, 0x66, 0x73, 0x81, 0x72, 0x62, 0x71, 0x6e, 0x6b, 0x72, 0x6d,
	0x76, 0x75, 0x82, 0x84, 0x82, 0x73, 0x63, 0x65, 0x62, 0x63, 0x71, 0x73,
	0x71, 0x73, 0xae, 0xb1, 0xaa, 0x88, 0x8f, 0x8a, 0x8d, 0x92, 0x91, 0x8a,
	0x92, 0x7d, 0x79, 0x7c, 0x88, 0x98, 0x9b, 0x93, 0x93, 0x84, 0x80, 0x83,
	0x7f, 0x83, 0x84, 0x86, 0x8b, 0x7b, 0x7d, 0x8a, 0x8e, 0x9a, 0x98, 0x8e,
	0x98, 0x79, 0x58, 0x83, 0x77, 0x7d, 0x80, 0x8c, 0x8f, 0x90, 0x8d, 0x84,
	0x83, 0x81, 0x84, 0x84, 0x8d, 0x89, 0x91, 0x82, 0x7f, 0x8e, 0x9e, 0x9d,
	0x9f, 0x99, 0x90, 0x6b, 0x65, 0x76, 0x69, 0x7a, 0x89, 0x97, 0x9f, 0xa2,
	0x9b, 0x7a, 0x80, 0x80, 0x81, 0x87, 0x7b, 0x7e, 0x8d, 0x9d, 0x7f, 0x82,
	0x7f, 0x83, 0x83, 0x85, 0x77, 0x8f, 0x83, 0x87, 0x7c, 0x79, 0x86, 0xad,
	0x9d, 0x9c, 0x82, 0x89, 0x81, 0x81, 0x81, 0x83, 0x7f, 0x7d, 0x86, 0x92,
	0x81, 0x83, 0x7d, 0x88, 0x9a, 0xa8, 0x96, 0xa2, 0x7a, 0x85, 0x82, 0x74,
	0x68, 0x73, 0x92, 0x96, 0x75, 0x75, 0x8e, 0x8d, 0x8c, 0x89, 0x84, 0x7e,
	0x7d, 0x84, 0x5d, 0x7f, 0x7b, 0x83, 0x83, 0x83, 0x83, 0x7f, 0x64, 0x43,
	0x3f, 0x45, 0x40, 0x57, 0x6f, 0x75, 0x7a, 0x85, 0x8d, 0x8b, 0x90, 0x89,
	0x80, 0x80, 0x99, 0x8f, 0x53, 0x5b, 0x53, 0x58, 0x79, 0x7e, 0x77, 0x7d,
	0x88, 0x8b, 0x8e, 0x8c, 0x89, 0x86, 0x7d, 0x7c, 0x75, 0x81, 0x8b, 0x8b,
	0x8e, 0x8d, 0x88, 0x7f, 0x6e, 0x7a, 0x91, 0x79, 0x7f, 0x81, 0x83, 0x7d,
	0x80, 0x7e, 0x7b, 0x7f, 0x80, 0x75, 0x72, 0x6d, 0x6a, 0x73, 0x8a, 0xa4,
	0xa8, 0xa5, 0x91, 0x9e, 0xa0, 0xa0, 0x9d, 0x80, 0x80, 0x7e, 0x83, 0x7f,
	0x83, 0x7f, 0x7d, 0x90, 0x83, 0x68, 0x6c, 0x80, 0x79, 0x6a, 0x6b, 0x73,
	0x70, 0x83, 0x83, 0x83, 0x82, 0x7d, 0x77, 0x7c, 0x7f, 0x7b, 0x7e, 0x7d,
	0x82, 0x8c, 0x87, 0x81, 0x79, 0x64, 0x6a, 0x60, 0x87, 0x8d, 0x83, 0x81,
	0x7d, 0x7f, 0x7b, 0x7f, 0x8a, 0x95, 0xae, 0xb1, 0xaa, 0xa3, 0x9e, 0x96,
	0x90, 0x8c, 0x94, 0x97, 0x9a, 0x96, 0x91, 0x92, 0x82, 0x7d, 0x79, 0x77,
	0x78, 0x7b, 0x81, 0x7a, 0x91, 0x78, 0x92, 0x9c, 0x9b, 0x9d, 0x9c, 0x97,
	0x94, 0x8d, 0x7d, 0x7b, 0x7c, 0x81, 0x7c, 0x7a, 0x79, 0x7c, 0x76, 0x7c,
	0x82, 0x8f, 0x97, 0x9b, 0x91, 0x85, 0x69, 0x85, 0xa3, 0x79, 0x7e, 0x8a,
	0x88, 0x8f, 0x8a, 0x78, 0x67, 0x6e, 0x7b, 0x78, 0x73, 0x79, 0x6f, 0x6a,
	0x6b, 0x4f, 0x56, 0x45, 0x52, 0x5a, 0x46, 0x62, 0x68, 0x75, 0x74, 0x7e,
	0x88, 0x80, 0x6e, 0x61, 0x63, 0x7f, 0x78, 0x65, 0x76, 0x82, 0x88, 0x87,
	0x72, 0x63, 0x71, 0x76, 0x75, 0x85, 0x87, 0x83, 0x79, 0x58, 0x63, 0x76,
	0x7a, 0x81, 0x7e, 0x78, 0x77, 0x65, 0x6c, 0x6b, 0x60, 0x5d, 0x7b, 0x80,
	0x84, 0x74, 0x7e, 0x7e, 0x7e, 0x84, 0x6f, 0x5a, 0x48, 0x44, 0x54, 0x5c,
	0x6a, 0x77, 0xae, 0xa9, 0x8d, 0x76, 0x74, 0x74, 0x73, 0x72, 0x86, 0x84,
	0x82, 0x89, 0x84, 0x77, 0x80, 0x7d, 0x9a, 0x87, 0x81, 0x7e, 0x6c, 0x66,
	0x75, 0x75, 0x75, 0x77, 0x85, 0x80, 0x90, 0x8b, 0x82, 0x82, 0x7f, 0x81,
	0x86, 0x83, 0x8b, 0x7a, 0x68, 0x6e, 0x6c, 0x77, 0x96, 0x92, 0x84, 0x7a,
	0x7d, 0x7e, 0x76, 0x74, 0x7d, 0x83, 0x89, 0x82, 0x78, 0x83, 0x96, 0xa2,
	0xa7, 0x9e, 0x96, 0x6e, 0x7a, 0x91, 0x91, 0x9d, 0x97, 0x95, 0x9d, 0x7b,
	0x7a, 0x73, 0x6f, 0x7d, 0x97, 0x99, 0x8f, 0x7b, 0x85, 0x6f, 0x81, 0x87,
	0x94, 0x97, 0x93, 0x92, 0x97, 0x7a, 0x7b, 0x76, 0x75, 0x7d, 0x88, 0x86,
	0x83, 0x7b, 0x85, 0x7f, 0x85, 0x9e, 0xa6, 0x9b, 0x92, 0x7c, 0x7b, 0x80,
	0x80, 0x86, 0x84, 0x81, 0x6d, 0x64, 0x69, 0x6d, 0x89, 0x89, 0x8f, 0x8d,
	0x86, 0x7c, 0x71, 0x79, 0x69, 0x77, 0x67, 0x60, 0x5d, 0x64, 0x6a, 0x60,
	0x76, 0x6f, 0x6d, 0x7a, 0x7f, 0x83, 0x85, 0x82, 0x78, 0x74, 0x83, 0x82,
	0x82, 0x7a, 0x7c, 0x7b, 0x74, 0x75, 0x67, 0x5b, 0x50, 0x58, 0x65, 0x71,
	0x77, 0x83, 0x8d, 0x91, 0x93, 0x90, 0x83, 0x7b, 0x7c, 0x7a, 0x77, 0x77,
	0x80, 0x70, 0x6b, 0x6d, 0x79, 0x76, 0x7a, 0x74, 0x76, 0x84, 0x8a, 0x88,
	0x91, 0x78, 0x62, 0x7a, 0x88, 0x88, 0x8b, 0x70, 0x56, 0x6e, 0x85, 0x71,
	0x66, 0x7a, 0x7c, 0x7d, 0x85, 0x90, 0x8d, 0x77, 0x51, 0x5b, 0x82, 0x84,
	0x87, 0x90, 0x71, 0x53, 0x78, 0x79, 0x66, 0x75, 0x7f, 0x81, 0x83, 0x7e,
	0x82, 0x8d, 0x72, 0x84, 0x86, 0x8b, 0x88, 0x86, 0x75, 0x94, 0x8c, 0x8a,
	0x6d, 0x5f, 0x70, 0x80, 0x88, 0x8c, 0x78, 0x7d, 0x6f, 0x69, 0x85, 0xa3,
	0xae, 0xd6, 0x5b, 0x7c, 0x77, 0x7d, 0x85, 0x84, 0x7d, 0x6e, 0x7d, 0x7d,
	0x80, 0x7e, 0x7d, 0x81, 0x83, 0x83, 0x85, 0x7d, 0x77, 0x7b, 0x86, 0x8c,
	0x88, 0x89, 0x6f, 0x77, 0x6a, 0x7e, 0x78, 0x7f, 0x78, 0x7d, 0x84, 0x7c,
	0x72, 0x72, 0x77, 0x73, 0x82, 0x89, 0x7b, 0x82, 0x89, 0x7e, 0x79, 0x7f,
	0x87, 0x85, 0x80, 0x75, 0x86, 0x7d, 0x81, 0x7e, 0x79, 0x7d, 0x7e, 0x92,
	0x93, 0x8b, 0x65, 0x70, 0x7b, 0x79, 0x81, 0x83, 0x8e, 0x87, 0x85, 0x8d,
	0x8b, 0x85, 0x7f, 0x76, 0x7f, 0x6c, 0x9a, 0x87, 0x7e, 0x84, 0x76, 0x71,
	0x7a, 0x82, 0x67, 0x63, 0x6a, 0x75, 0x73, 0x76, 0x7c, 0x75, 0x73, 0x6b,
	0x8f, 0x8f, 0x8a, 0x8a, 0x80, 0x73, 0x75, 0x72, 0x6b, 0x60, 0x5d, 0x6a,
	0x61, 0x61, 0x70, 0x89, 0x6d, 0x7c, 0x83, 0x86, 0x77, 0x75, 0x7d, 0x7d,
	0x8b, 0x7d, 0x73, 0x63, 0x77, 0x72, 0x77, 0x76, 0x7f, 0x7c, 0x76, 0x78,
	0x84, 0x94, 0x9a, 0x87, 0x7d, 0x82, 0x6b, 0x61, 0x72, 0x7f, 0x7f, 0x7f,
	0x8b, 0x79, 0x6c, 0x6d, 0x85, 0x85, 0x7b, 0x85, 0x98, 0x84, 0x72, 0x5e,
	0x79, 0x90, 0x93, 0x7e, 0x96, 0x92, 0x94, 0x79, 0x72, 0x64, 0x7e, 0x83,
	0x78, 0x80, 0x86, 0x81, 0x73, 0x66, 0x80, 0x93, 0x96, 0x92, 0x83, 0x8a,
	0x74, 0x6a, 0x71, 0x7e, 0x7e, 0x7d, 0x7b, 0x6a, 0x6c, 0x77, 0x84, 0x89,
	0x81, 0x82, 0x74, 0x7b, 0x77, 0x7d, 0x84, 0x89, 0x84, 0x87, 0x81, 0x73,
	0x88, 0x85, 0x8b, 0x87, 0x8c, 0x79, 0x46, 0x6d, 0x73, 0x77, 0x7f, 0x7d,
	0x7b, 0x5d, 0x76, 0x8b, 0x83, 0x7a, 0x7c, 0x7c, 0x7b, 0x80, 0x65, 0x89,
	0x8b, 0x84, 0x83, 0x84, 0x83, 0x82, 0x8e, 0x70, 0x5a, 0x92, 0x84, 0x83,
	0x81, 0x81, 0x7f, 0x7a, 0x75, 0x96, 0x81, 0x86, 0x7e, 0x86, 0x8a, 0x7d,
	0x45, 0x96, 0x81, 0x77, 0x70, 0x78, 0x74, 0x5d, 0x7e, 0x81, 0x81, 0x89,
	0x7d, 0x7e, 0x82, 0x89, 0x92, 0x92, 0x74, 0x6f, 0x75, 0x77, 0x74, 0x73,
	0x7a, 0x6d, 0x74, 0x72, 0x81, 0x76, 0x74, 0x73, 0x71, 0x68, 0x8c, 0x84,
	0x70, 0x7a, 0x7d, 0x83, 0x89, 0x80, 0x90, 0x8c, 0x7f, 0x6f, 0x7b, 0x76,
	0x72, 0x7a, 0x78, 0x6b, 0x8b, 0x7c, 0x6c, 0x73, 0x8c, 0x84, 0x94, 0x8f,
	0x83, 0x72, 0x77, 0x77, 0x79, 0x79, 0x7a, 0x7e, 0x7c, 0x74, 0x71, 0x75,
	0x6d, 0x79, 0x75, 0x77, 0x80, 0x83, 0x51, 0x5b, 0x71, 0x79, 0x7f, 0x84,
	0x88, 0x80, 0x55, 0x64, 0x8a, 0x8c, 0x94, 0x8c, 0x78, 0x93, 0x5b, 0x81,
	0x88, 0x89, 0x84, 0x7d, 0x7c, 0x7c, 0x60, 0x54, 0x7c, 0x8d, 0x8d, 0x84,
	0x87, 0x86, 0x85, 0x8d, 0x52, 0x7c, 0x87, 0x90, 0x8e, 0x7f, 0x7a, 0x6c,
	0x66, 0x5c, 0x79, 0x87, 0x86, 0x88, 0x89, 0x58, 0x5a, 0x58, 0x84, 0x90,
	0x94, 0x8b, 0x7a, 0x85, 0x77, 0x7d, 0x85, 0x83, 0x81, 0x7f, 0x7e, 0x8a,
	0x8f, 0x82, 0x80, 0x85, 0x7e, 0x79, 0x7e, 0x6b, 0x97, 0x89, 0x85, 0x85,
	0x75, 0x6b, 0x67, 0x6b, 0x83, 0x88, 0x8f, 0x93, 0x8b, 0x89, 0x6f, 0x5e,
	0x88, 0x76, 0x69, 0x5c, 0x68, 0x68, 0x6f, 0x72, 0x7a, 0x73, 0x74, 0x88,
	0x86, 0x88, 0x87, 0x74, 0x6c, 0x5e, 0x80, 0x6e, 0x68, 0x65, 0x6f, 0x77,
	0x6a, 0x6f, 0x78, 0x80, 0x85, 0x79, 0x67, 0x6a, 0x70, 0x6c, 0x7c, 0x7d,
	0x86, 0x8b, 0x8f, 0x87, 0x7a, 0x69, 0x91, 0x91, 0x7c, 0x79, 0x70, 0x6a,
	0x67, 0x6c, 0x72, 0x87, 0x73, 0x68, 0x65, 0x72, 0x8d, 0x8a, 0x87, 0x78,
	0x75, 0x7e, 0x7b, 0x83, 0x8a, 0x7d, 0x77, 0x78, 0x73, 0x78, 0x6d, 0x6a,
	0x75, 0x85, 0x81, 0x77, 0x75, 0x7f, 0x74, 0x69, 0x80, 0x80, 0x89, 0x8f,
	0x81, 0x5d, 0x7a, 0x76, 0x71, 0x6e, 0x6c, 0x79, 0x82, 0x65, 0x75, 0x73,
	0x6b, 0x63, 0x81, 0x90, 0x88, 0x6f, 0x78, 0x83, 0x85, 0x82, 0x7e, 0x6f,
	0x76, 0x6c, 0x73, 0x7f, 0x76, 0x72, 0x63, 0x6c, 0x77, 0x79, 0x7b, 0x8d,
	0x92, 0x9b, 0x9a, 0x96, 0x92, 0x94, 0x83, 0x86, 0x87, 0x86, 0x8f, 0x8a,
	0x8d, 0x8f, 0x5f, 0x89, 0x82, 0x8b, 0x88, 0x8c, 0x84, 0x83, 0x73, 0x7b,
	0x78, 0x8b, 0x8e, 0x98, 0x9d, 0x9d, 0x93, 0x98, 0x88, 0x86, 0x7d, 0x72,
	0x76, 0x79, 0x71, 0x75, 0x86, 0x8e, 0x86, 0x93, 0x98, 0x94, 0x8e, 0x8c,
	0x7c, 0x81, 0x83, 0x7e, 0x83, 0x84, 0x88, 0x7c, 0x6d, 0x68, 0x84, 0x7d,
	0x7b, 0x70, 0x6f, 0x6f, 0x75, 0x94, 0x74, 0x73, 0x74, 0x7f, 0x80, 0x7a,
	0x71, 0x74, 0x99, 0x89, 0x8b, 0x84, 0x7c, 0x8d, 0x74, 0x63, 0x5c, 0x6b,
	0x77, 0x73, 0x7e, 0x73, 0x6d, 0x67, 0x6b, 0x76, 0x8b, 0x82, 0x75, 0x6b,
	0x76, 0x6b, 0x6e, 0x8e, 0x6c, 0x74, 0x78, 0x74, 0x7b, 0x7a, 0x70, 0x86,
	0x59, 0x6a, 0x74, 0x84, 0x7d, 0x7d, 0x6d, 0x59, 0x99, 0xa0, 0x97, 0x8b,
	0x92, 0x90, 0x8d, 0x55, 0x91, 0x77, 0x78, 0x7f, 0x88, 0x8c, 0x96, 0x8a,
	0x83, 0x7e, 0x7f, 0x74, 0x72, 0x8d, 0x9e, 0x8e, 0x7d, 0x81, 0x81, 0x7e,
	0x76, 0x8c, 0x91, 0x8c, 0x7d, 0x7d, 0x79, 0x78, 0x70, 0x92, 0x97, 0xa3,
	0x8a, 0x6b, 0x76, 0x7c, 0x76, 0x7d, 0x74, 0x8b, 0x94, 0x8e, 0x85, 0x80,
	0x77, 0x76, 0x7c, 0x89, 0x96, 0x96, 0x7e, 0x81, 0x81, 0x74, 0x69, 0x92,
	0x9b, 0x99, 0x76, 0x7c, 0x7a, 0x77, 0x82, 0x7f, 0x90, 0x8c, 0x78, 0x7a,
	0x7f, 0x83, 0x81, 0x7b, 0x82, 0x81, 0x85, 0x83, 0x98, 0xa1, 0x9f, 0x83,
	0x80, 0x83, 0x83, 0x88, 0x93, 0x8d, 0x9b, 0x96, 0x89, 0x84, 0x81, 0x86,
	0x9a, 0x93, 0x83, 0x78, 0x84, 0x83, 0x81, 0x7a, 0x6b, 0x72, 0x99, 0x98,
	0xa5, 0x8c, 0x86, 0x85, 0x80, 0x6b, 0x8b, 0x8b, 0x88, 0x7c, 0x7f, 0x82,
	0x82, 0x79, 0x9d, 0xa3, 0x91, 0x7c, 0x7b, 0x84, 0x85, 0x74, 0x93, 0x88,
	0x8f, 0x99, 0x87, 0x85, 0x7b, 0x88, 0x8c, 0x85, 0x7c, 0x84, 0x87, 0x89,
	0x86, 0x74, 0x92, 0x74, 0x6b, 0x59, 0x3e, 0x3a, 0x52, 0x6f, 0x8c, 0x86,
	0x8a, 0x8f, 0x97, 0x84, 0x6d, 0x70, 0x8c, 0x7c, 0x82, 0x81, 0x85, 0x87,
	0x6c, 0x60, 0x7f, 0x74, 0x65, 0x85, 0x7d, 0x70, 0x6c, 0x71, 0x78, 0x75,
	0x75, 0x81, 0x81, 0x86, 0x85, 0x8d, 0x7d, 0x72, 0x81, 0x7b, 0x7a, 0x7e,
	0x7e, 0x61, 0x4b, 0x58, 0x6a, 0x8d, 0xa1, 0x9c, 0x97, 0x91, 0x8d, 0x85,
	0xd4, 0xc7, 0xac, 0xa0, 0x83, 0x77, 0x8e, 0x86, 0x71, 0x76, 0x7d, 0x86,
	0x88, 0x80, 0x78, 0x82, 0x96, 0x8e, 0x8b, 0x86, 0x7a, 0x73, 0x74, 0x77,
	0x75, 0x77, 0x64, 0x80, 0x82, 0x81, 0x84, 0x7f, 0x7c, 0x7e, 0x92, 0x7f,
	0x88, 0x87, 0x88, 0x7f, 0x89, 0x7d, 0x73, 0x77, 0x7e, 0x81, 0x7f, 0x82,
	0x80, 0x80, 0x71, 0x7b, 0x7a, 0x6d, 0x81, 0x96, 0x8f, 0x95, 0xa3, 0x91,
	0x91, 0x7d, 0x7e, 0x81, 0x83, 0x7e, 0x84, 0x7b, 0x77, 0x5f, 0x59, 0x5c,
	0x55, 0x47, 0x53, 0x64, 0x78, 0x84, 0x8c, 0x75, 0x7f, 0x79, 0x85, 0x86,
	0x82, 0x82, 0x7d, 0x46, 0x4e, 0x4c, 0x4e, 0x5d, 0x76, 0x81, 0x87, 0x76,
	0x70, 0x7b, 0x7f, 0x7a, 0x77, 0x70, 0x78, 0x6a, 0x7a, 0x60, 0x5f, 0x5d,
	0x5b, 0x4e, 0x56, 0x51, 0x61, 0x6a, 0x80, 0x7b, 0x7b, 0x87, 0x8b, 0x87,
	0x84, 0x86, 0x65, 0x6f, 0x63, 0x6f, 0x82, 0x83, 0x89, 0x88, 0x63, 0x61,
	0x81, 0x7e, 0x83, 0x83, 0x89, 0x85, 0x86, 0x7f, 0x65, 0x65, 0x5a, 0x52,
	0x68, 0x80, 0x8b, 0x7e, 0x75, 0x6c, 0x73, 0x7a, 0x84, 0x88, 0x88, 0x89,
	0x85, 0x8d, 0x7d, 0x53, 0x6e, 0x5f, 0x73, 0x71, 0x69, 0x67, 0x71, 0x76,
	0x72, 0x72, 0x7f, 0x7c, 0x7a, 0x6e, 0x6d, 0x8a, 0x83, 0x82, 0x8a, 0x88,
	0x83, 0x70, 0x63, 0x62, 0x81, 0x79, 0x75, 0x70, 0x73, 0x6d, 0x68, 0x5e,
	0x5c, 0x76, 0x78, 0x73, 0x7b, 0x78, 0x76, 0x74, 0x71, 0x7d, 0x81, 0x80,
	0x7e, 0x86, 0x87, 0x77, 0x68, 0x64, 0x5c, 0x65, 0x5e, 0x71, 0x85, 0x8a,
	0x90, 0x94, 0x6a, 0x4f, 0x84, 0x82, 0x7f, 0x7d, 0x7e, 0x76, 0x82, 0x8e,
	0x6d, 0x6c, 0x7b, 0x7f, 0x7b, 0x63, 0x55, 0x74, 0x46, 0x55, 0x8e, 0x88,
	0x81, 0x81, 0x81, 0x82, 0x88, 0x86, 0x6a, 0x77, 0x7e, 0x7b, 0x7b, 0x74,
	0x4d, 0x5d, 0x67, 0x6e, 0x6d, 0x7a, 0x73, 0x67, 0x6b, 0x76, 0x7e, 0x78,
	0x64, 0x80, 0x81, 0x78, 0x7b, 0x71, 0x5b, 0x53, 0x59, 0x7d, 0x86, 0x8f,
	0x8c, 0x92, 0x8e, 0x6f, 0x6b, 0x91, 0x90, 0x8f, 0x93, 0x84, 0x6e, 0x5b,
	0x57, 0x7c, 0x5b, 0x7d, 0x71, 0x82, 0x88, 0x94, 0x8e, 0x80, 0x76, 0x8d,
	0x8c, 0x8a, 0x7d, 0x85, 0x75, 0x56, 0x55, 0x83, 0x8f, 0x8b, 0x8c, 0x91,
	0x83, 0x60, 0x60, 0x65, 0x72, 0x6c, 0x8a, 0x6b, 0x76, 0x92, 0xa6, 0xb3,
	0xb4, 0xae, 0x6f, 0x78, 0x78, 0x7a, 0x73, 0x78, 0x8b, 0x83, 0x71, 0x7f,
	0x7e, 0x88, 0x81, 0x75, 0x54, 0x1e, 0x88, 0x7f, 0x7c, 0x84, 0x80, 0x83,
	0x85, 0x82, 0x88, 0x8a, 0x73, 0x70, 0x85, 0x89, 0x84, 0x7c, 0x80, 0x7f,
	0x70, 0x80, 0x76, 0x73, 0x65, 0x50, 0x4f, 0x38, 0x73, 0x90, 0x8b, 0x88,
	0x7b, 0x82, 0x7a, 0x76, 0xa1, 0x8d, 0x77, 0x67, 0x69, 0x79, 0x83, 0x86,
	0x96, 0x8d, 0x9a, 0x7a, 0x6b, 0x72, 0x73, 0x79, 0x7a, 0x8a, 0x79, 0x82,
	0x93, 0x72, 0x58, 0x74, 0x7a, 0x85, 0x85, 0x8e, 0x90, 0x86, 0x79, 0x79,
	0x76, 0x77, 0x95, 0x9c, 0x89, 0x5d, 0x5e, 0x6b, 0x75, 0x77, 0x6d, 0x79,
	0x6b, 0x65, 0x7c, 0x71, 0x74, 0x7a, 0x88, 0x8c, 0x87, 0x6b, 0x6b, 0x71,
	0x6f, 0x71, 0x79, 0x7f, 0x74, 0x76, 0x68, 0x70, 0x7e, 0x85, 0x8d, 0x8c,
	0x91, 0x76, 0x7d, 0x65, 0x5e, 0x56, 0x58, 0x45, 0x46, 0x46, 0x54, 0x61,
	0x6b, 0x72, 0x78, 0x7d, 0x90, 0x92, 0x8c, 0x89, 0x76, 0x60, 0x79, 0x77,
	0x81, 0x8c, 0x8a, 0x67, 0x69, 0x6b, 0x75, 0x73, 0x67, 0x63, 0x52, 0x67,
	0x6d, 0x67, 0x92, 0x95, 0x91, 0x7e, 0x79, 0x6c, 0x6a, 0x71, 0x6a, 0x68,
	0x65, 0x6e, 0x6c, 0x78, 0x7f, 0x84, 0x74, 0x71, 0x92, 0x8d, 0x7a, 0x6e,
	0x73, 0x6e, 0x68, 0x74, 0x81, 0x70, 0x5f, 0x5b, 0x60, 0x62, 0x73, 0x76,
	0x7b, 0x90, 0x86, 0x86, 0x77, 0x74, 0x7e, 0x7c, 0x66, 0x7f, 0x84, 0x75,
	0x77, 0x7f, 0x82, 0x80, 0x81, 0x82, 0x81, 0x83, 0xa1, 0xa2, 0x98, 0x90,
	0x87, 0x8c, 0x8b, 0x80, 0x7f, 0x75, 0x71, 0x7f, 0x83, 0x8a, 0x84, 0x83,
	0x7f, 0xa7, 0xa4, 0xaa, 0xa5, 0xaa, 0xaa, 0x9c, 0x96, 0x80, 0x79, 0x7c,
	0x82, 0x85, 0x7d, 0x81, 0x7e, 0x82, 0x68, 0x71, 0x7b, 0x7a, 0x79, 0x7d,
	0x8c, 0x7b, 0x5a, 0x67, 0x85, 0x81, 0x7d, 0x7e, 0x7a, 0x84, 0x8c, 0x89,
	0x7a, 0x60, 0x5e, 0x67, 0x6c, 0x66, 0x69, 0x77, 0x7f, 0x80, 0x6f, 0x74,
	0x79, 0x7d, 0x7d, 0x7e, 0x78, 0x78, 0x59, 0x57, 0x67, 0x65, 0x64, 0x63,
	0x58, 0x5d, 0x87, 0x82, 0x7a, 0x7b, 0x72, 0x83, 0x85, 0x8c, 0x71, 0x68,
	0x52, 0x68, 0x72, 0x65, 0x68, 0x6a, 0x73, 0x83, 0x83, 0x7a, 0x82, 0x8d,
	0x8d, 0x7d, 0x6e, 0x61, 0x69, 0x8a, 0x85, 0x81, 0x86, 0x85, 0x8d, 0x7d,
	0x63, 0x71, 0x60, 0x57, 0x59, 0x78, 0x8a, 0x83, 0x81, 0x6f, 0x66, 0x79,
	0x82, 0x7c, 0x6d, 0x62, 0x52, 0x47, 0x4d, 0x78, 0x65, 0x63, 0x61, 0x5a,
	0x63, 0x7d, 0x82, 0x82, 0x8c, 0x85, 0x88, 0x87, 0x85, 0x8c, 0x90, 0x97,
	0x75, 0x77, 0x8a, 0x8c, 0x87, 0x7b, 0x77, 0x78, 0x77, 0x65, 0x77, 0x5e,
	0x4e, 0x5f, 0x65, 0x6b, 0x68, 0x6e, 0x81, 0x80, 0x75, 0x55, 0x5f, 0x5f,
	0x63, 0x66, 0x71, 0x71, 0x6d, 0x64, 0x5c, 0x65, 0x6a, 0x6f, 0x6f, 0x6a,
	0x82, 0x82, 0x80, 0x75, 0x6a, 0x63, 0x61, 0x62, 0x7a, 0x78, 0x4b, 0x55,
	0x5c, 0x63, 0x65, 0x6c, 0xb1, 0x96, 0x97, 0x9e, 0x98, 0x92, 0x69, 0x73,
	0x80, 0x7e, 0x7d, 0x7b, 0x5f, 0x61, 0x76, 0x8a, 0x88, 0x86, 0x82, 0x85,
	0x85, 0x82, 0x7e, 0x78, 0x57, 0x54, 0x52, 0x5b, 0x69, 0x7b, 0x95, 0xa2,
	0x93, 0x92, 0x8e, 0x8f, 0x69, 0x80, 0x81, 0x80, 0x7a, 0x81, 0x47, 0x3d,
	0x46, 0x55, 0x71, 0x77, 0x64, 0x59, 0x58, 0x61, 0x70, 0x68, 0x80, 0x7f,
	0x61, 0x66, 0x6e, 0x6b, 0x71, 0x6f, 0x60, 0x6b, 0x6a, 0x6e, 0x8b, 0x80,
	0x78, 0x78, 0x77, 0x6f, 0x86, 0x7c, 0x5b, 0x65, 0x68, 0x69, 0x83, 0x6b,
	0x5f, 0x67, 0x6f, 0x64, 0x87, 0x87, 0x7b, 0x72, 0x74, 0x6e, 0x7d, 0x70,
	0x57, 0x64, 0x6d, 0x71, 0x8c, 0x88, 0x76, 0x76, 0x6a, 0x65, 0x72, 0x6c,
	0x88, 0x7f, 0x79, 0x75, 0x76, 0x7b, 0x9d, 0x90, 0x89, 0x88, 0x81, 0x82,
	0x45, 0x60, 0x6f, 0x7d, 0x72, 0x7d, 0x8f, 0x8c, 0x91, 0x88, 0x83, 0x79,
	0x8d, 0x93, 0x86, 0x7e, 0x7e, 0x83, 0x5e, 0x68, 0x5b, 0x5f, 0x6d, 0x77,
	0x94, 0x99, 0x8a, 0x89, 0x83, 0x80, 0x6e, 0x67, 0x63, 0x6c, 0x5f, 0x81,
	0x5e, 0x69, 0x7a, 0x8a, 0x8e, 0x90, 0x6d, 0x77, 0x72, 0x71, 0x72, 0x79,
	0x76, 0x6f, 0x84, 0x7e, 0x83, 0x80, 0x6c, 0x6e, 0x6f, 0x6f, 0x84, 0x88,
	0x65, 0x72, 0x70, 0x71, 0x6b, 0x81, 0x5d, 0x5f, 0x7f, 0x93, 0x8d, 0x8a,
	0x65, 0x79, 0x73, 0x6b, 0x73, 0x7a, 0x77, 0x78, 0x78, 0x8b, 0x84, 0x85,
	0x7b, 0x90, 0x73, 0x7a, 0x7d, 0x80, 0x79, 0x7b, 0x6b, 0x7a, 0x78, 0x6c,
	0x73, 0x82, 0x96, 0x70, 0x66, 0x64, 0x6d, 0x7c, 0x69, 0x75, 0x79, 0x81,
	0x79, 0x81, 0x77, 0x85, 0x84, 0x79, 0x6d, 0x79, 0x8a, 0x76, 0x7d, 0x73,
	0x76, 0x7f, 0x6d, 0x77, 0x75, 0x70, 0x6f, 0x89, 0x8c, 0x7c, 0x7e, 0x78,
	0x61, 0x5a, 0x65, 0x61, 0x68, 0x72, 0x88, 0x92, 0x7d, 0x73, 0x65, 0x67,
	0x69, 0x6b, 0x74, 0x71, 0x77, 0x85, 0x8a, 0x7c, 0x69, 0x65, 0x64, 0x69,
	0x79, 0x80, 0x85, 0x79, 0x6a, 0x65, 0x63, 0x67, 0x73, 0x62, 0x69, 0x83,
	0x8d, 0x89, 0x7f, 0x6c, 0x65, 0x6a, 0x75, 0x69, 0x81, 0x82, 0x90, 0x84,
	0x85, 0x84, 0x84, 0x7c, 0x97, 0x8a, 0x78, 0x87, 0x7e, 0x84, 0x97, 0x80,
	0x73, 0x73, 0x84, 0x86, 0x91, 0x73, 0x81, 0x7e, 0x7f, 0x83, 0x9a, 0x8c,
	0x6a, 0x83, 0x83, 0x82, 0x9a, 0x7f, 0x7e, 0x7e, 0x7c, 0x7d, 0x93, 0x85,
	0x7f, 0x81, 0x86, 0x7c, 0x9b, 0x91, 0x66, 0x7f, 0x84, 0x8b, 0x7f, 0x87,
	0x87, 0x83, 0x80, 0x71, 0x78, 0x77, 0x61, 0x62, 0x72, 0x7f, 0x88, 0x86,
	0x80, 0x6b, 0x63, 0x60, 0x6e, 0x6e, 0x78, 0x85, 0x8f, 0x8b, 0x87, 0x7b,
	0x5a, 0x67, 0x63, 0x66, 0x8a, 0x8b, 0x80, 0x80, 0x70, 0x5a, 0x7a, 0x75,
	0x70, 0x6b, 0x83, 0x8b, 0x85, 0x87, 0x6b, 0x58, 0x65, 0x64, 0x86, 0x79,
	0x8d, 0x86, 0x7f, 0x7e, 0x78, 0x78, 0x73, 0x83, 0x83, 0x79, 0x78, 0x7a,
	0x76, 0x76, 0x79, 0x75, 0x80, 0x74, 0x69, 0x65, 0x6a, 0x65, 0x6d, 0x6f,
	0x85, 0x82, 0x84, 0x87, 0x84, 0x6f, 0x8a, 0x81, 0x74, 0x6f, 0x74, 0x77,
	0x6e, 0x72, 0x65, 0x68, 0x6d, 0x70, 0x79, 0x7f, 0x8b, 0x84, 0x81, 0x7b,
	0x7b, 0x74, 0x75, 0x74, 0x7d, 0x71, 0x77, 0x7f, 0x89, 0x89, 0x8f, 0x97,
	0x88, 0x85, 0x82, 0x7f, 0x6c, 0x61, 0x7b, 0x72, 0x79, 0x83, 0x96, 0xa9,
	0x7f, 0x85, 0x85, 0x87, 0x7f, 0x8b, 0x86, 0x88, 0x7b, 0x6f, 0x66, 0x65,
	0x75, 0x77, 0x83, 0x99, 0x9c, 0x99, 0x86, 0x7c, 0x84, 0x7f, 0x7b, 0x6c,
	0x7e, 0x83, 0x8a, 0x7f, 0x7b, 0x82, 0x7e, 0x78, 0x92, 0x87, 0x98, 0x9c,
	0x97, 0x93, 0x5f, 0x65, 0x71, 0x71, 0x7a, 0x7b, 0x86, 0x8a, 0x8d, 0x8e,
	0x85, 0x7b, 0x8c, 0x7a, 0x7a, 0x82, 0x86, 0x83, 0x6b, 0x7f, 0x72, 0x74,
	0x78, 0x76, 0x9e, 0x97, 0x9b, 0x98, 0x92, 0x93, 0x6d, 0x73, 0x7b, 0x67,
	0x73, 0x75, 0x7f, 0x67, 0x74, 0x91, 0x9d, 0x92, 0x7e, 0x8a, 0x88, 0x81,
	0x6d, 0x71, 0x73, 0x63, 0x8c, 0x8f, 0x89, 0x73, 0x7f, 0x7c, 0x7c, 0x72,
	0x67, 0x6f, 0x6f, 0x8c, 0x92, 0x8a, 0x76, 0x6f, 0x7f, 0x62, 0x80, 0x99,
	0x91, 0x7e, 0x75, 0x84, 0x83, 0x7b, 0x68, 0x6d, 0x66, 0x81, 0x94, 0x8f,
	0x7a, 0x73, 0x7e, 0x78, 0x91, 0x88, 0x85, 0x7f, 0x84, 0x80, 0x4e, 0x77,
	0x74, 0x78, 0x85, 0x7f, 0x8c, 0x86, 0x7f, 0x74, 0x7c, 0x7d, 0xbe, 0xa7,
	0xa5, 0x9a, 0x9a, 0x86, 0x34, 0x43, 0x5c, 0x65, 0x6f, 0x7c, 0x91, 0x81,
	0x7c, 0x83, 0x7f, 0x88, 0x96, 0x84, 0x8f, 0x92, 0x8c, 0x88, 0x4e, 0x6a,
	0x6b, 0x76, 0x78, 0x76, 0x79, 0x78, 0x70, 0x6d, 0x68, 0x80, 0x62, 0x67,
	0x5e, 0x5b, 0x5a, 0x64, 0x73, 0x84, 0x8d, 0x8e, 0x84, 0x89, 0x72, 0x77,
	0x77, 0x77, 0x74, 0x72, 0x7f, 0x85, 0x81, 0x76, 0x6a, 0x5d, 0x70, 0x69,
	0x70, 0x79, 0x84, 0x94, 0x74, 0x75, 0x6f, 0x6b, 0x67, 0x73, 0x84, 0x92,
	0x90, 0x8f, 0x8c, 0x7d, 0x43, 0x67, 0x6a, 0x82, 0x8c, 0x94, 0x9e, 0xa1,
	0x9b, 0x87, 0x95, 0x89, 0x7c, 0x79, 0x72, 0x6d, 0x79, 0x87, 0x8a, 0x7f,
	0x81, 0x7e, 0x7f, 0x80, 0x7a, 0x7f, 0x82, 0x80, 0x86, 0x7f, 0xa6, 0xb2,
	0xac, 0xad, 0xac, 0xa8, 0xa0, 0x8a, 0x7a, 0x73, 0x8f, 0x7e, 0x77, 0x78,
	0x7c, 0x74, 0x88, 0x8b, 0x80, 0x82, 0x7e, 0x7b, 0x87, 0x82, 0x83, 0x80,
	0x82, 0x84, 0x80, 0x85, 0xaf, 0x9d, 0x9f, 0x9d, 0x9c, 0x8c, 0x6f, 0x75,
	0x7c, 0x7a, 0x83, 0x81, 0x7f, 0x81, 0x7c, 0x83, 0x89, 0x84, 0x87, 0x7c,
	0x7d, 0x7a, 0x7d, 0x78, 0x7d, 0x7d, 0x83, 0x83, 0x80, 0x7e, 0x72, 0x78,
	0x76, 0x7e, 0x7b, 0x81, 0x81, 0x79, 0x7d, 0x7c, 0x65, 0x58, 0x5a, 0x5f,
	0x6a, 0x6e, 0x71, 0x72, 0x6e, 0x60, 0x63, 0x88, 0x8a, 0x7f, 0x8e, 0x8a,
	0x8c, 0x82, 0x7b, 0x7a, 0x76, 0x7e, 0x7b, 0x7d, 0x80, 0x83, 0x75, 0x6c,
	0x72, 0x77, 0x77, 0x78, 0x6d, 0x6a, 0x77, 0x83, 0x72, 0x6e, 0x56, 0x61,
	0x6f, 0x81, 0x82, 0x87, 0x93, 0x8f, 0x84, 0x84, 0x83, 0x7d, 0x74, 0x7f,
	0x71, 0x7a, 0x81, 0x79, 0x75, 0x70, 0x7d, 0x71, 0x73, 0x74, 0x77, 0x70,
	0x7a, 0x77, 0x7e, 0x74, 0x6c, 0x6e, 0x71, 0x7c, 0x80, 0x87, 0x8d, 0x88,
	0x8b, 0x82, 0x78, 0x7d, 0x6f, 0x80, 0x77, 0x70, 0x7d, 0x7a, 0x6c, 0x79,
	0x7f, 0x7b, 0x80, 0x8f, 0x79, 0x6f, 0x73, 0x71, 0x6f, 0x73, 0x81, 0x7c,
	0x75, 0x78, 0x92, 0x8f, 0x91, 0x89, 0x86, 0x8a, 0x84, 0x86, 0x8f, 0x99,
	0x89, 0x8d, 0x8d, 0x8f, 0x8d, 0x8e, 0x91, 0x8f, 0x86, 0x79, 0x63, 0x6d,
	0x7d, 0x83, 0x81, 0x86, 0x84, 0x78, 0x76, 0x79, 0x90, 0x8e, 0x90, 0x88,
	0x89, 0x87, 0x86, 0x89, 0x87, 0x92, 0x73, 0x82, 0x87, 0x90, 0x88, 0x91,
	0x98, 0x8f, 0x81, 0x74, 0x77, 0x78, 0x74, 0x73, 0x7c, 0x7a, 0x78, 0x73,
	0x77, 0x78, 0x8e, 0x8f, 0x8d, 0x8c, 0x84, 0x89, 0x8c, 0x91, 0x95, 0x99,
	0x6a, 0x7a, 0x81, 0x7f, 0x88, 0x95, 0x95, 0x8a, 0x7c, 0x76, 0x86, 0x80,
	0x7f, 0x76, 0x76, 0x7c, 0x7f, 0x7c, 0x81, 0x7c, 0x7e, 0x82, 0x85, 0x78,
	0x78, 0x75, 0x79, 0x7a, 0x79, 0x75, 0x8b, 0x7b, 0x7b, 0x79, 0x80, 0x6e,
	0x67, 0x5e, 0x5e, 0x62, 0x47, 0x7f, 0x7d, 0x7c, 0x81, 0x82, 0x7a, 0x7e,
	0x83, 0x76, 0x69, 0x86, 0x72, 0x8b, 0x80, 0x78, 0x7b, 0x81, 0x81, 0x7c,
	0x7a, 0x69, 0x70, 0x7a, 0x7e, 0x83, 0x8b, 0x98, 0x9e, 0xa9, 0xc1, 0x83,
	0x81, 0x79, 0x7e, 0x86, 0x89, 0x72, 0x66, 0x6b, 0x60, 0x85, 0x79, 0x7e,
	0x87, 0x80, 0x83, 0x82, 0x7c, 0x85, 0x79, 0x7c, 0x7c, 0x78, 0x7b, 0x80,
	0x81, 0x8d, 0x90, 0x99, 0x97, 0x80, 0x86, 0x7c, 0x77, 0x77, 0x83, 0x7c,
	0x77, 0x73, 0x6e, 0x84, 0x80, 0x7c, 0x82, 0x7a, 0x84, 0x82, 0x86, 0x84,
	0x77, 0x7d, 0x7c, 0x7b, 0x86, 0x7c, 0x7a, 0x84, 0x84, 0x7f, 0x84, 0x90,
	0x92, 0x8c, 0x83, 0x7d, 0x89, 0x92, 0x8b, 0x87, 0x8d, 0x7b, 0x70, 0x80,
	0x81, 0x80, 0x7e, 0x78, 0x75, 0x84, 0x93, 0xb2, 0x84, 0x7b, 0x7f, 0x7e,
	0x7f, 0x76, 0x81, 0x80, 0x7e, 0x61, 0x7f, 0x86, 0x8c, 0x85, 0x86, 0x89,
	0x7e, 0x79, 0xb3, 0xca, 0x83, 0x78, 0x87, 0x88, 0x80, 0x7c, 0x7b, 0x7d,
	0x8e, 0x8c, 0x7d, 0x81, 0x80, 0x86, 0x7c, 0x7f, 0x7d, 0x7e, 0x86, 0x63,
	0x79, 0x81, 0x7c, 0x8b, 0x83, 0x7f, 0x79, 0x86, 0x8a, 0xcc, 0x79, 0x85,
	0x85, 0x81, 0x80, 0x78, 0x8b, 0x89, 0x83, 0x6c, 0x85, 0x83, 0x82, 0x7b,
	0x76, 0x7d, 0x79, 0x79, 0x77, 0x6b, 0x7e, 0x7c, 0x7e, 0x7f, 0x7d, 0x7f,
	0x84, 0x88, 0x7c, 0x72, 0x95, 0x90, 0xa4, 0x8e, 0x70, 0x5f, 0x61, 0x71,
	0x7f, 0x87, 0x81, 0x78, 0x9e, 0x94, 0x84, 0x75, 0x6f, 0x75, 0x80, 0x6e,
	0x7b, 0x6e, 0x8b, 0x95, 0x93, 0x8e, 0x88, 0x6c, 0x7c, 0x84, 0x7d, 0x76,
	0x96, 0x77, 0x73, 0x79, 0x70, 0x76, 0x7d, 0x83, 0x82, 0x83, 0x96, 0x8e,
	0x8d, 0x85, 0x73, 0x76, 0x79, 0x71, 0x71, 0x79, 0x7a, 0x8c, 0x85, 0x8e,
	0x91, 0x7c, 0x6b, 0x8b, 0x7c, 0x83, 0x9d, 0x7b, 0x72, 0x5c, 0x68, 0x66,
	0x6e, 0x73, 0x7d, 0x7e, 0x94, 0x91, 0x94, 0x89, 0x7b, 0x77, 0x8a, 0x72,
	0x7c, 0x6e, 0x71, 0x74, 0x83, 0x8a, 0x8a, 0x81, 0x7a, 0x7b, 0x8b, 0x7f,
	0x5b, 0x63, 0x69, 0x69, 0x75, 0x75, 0x70, 0x6d, 0x72, 0x7f, 0x7e, 0x78,
	0x6f, 0x7a, 0x73, 0x78, 0x79, 0x83, 0x78, 0x79, 0x76, 0x73, 0x72, 0x65,
	0x6b, 0x69, 0x65, 0x64, 0x7e, 0x85, 0x7a, 0x71, 0x84, 0x81, 0x72, 0x73,
	0x85, 0x97, 0x98, 0x93, 0x8e, 0x6d, 0x60, 0x66, 0x6d, 0x71, 0x70, 0x6f,
	0x6d, 0x65, 0x71, 0x68, 0x7a, 0x76, 0x78, 0x83, 0x81, 0x83, 0x7e, 0x87,
	0x88, 0x83, 0x92, 0x85, 0x7e, 0x6b, 0x72, 0x87, 0x8a, 0x95, 0x94, 0x6b,
	0x6a, 0x63, 0x61, 0x59, 0x58, 0x5d, 0x6b, 0x6f, 0x7c, 0x6d, 0x73, 0x75,
	0x6f, 0x99, 0x7f, 0x95, 0x8d, 0x8c, 0x91, 0x72, 0x78, 0x7a, 0x81, 0x6d,
	0x68, 0x7a, 0x89, 0x8d, 0x82, 0x77, 0x78, 0x6d, 0x7a, 0x88, 0x7f, 0x79,
	0x7a, 0x7c, 0x88, 0x84, 0x6b, 0x75, 0x6a, 0x77, 0x78, 0x7f, 0x77, 0x72,
	0x6f, 0x6f, 0x7a, 0x77, 0x6d, 0x78, 0x70, 0x77, 0x76, 0x71, 0x79, 0x69,
	0x76, 0x6f, 0x6b, 0x73, 0x75, 0x76, 0x76, 0x74, 0x7d, 0x6f, 0x70, 0x6f,
	0x6f, 0x78, 0x8d, 0x86, 0x82, 0x86, 0x82, 0x6c, 0x75, 0x65, 0x69, 0x6e,
	0x6b, 0x70, 0x78, 0x78, 0x7e, 0x72, 0x86, 0x75, 0x8d, 0x84, 0x75, 0x7c,
	0x77, 0x7d, 0x7b, 0x77, 0x70, 0x73, 0x6e, 0x78, 0x77, 0x76, 0x6b, 0x72,
	0x7b, 0x68, 0x68, 0x64, 0x6a, 0x65, 0x7a, 0x76, 0x69, 0x6b, 0x82, 0x6c,
	0x83, 0x8b, 0x8f, 0x93, 0x82, 0x88, 0x84, 0x7e, 0x82, 0x85, 0x95, 0x91,
	0x91, 0x8b, 0x8e, 0x98, 0x89, 0x87, 0x87, 0x82, 0x8b, 0x91, 0x8a, 0x78,
	0x76, 0x76, 0x85, 0x83, 0x87, 0x84, 0x73, 0x7c, 0x8d, 0x92, 0x8c, 0x8b,
	0x8b, 0x8f, 0x97, 0x97, 0x98, 0x5d, 0x64, 0x73, 0x7d, 0x7f, 0x7e, 0x7f,
	0x7c, 0x73, 0x6d, 0x82, 0x8e, 0x8a, 0x89, 0x80, 0x80, 0x8b, 0x88, 0x88,
	0x81, 0x67, 0x82, 0x89, 0x98, 0x90, 0x8a, 0x8d, 0x94, 0x8c, 0x86, 0x5f,
	0x6f, 0x7c, 0x79, 0x6e, 0x6f, 0x6d, 0x7c, 0x73, 0x71, 0x81, 0x89, 0x94,
	0x8e, 0x8b, 0x89, 0x91, 0x94, 0x96, 0x93, 0x66, 0x68, 0x7f, 0x89, 0x8e,
	0x85, 0x8c, 0x8c, 0x7a, 0x75, 0x6b, 0x72, 0x73, 0x72, 0x78, 0x73, 0x6e,
	0x6b, 0x71, 0x72, 0x85, 0x89, 0x84, 0x77, 0x7c, 0x7f, 0x75, 0x6b, 0x70,
	0x60, 0x67, 0x7b, 0x7a, 0x73, 0x7e, 0x72, 0x68, 0x77, 0x85, 0x81, 0x7f,
	0x83, 0x7b, 0x7e, 0x6f, 0x71, 0x90, 0x94, 0x91, 0x94, 0x84, 0x73, 0x73,
	0x7b, 0x7c, 0x82, 0x86, 0x77, 0x6e, 0x64, 0x63, 0x78, 0x7a, 0x7d, 0x7a,
	0x74, 0x7d, 0x8c, 0x8e, 0x8a, 0x8a, 0x84, 0x82, 0x74, 0x63, 0x86, 0x8d,
	0x92, 0x92, 0x8b, 0x6d, 0x76, 0x74, 0x75, 0x7a, 0x77, 0x76, 0x6e, 0x67,
	0x64, 0x64, 0x7e, 0x7d, 0x7f, 0x72, 0x6c, 0x85, 0x8b, 0x91, 0x8c, 0x9a,
	0x7b, 0x7f, 0x89, 0x6e, 0x84, 0x92, 0x8e, 0x88, 0x6e, 0x66, 0x74, 0x7d,
	0x79, 0x74, 0x72, 0x72, 0x71, 0x63, 0x65, 0x60, 0x7b, 0x7d, 0x79, 0x74,
	0x79, 0x72, 0x6a, 0x65, 0x6c, 0x6c, 0x9f, 0x99, 0x8c, 0x8e, 0x8c, 0x89,
	0x7e, 0x80, 0x79, 0x7f, 0x7f, 0x7f, 0x7e, 0x89, 0x93, 0x96, 0x98, 0x93,
	0x95, 0x90, 0x83, 0x89, 0x70, 0x72, 0x77, 0x80, 0x81, 0x7e, 0x7e, 0x78,
	0x76, 0x81, 0x93, 0x8e, 0x89, 0x8a, 0x8f, 0x8a, 0x86, 0x8b, 0x7e, 0x85,
	0x84, 0x86, 0x97, 0x93, 0x93, 0x97, 0x97, 0x90, 0x8c, 0x85, 0x79, 0x72,
	0x5c, 0x4c, 0x4e, 0x56, 0x5e, 0x69, 0x77, 0x80, 0x84, 0x8e, 0x95, 0x8d,
	0x8f, 0x8d, 0x8b, 0x81, 0x83, 0x85, 0x87, 0x84, 0x8d, 0x8d, 0x93, 0xa9,
	0x99, 0x91, 0x8c, 0x7c, 0x7f, 0x6d, 0x64, 0x62, 0x65, 0x6b, 0x6d, 0x6a,
	0x71, 0x67, 0x86, 0x72, 0x7c, 0x78, 0x79, 0x81, 0x7f, 0x7a, 0x7b, 0x77,
	0x75, 0x8e, 0x7f, 0x82, 0x7f, 0x7c, 0x76, 0x7c, 0x77, 0x70, 0x6f, 0x8d,
	0x87, 0x7f, 0x78, 0x73, 0x6d, 0x6d, 0x74, 0x7e, 0x78, 0x8f, 0x8f, 0x6d,
	0x6a, 0x6d, 0x7e, 0x87, 0x85, 0x8c, 0x89, 0x93, 0x83, 0x7f, 0x79, 0x7b,
	0x83, 0x7f, 0x6e, 0x6d, 0x77, 0x94, 0x86, 0x7d, 0x72, 0x65, 0x72, 0x6a,
	0x7a, 0x80, 0x75, 0x93, 0x91, 0x74, 0x62, 0x76, 0x81, 0x84, 0x82, 0x80,
	0x83, 0x90, 0x8d, 0x84, 0x71, 0x71, 0x72, 0x76, 0x6d, 0x6f, 0x77, 0x89,
	0x87, 0x79, 0x65, 0x6d, 0x6c, 0x81, 0x82, 0x90, 0x87, 0x8f, 0x83, 0x7e,
	0x87, 0x85, 0x7d, 0x81, 0x7a, 0x7a, 0x78, 0x8a, 0x8a, 0x85, 0x82, 0x7e,
	0x7c, 0x73, 0x7e, 0x7c, 0x76, 0x69, 0x74, 0x7b, 0x75, 0x77, 0x7a, 0x78,
	0x79, 0x7e, 0x81, 0x84, 0x8a, 0x85, 0x87, 0x86, 0x7e, 0x76, 0x75, 0x79,
	0x89, 0x84, 0x93, 0x90, 0x97, 0x9b, 0x94, 0x7c, 0x79, 0x74, 0x67, 0x6d,
	0x77, 0x79, 0x73, 0x77, 0x73, 0x80, 0x7c, 0x73, 0x79, 0x7c, 0x8f, 0x92,
	0x91, 0x8a, 0x89, 0x74, 0x73, 0x7a, 0x83, 0x7b, 0x8e, 0x91, 0x95, 0x94,
	0x97, 0x85, 0x70, 0x66, 0x69, 0x71, 0x7e, 0x7a, 0x81, 0x7d, 0x7c, 0x7d,
	0x7b, 0x80, 0x80, 0x81, 0x8c, 0x8b, 0x97, 0x9b, 0x93, 0x7e, 0x7f, 0x78,
	0x6f, 0x74, 0x87, 0x91, 0x8e, 0x8e, 0x8e, 0x73, 0x67, 0x6b, 0x72, 0x74,
	0x85, 0x82, 0x91, 0x87, 0x7c, 0x76, 0x6f, 0x6b, 0x72, 0x71, 0x83, 0x78,
	0x7e, 0x78, 0x7e, 0x87, 0x8f, 0x86, 0x7d, 0x80, 0x76, 0x93, 0x89, 0x8b,
	0x78, 0x61, 0x7b, 0x6f, 0x78, 0x78, 0x6d, 0x8b, 0x7d, 0x8d, 0x7a, 0x72,
	0x6d, 0x6b, 0x70, 0x7b, 0x71, 0x6b, 0x66, 0x67, 0x66, 0x5f, 0x65, 0x70,
	0x83, 0x81, 0x76, 0x8b, 0x89, 0x8e, 0x8e, 0x7e, 0x73, 0x78, 0x79, 0x70,
	0x6b, 0x7a, 0x78, 0x6f, 0x60, 0x65, 0x5b, 0x68, 0x66, 0x63, 0x5c, 0x81,
	0x77, 0x6f, 0x67, 0x6c, 0x75, 0x6c, 0x74, 0x70, 0x64, 0x8b, 0x8f, 0x98,
	0x85, 0x88, 0x7e, 0x72, 0x79, 0x79, 0x77, 0x81, 0x68, 0x67, 0x5f, 0x65,
	0x69, 0x6c, 0x66, 0x7a, 0x72, 0x61, 0x65, 0x62, 0x5d, 0x65, 0x73, 0x7f,
	0x86, 0x88, 0x79, 0x94, 0x6f, 0x75, 0x78, 0x77, 0x7e, 0x7a, 0x80, 0x82,
	0x7a, 0x73, 0x6e, 0x66, 0x76, 0x74, 0x75, 0x75, 0x7b, 0x84, 0x81, 0x80,
	0x88, 0x81, 0x7f, 0x79, 0x6c, 0x71, 0x72, 0x78, 0x79, 0x70, 0x76, 0x74,
	0x77, 0x79, 0x71, 0x78, 0x76, 0x7b, 0x7e, 0x7e, 0x71, 0x67, 0x64, 0x72,
	0x72, 0x74, 0x89, 0x8d, 0x80, 0x7c, 0x86, 0x7f, 0x70, 0x68, 0x67, 0x72,
	0x6d, 0x75, 0x74, 0x6f, 0x72, 0x71, 0x75, 0x76, 0x76, 0x79, 0x74, 0x7b,
	0x78, 0x7d, 0x79, 0x7a, 0x7c, 0x72, 0x7b, 0x82, 0x85, 0x83, 0x7b, 0x75,
	0x8a, 0x8d, 0x86, 0x77, 0x6d, 0x6a, 0x69, 0x6f, 0x7b, 0x72, 0x85, 0x8a,
	0x7f, 0x82, 0x72, 0x74, 0x78, 0x70, 0x6e, 0x69, 0x87, 0x8f, 0x8a, 0x8a,
	0x89, 0x8a, 0x85, 0x7b, 0x7b, 0x83, 0x80, 0x83, 0x90, 0x96, 0x99, 0x99,
	0x71, 0x81, 0x7f, 0x81, 0x83, 0x7b, 0x96, 0x95, 0x99, 0x9c, 0x82, 0x72,
	0x7d, 0x7f, 0x7d, 0x7f, 0x9a, 0x92, 0x8b, 0x85, 0x89, 0x7f, 0x7a, 0x7e,
	0x7f, 0x81, 0x8e, 0x9e, 0x9f, 0x99, 0x6a, 0x7b, 0x84, 0x80, 0x7f, 0x7d,
	0x8a, 0x8b, 0x90, 0x95, 0x86, 0x85, 0x77, 0x7d, 0x7d, 0x7b, 0x88, 0x93,
	0x9d, 0x95, 0x75, 0x77, 0x7a, 0x83, 0x80, 0x80, 0x8a, 0x93, 0x94, 0x9a,
	0x72, 0x77, 0x7e, 0x84, 0x84, 0x79, 0x75, 0x7e, 0x82, 0x89, 0x86, 0x83,
	0x79, 0x76, 0x74, 0x83, 0x87, 0x7f, 0x7c, 0x89, 0x85, 0x86, 0x7f, 0x7a,
	0x73, 0x7d, 0x86, 0x81, 0x76, 0x78, 0x7e, 0x7b, 0x71, 0x6f, 0x71, 0x82,
	0x91, 0x6d, 0x77, 0x7f, 0x75, 0x79, 0x89, 0x6a, 0x68, 0x64, 0x77, 0x7e,
	0x88, 0x7b, 0x7a, 0x7e, 0x6b, 0x54, 0x5f, 0x8a, 0x8a, 0x75, 0x85, 0x7c,
	0x79, 0x7a, 0x76, 0x7f, 0x6b, 0x6e, 0x84, 0x6d, 0x7b, 0x6d, 0x7c, 0x75,
	0x7e, 0x6c, 0x5b, 0x64, 0x77, 0x83, 0x7a, 0x7b, 0x70, 0x62, 0x6f, 0x87,
	0x88, 0x83, 0x7d, 0x6f, 0x81, 0x83, 0x78, 0x7c, 0x76, 0x7c, 0x6f, 0x64,
	0x7d, 0x6a, 0x78, 0x6a, 0x78, 0x80, 0x73, 0x60, 0x53, 0x6c, 0x83, 0x66,
	0x75, 0x7f, 0x81, 0x7a, 0x99, 0xa1, 0x94, 0x99, 0x84, 0x74, 0x7b, 0x7b,
	0x89, 0x90, 0x8d, 0x96, 0x96, 0x8c, 0x90, 0x64, 0x8c, 0x82, 0x83, 0x7e,
	0x80, 0x7d, 0x7d, 0x78, 0x71, 0x71, 0x8f, 0x94, 0x95, 0x99, 0x7e, 0x68,
	0x69, 0x6b, 0x74, 0x7b, 0x8f, 0x88, 0x85, 0x7d, 0x80, 0x73, 0x7f, 0x73,
	0x70, 0x75, 0x7d, 0x8c, 0x91, 0x84, 0x79, 0x78, 0x7b, 0x79, 0x76, 0x6f,
	0x8a, 0x90, 0x95, 0x93, 0x71, 0x69, 0x72, 0x80, 0x77, 0x7e, 0x91, 0x8c,
	0x8e, 0x8f, 0x87, 0x87, 0x79, 0x77, 0x75, 0x72, 0x87, 0x8d, 0x96, 0x91,
	0x81, 0x67, 0x68, 0x6d, 0x6c, 0x74, 0x8b, 0x8d, 0x8e, 0x8c, 0x76, 0x73,
	0x76, 0x76, 0x78, 0x82, 0x89, 0x8d, 0x84, 0x88, 0x8c, 0x86, 0x86, 0x7b,
	0x7b, 0x75, 0x87, 0x7e, 0x7d, 0x82, 0x85, 0x7d, 0x7f, 0x7e, 0x72, 0x68,
	0x7c, 0x80, 0x81, 0x7e, 0x77, 0x75, 0x71, 0x74, 0x74, 0x77, 0x7c, 0x82,
	0x82, 0x81, 0x80, 0x7d, 0x86, 0x82, 0x85, 0x8c, 0x8e, 0x79, 0x7b, 0x82,
	0x91, 0x98, 0x96, 0x9d, 0x91, 0x88, 0x7a, 0x7c, 0x7e, 0x86, 0x80, 0x81,
	0x84, 0x81, 0x8c, 0x81, 0x88, 0x7c, 0x7d, 0x81, 0x84, 0x89, 0x8e, 0x83,
	0x83, 0x82, 0x85, 0x82, 0x7d, 0x8d, 0x92, 0x97, 0x9e, 0x9b, 0x9c, 0x90,
	0x8d, 0x7e, 0x88, 0x81, 0x7f, 0x7e, 0x82, 0x83, 0x93, 0x8f, 0x91, 0x7f,
	0x80, 0x7c, 0x8b, 0x94, 0x93, 0x8b, 0x7d, 0x7d, 0x7d, 0x7d, 0x76, 0x83,
	0x8d, 0x92, 0x92, 0x97, 0x98, 0x8a, 0x91, 0x75, 0x83, 0x83, 0x8f, 0x90,
	0x92, 0x8d, 0x8b, 0x8d, 0x8e, 0x85, 0x7b, 0x7c, 0x76, 0x6e, 0x77, 0x81,
	0x7a, 0x86, 0x91, 0x9e, 0x86, 0x7c, 0x74, 0x72, 0x6d, 0x81, 0x8f, 0x90,
	0x8d, 0x95, 0x6f, 0x64, 0x67, 0x74, 0x7e, 0x87, 0x88, 0x94, 0x8d, 0x7e,
	0x7f, 0x77, 0x6e, 0x6d, 0x6b, 0x81, 0x77, 0x7c, 0x90, 0x94, 0x78, 0x83,
	0x74, 0x71, 0x6d, 0x7d, 0x86, 0x94, 0x8f, 0x8e, 0x73, 0x72, 0x74, 0x75,
	0x75, 0x84, 0x8a, 0x85, 0x89, 0x80, 0x84, 0x80, 0x74, 0x6e, 0x68, 0x82,
	0x85, 0x86, 0x93, 0x95, 0x71, 0x7b, 0x79, 0x6f, 0x6e, 0x87, 0x88, 0x90,
	0x8e, 0x82, 0x70, 0x73, 0x80, 0x7e, 0x83, 0x8a, 0x83, 0x81, 0x83, 0x72,
	0x74, 0x78, 0x79, 0x7f, 0x83, 0x86, 0x87, 0x86, 0x81, 0x79, 0x88, 0x94,
	0x84, 0x77, 0x7e, 0x7f, 0x7b, 0x7d, 0x81, 0x85, 0x86, 0x86, 0x82, 0x85,
	0x8d, 0x8f, 0x91, 0x8e, 0x91, 0x84, 0x88, 0x88, 0x76, 0x7b, 0x89, 0x82,
	0x89, 0x8f, 0x98, 0x95, 0x93, 0x88, 0x8e, 0x8c, 0x82, 0x82, 0x85, 0x8d,
	0x87, 0x8a, 0x85, 0x85, 0x8a, 0x8f, 0x8b, 0x8f, 0x8e, 0x96, 0x92, 0x84,
	0x87, 0x8f, 0x72, 0x6a, 0x64, 0x58, 0x5f, 0x5a, 0x56, 0x53, 0x58, 0x65,
	0x92, 0x8e, 0x8f, 0x87, 0x81, 0x88, 0x82, 0x80, 0x8c, 0x84, 0x8f, 0x8f,
	0x90, 0x9a, 0x92, 0x98, 0x98, 0x8e, 0x8f, 0x91, 0x5e, 0x78, 0x71, 0x71,
	0x6f, 0x6d, 0x72, 0x71, 0x7a, 0x6b, 0x83, 0x69, 0x67, 0x6b, 0x74, 0x76,
	0x72, 0x75, 0x77, 0x6e, 0x85, 0x75, 0x7f, 0x7e, 0x7b, 0x75, 0x7d, 0x7d,
	0x86, 0x85, 0x76, 0x83, 0x7b, 0x7c, 0x87, 0x83, 0x86, 0x86, 0x78, 0x7b,
	0x6e, 0x7b, 0x7f, 0x81, 0x8e, 0x84, 0x85, 0x76, 0x72, 0x72, 0x71, 0x7e,
	0x7f, 0x82, 0x87, 0x85, 0x7c, 0x7c, 0x7e, 0x7a, 0x7f, 0x8e, 0x82, 0x80,
	0x80, 0x84, 0x81, 0x77, 0x71, 0x71, 0x6d, 0x80, 0x79, 0x7a, 0x79, 0x89,
	0x86, 0x74, 0x6d, 0x73, 0x76, 0x80, 0x7c, 0x81, 0x83, 0x86, 0x85, 0x7d,
	0x7a, 0x7a, 0x77, 0x86, 0x86, 0x85, 0x86, 0x82, 0x8a, 0x76, 0x70, 0x74,
	0x68, 0x98, 0x9e, 0x8b, 0x87, 0x8d, 0x7b, 0x65, 0x6f, 0x76, 0x6a, 0xce,
	0xa6, 0xa6, 0x8a, 0x67, 0x60, 0x67, 0x77, 0x77, 0x7c, 0x82, 0x6d, 0x6f,
	0x77, 0x82, 0x84, 0x7c, 0x77, 0x71, 0x68, 0x6b, 0x66, 0x6e, 0x76, 0x6d,
	0x7d, 0x86, 0x7f, 0x78, 0x78, 0x7e, 0x6e, 0x68, 0x67, 0x5d, 0x6c, 0x7d,
	0x83, 0x80, 0x7a, 0x6f, 0x6e, 0x72, 0x74, 0x82, 0x7d, 0x77, 0x6e, 0x72,
	0x74, 0x77, 0x74, 0x6f, 0x6c, 0x68, 0x83, 0x87, 0x8c, 0x80, 0x7b, 0x7f,
	0x72, 0x6e, 0x6f, 0x73, 0x75, 0x79, 0x84, 0x81, 0x7f, 0x6c, 0x67, 0x6e,
	0x72, 0x7d, 0x6c, 0x74, 0x71, 0x72, 0x7b, 0x7c, 0x72, 0x64, 0x6e, 0x6a,
	0x7d, 0x84, 0x8a, 0x84, 0x7b, 0x81, 0x8b, 0x8e, 0x8d, 0x7d, 0x79, 0x7c,
	0x86, 0x77, 0x6d, 0x6d, 0xac, 0x95, 0x86, 0x83, 0x84, 0x74, 0x60, 0x57,
	0x60, 0x71, 0x7f, 0x7f, 0x7f, 0x7e, 0x7f, 0x79, 0x7c, 0x80, 0x7e, 0x7d,
	0x82, 0x7c, 0x7a, 0x7a, 0x7f, 0x7c, 0x7e, 0x85, 0x7d, 0x7b, 0x78, 0x82,
	0x85, 0x7b, 0x76, 0x66, 0x62, 0x71, 0x88, 0x90, 0x97, 0x82, 0x83, 0x81,
	0x79, 0x82, 0x80, 0x88, 0x7f, 0x80, 0x7f, 0x82, 0x7e, 0x7d, 0x78, 0x78,
	0x7f, 0x7d, 0x75, 0x76, 0x7e, 0x75, 0x7d, 0x6f, 0x6f, 0x76, 0x91, 0x94,
	0x8d, 0x91, 0x9b, 0x7e, 0x81, 0x7e, 0x79, 0x78, 0x86, 0x7b, 0x81, 0x7f,
	0x76, 0x7f, 0x81, 0x7c, 0x7c, 0x7d, 0x76, 0x6e, 0x73, 0x7f, 0x89, 0x80,
	0x7c, 0x8c, 0xa5, 0xb3, 0xac, 0xa4, 0xa3, 0x93, 0x90, 0x71, 0x82, 0x89,
	0x8d, 0x93, 0x90, 0x98, 0x90, 0x96, 0x8b, 0x8d, 0x7f, 0x80, 0x85, 0x82,
	0x78, 0x7a, 0x83, 0x7b, 0x7f, 0x82, 0x86, 0x80, 0x87, 0x80, 0x82, 0x81,
	0x77, 0x74, 0x74, 0x71, 0x7f, 0x7d, 0x7a, 0x85, 0x8d, 0x8e, 0x88, 0x83,
	0x5d, 0x6e, 0x84, 0x7f, 0x83, 0x82, 0x7c, 0x78, 0x70, 0x80, 0x7c, 0x85,
	0x7e, 0x80, 0x86, 0x7f, 0x83, 0x7f, 0x77, 0x79, 0x7d, 0x68, 0x83, 0x75,
	0x79, 0x78, 0x92, 0x9b, 0xa1, 0xa6, 0x99, 0x74, 0x83, 0x86, 0x87, 0x81,
	0x81, 0x82, 0x7a, 0x77, 0x76, 0x81, 0x7d, 0x7a, 0x81, 0x85, 0x82, 0x7c,
	0x7d, 0x77, 0x76, 0x71, 0x83, 0x82, 0x74, 0x6d, 0x7a, 0x8b, 0x90, 0x99,
	0xa0, 0xaa, 0x87, 0x7f, 0x78, 0x6c, 0x6f, 0x7a, 0x89, 0x98, 0x90, 0xb1,
	0x67, 0x8d, 0x8b, 0x8d, 0x90, 0x92, 0x94, 0x9e, 0xa0, 0xa1, 0xa5, 0xaf,
	0xc2, 0xc1, 0xba, 0x9a, 0x8f, 0x88, 0x85, 0x8d, 0x90, 0x91, 0x91, 0x8b,
	0x8c, 0x8c, 0x84, 0x84, 0xa6, 0xa2, 0xa8, 0xa4, 0xa0, 0x99, 0x98, 0x90,
	0x94, 0x94, 0x8d, 0x8a, 0x83, 0x84, 0x9a, 0x8e, 0x92, 0x8e, 0x90, 0x8e,
	0x91, 0x93, 0x8b, 0x8d, 0x88, 0x86, 0x88, 0x94, 0x7f, 0x80, 0x83, 0x7f,
	0x80, 0x82, 0x7a, 0x79, 0x7b, 0x85, 0x87, 0x87, 0x84, 0x86, 0x7c, 0x80,
	0x7b, 0x7c, 0x84, 0x83, 0x7e, 0x7e, 0x7e, 0x82, 0x82, 0x84, 0x81, 0x7f,
	0x8e, 0x8e, 0x62, 0x5e, 0x5b, 0x64, 0x69, 0x6c, 0x60, 0x56, 0x56, 0x57,
	0x55, 0x5b, 0x5c, 0x6a, 0x73, 0x74, 0x64, 0x6d, 0x72, 0x72, 0x71, 0x6e,
	0x73, 0x71, 0x68, 0x62, 0x52, 0x6f, 0x6e, 0x76, 0x65, 0x69, 0x6b, 0x6c,
	0x78, 0x72, 0x73, 0x78, 0x78, 0x6f, 0x60, 0x61, 0x6e, 0x77, 0x77, 0x7d,
	0x88, 0x83, 0x71, 0x72, 0x7e, 0x7f, 0x7d, 0x73, 0x6d, 0x73, 0x76, 0x76,
	0x7c, 0x7f, 0x7e, 0x80, 0x7a, 0x79, 0x7f, 0x7e, 0x7d, 0x81, 0x7d, 0x79,
	0x83, 0x82, 0x85, 0x86, 0x78, 0x80, 0x81, 0x78, 0x88, 0x80, 0x7c, 0x82,
	0x89, 0x7f, 0x8f, 0x87, 0x74, 0x8a, 0x7f, 0x83, 0x86, 0x86, 0x7c, 0x7e,
	0x7e, 0x7e, 0x7e, 0x7d, 0x90, 0x96, 0x76, 0x8f, 0x85, 0x79, 0x6e, 0x6a,
	0x65, 0x64, 0x72, 0x6f, 0x74, 0x78, 0x7b, 0x6d, 0x79, 0x80, 0x85, 0x78,
	0x70, 0x69, 0x68, 0x78, 0x76, 0x77, 0x70, 0x6c, 0x71, 0x6d, 0x7c, 0x7a,
	0x81, 0x80, 0x7e, 0x70, 0x73, 0x7e, 0x7a, 0x75, 0x75, 0x6c, 0x6d, 0x71,
	0x72, 0x70, 0x7b, 0x88, 0x8e, 0x80, 0x7a, 0x74, 0x79, 0x78, 0x79, 0x77,
	0x74, 0x6e, 0x69, 0x7a, 0x7d, 0x87, 0x8b, 0x81, 0x8b, 0x72, 0x7f, 0x79,
	0x7e, 0x8a, 0x7f, 0x6f, 0x70, 0x87, 0x80, 0x79, 0x75, 0x7d, 0x82, 0x82,
	0x81, 0x83, 0x80, 0x81, 0x78, 0x70, 0x79, 0x80, 0x7d, 0x82, 0x84, 0x75,
	0x79, 0x7d, 0x81, 0x7f, 0x7b, 0x7c, 0x78, 0x73, 0x6b, 0x77, 0x7a, 0x7e,
	0x79, 0x73, 0x7b, 0x74, 0x7b, 0x82, 0x7a, 0x6e, 0x6c, 0x70, 0x71, 0x74,
	0x76, 0x74, 0x6b, 0x75, 0x79, 0x73, 0x65, 0x64, 0x66, 0x72, 0x79, 0x7a,
	0x72, 0x73, 0x6d, 0x6f, 0x72, 0x6f, 0x6f, 0x6f, 0x64, 0x5c, 0x72, 0x79,
	0x7d, 0x7d, 0x74, 0x6a, 0x64, 0x71, 0x77, 0x78, 0x7b, 0x70, 0x66, 0x60,
	0x75, 0x71, 0x75, 0x74, 0x78, 0x68, 0x7d, 0x81, 0x79, 0x74, 0x79, 0x78,
	0x7d, 0x79, 0x78, 0x71, 0x81, 0x76, 0x6d, 0x73, 0x8d, 0xa9, 0x73, 0x71,
	0x74, 0x6b, 0x78, 0x7f, 0x87, 0x7f, 0x7f, 0x79, 0x5c, 0x60, 0x88, 0x97,
	0x7d, 0x79, 0x77, 0x76, 0x7a, 0x81, 0x7e, 0x83, 0x7d, 0x77, 0x61, 0x5d,
	0x83, 0x86, 0x8f, 0x80, 0x72, 0x73, 0x7c, 0x77, 0x86, 0x81, 0x78, 0x76,
	0x5f, 0x6c, 0x95, 0x88, 0x85, 0x83, 0x79, 0x72, 0x82, 0x81, 0x7c, 0x81,
	0x7a, 0x69, 0x60, 0x87, 0x95, 0x8d, 0x7f, 0x82, 0x83, 0x78, 0x7c, 0x72,
	0x74, 0x78, 0x70, 0x6a, 0x76, 0x9a, 0x8b, 0x9d, 0x7e, 0x80, 0x76, 0x7e,
	0x6b, 0x6e, 0x6d, 0x75, 0x75, 0x78, 0x80, 0x8c, 0x88, 0x93, 0x8e, 0x73,
	0x86, 0x76, 0x6c, 0x64, 0x6a, 0x61, 0x71, 0x8a, 0x89, 0x88, 0x8e, 0x89,
	0x86, 0x74, 0x82, 0x70, 0x66, 0x63, 0x60, 0x60, 0x75, 0x86, 0x8f, 0x90,
	0x8d, 0x8d, 0x86, 0x77, 0x6f, 0x6f, 0x67, 0x64, 0x6f, 0x79, 0x82, 0x85,
	0x8f, 0x89, 0x85, 0x83, 0x83, 0x7a, 0x63, 0x71, 0x6b, 0x6c, 0x7f, 0x7f,
	0x87, 0x88, 0x82, 0x7c, 0x7f, 0x7d, 0x7a, 0x7d, 0x64, 0x62, 0x6a, 0x7d,
	0x80, 0x89, 0x8b, 0x86, 0x81, 0x81, 0x7a, 0x75, 0x7e, 0x7d, 0x7c, 0x7e,
	0x6a, 0x71, 0x77, 0x79, 0x80, 0x8d, 0x93, 0x95, 0x8e, 0x8a, 0x8c, 0x85,
	0x84, 0x7f, 0x69, 0x79, 0x77, 0x80, 0x87, 0x8e, 0x94, 0x92, 0x89, 0x8f,
	0x88, 0x83, 0x82, 0x7b, 0x71, 0x69, 0x6d, 0x7f, 0x96, 0x98, 0x98, 0x93,
	0x8c, 0x87, 0x87, 0x81, 0x8a, 0x7c, 0x66, 0x62, 0x67, 0x85, 0x93, 0x8d,
	0x92, 0x96, 0x8b, 0x85, 0x86, 0x83, 0x84, 0x7e, 0x77, 0x65, 0x7b, 0x7e,
	0x82, 0x89, 0x88, 0x83, 0x80, 0x87, 0x85, 0x86, 0x86, 0x7c, 0x69, 0x74,
	0x7d, 0x8a, 0x8b, 0x86, 0x87, 0x86, 0x86, 0x86, 0x7c, 0x81, 0x8c, 0x82,
	0x8b, 0x91, 0x8e, 0x88, 0x8a, 0x90, 0x88, 0x8a, 0x89, 0x84, 0x85, 0x83,
	0x86, 0x8e, 0x8e, 0x92, 0x93, 0x8d, 0x89, 0x82, 0x89, 0x8b, 0x8a, 0x85,
	0x83, 0x82, 0x8c, 0x95, 0x98, 0x9d, 0x91, 0x91, 0x8c, 0x8c, 0x87, 0x8b,
	0x87, 0x85, 0x8c, 0x92, 0x8c, 0x96, 0x99, 0xac, 0x8f, 0x82, 0x90, 0x8b,
	0x90, 0x90, 0x90, 0x93, 0x90, 0x8e, 0x8b, 0x83, 0x7b, 0x99, 0x8e, 0x8e,
	0x7f, 0x8a, 0x85, 0x87, 0x89, 0x88, 0x83, 0x83, 0x7b, 0x81, 0x79, 0x90,
	0xa0, 0x74, 0x81, 0x7f, 0x7f, 0x7e, 0x85, 0x84, 0x84, 0x87, 0x7e, 0x81,
	0x7a, 0x9a, 0x78, 0x7a, 0x7c, 0x76, 0x78, 0x86, 0x8b, 0x83, 0x7c, 0x80,
	0x84, 0x89, 0x85, 0x7a, 0x74, 0x86, 0x81, 0x74, 0x7e, 0x7e, 0x80, 0x86,
	0x84, 0x89, 0x88, 0x85, 0x84, 0x85, 0x79, 0x8e, 0x91, 0x80, 0x81, 0x81,
	0x81, 0x81, 0x8e, 0x81, 0x83, 0x87, 0x82, 0x86, 0x86, 0x9f, 0xac, 0x8f,
	0x8c, 0x88, 0x81, 0x85, 0x81, 0x87, 0x80, 0x80, 0x8a, 0x8a, 0x8a, 0xb9,
	0x9b, 0x93, 0x8f, 0x87, 0x80, 0x83, 0x86, 0x82, 0x82, 0x84, 0x8c, 0x8a,
	0x94, 0xac, 0x9a, 0x84, 0xa1, 0x91, 0x8c, 0x8d, 0x8e, 0x8b, 0x90, 0x96,
	0x92, 0x8d, 0x97, 0xc7, 0xa9, 0x7c, 0x7d, 0x84, 0x80, 0x93, 0x6d, 0x64,
	0x74, 0x84, 0x7e, 0x85, 0x99, 0x91, 0x85, 0x8a, 0x82, 0x7d, 0x65, 0x6a,
	0x7c, 0x78, 0x7e, 0x76, 0x78, 0x75, 0x79, 0x7f, 0x86, 0x83, 0xba, 0x85,
	0x8b, 0x88, 0x7f, 0x87, 0x68, 0x64, 0x77, 0x7b, 0x7d, 0x83, 0x83, 0x8e,
	0x86, 0x7f, 0x81, 0x80, 0x63, 0x7b, 0x72, 0x78, 0x7a, 0x7e, 0xd4, 0x84,
	0x6d, 0x72, 0x80, 0x8e, 0x70, 0x87, 0x87, 0x86, 0x84, 0x8a, 0x7c, 0x88,
	0x89, 0x81, 0x85, 0x84, 0x9f, 0x83, 0x78, 0x7b, 0x74, 0x7d, 0x66, 0x75,
	0x80, 0x81, 0x83, 0x7d, 0x82, 0x66, 0x63, 0x65, 0x69, 0x6d, 0x75, 0x7d,
	0x75, 0x7d, 0x76, 0x78, 0x71, 0x6d, 0x6f, 0x7c, 0x7e, 0x82, 0x7b, 0x7b,
	0x76, 0x78, 0x77, 0x83, 0x6f, 0x80, 0x7a, 0x77, 0x76, 0x76, 0x78, 0x85,
	0x7d, 0x7a, 0x7b, 0x84, 0x87, 0x85, 0x7a, 0x74, 0x72, 0x7c, 0x72, 0x73,
	0x7d, 0x80, 0x77, 0x80, 0x79, 0x7b, 0x83, 0x7b, 0x6f, 0x88, 0x79, 0x5b,
	0x62, 0x5b, 0x59, 0x64, 0x71, 0x8f, 0x82, 0x7d, 0x81, 0x79, 0x81, 0x88,
	0x88, 0x87, 0x7d, 0x7f, 0x86, 0x66, 0x73, 0x80, 0x83, 0x81, 0x77, 0x81,
	0x80, 0x83, 0x78, 0x78, 0x73, 0x7f, 0xb0, 0xad, 0x90, 0x89, 0x81, 0x81,
	0x7e, 0x91, 0x8d, 0x7e, 0x84, 0x85, 0x67, 0x5d, 0x61, 0x6e, 0x7a, 0x7b,
	0x85, 0x7a, 0x7c, 0x80, 0x7f, 0x83, 0x7b, 0x87, 0x84, 0x8f, 0x8b, 0x82,
	0x8b, 0x85, 0x86, 0x7c, 0x71, 0x6b, 0x88, 0x7d, 0x7c, 0x81, 0x83, 0x82,
	0x6e, 0x73, 0x82, 0x85, 0x83, 0x82, 0x82, 0x7d, 0x7d, 0x7b, 0x81, 0x80,
	0x85, 0x8a, 0x8a, 0x8c, 0x8e, 0x82, 0x7e, 0x7e, 0x7d, 0x81, 0x7e, 0x80,
	0x72, 0x72, 0x76, 0x76, 0x7c, 0x88, 0x6f, 0x82, 0x7f, 0x84, 0x8e, 0x86,
	0x75, 0x80, 0x79, 0x84, 0x7a, 0x81, 0x88, 0x6e, 0x79, 0x8b, 0x7e, 0x76,
	0x82, 0x70, 0x6f, 0x77, 0x7f, 0x80, 0x62, 0x6a, 0x89, 0x7e, 0x7e, 0x7a,
	0x75, 0x7d, 0x78, 0x72, 0x85, 0x6b, 0x77, 0x71, 0x68, 0x7c, 0x89, 0x82,
	0x63, 0x7e, 0x8a, 0x80, 0x76, 0x77, 0x7c, 0x71, 0x7a, 0x7a, 0x7e, 0x71,
	0x75, 0x74, 0x7d, 0x80, 0x85, 0x7f, 0x69, 0x81, 0x85, 0x79, 0x73, 0x7a,
	0x70, 0x58, 0x5f, 0x59, 0x65, 0x6f, 0x7a, 0x82, 0x8d, 0x86, 0x7b, 0x76,
	0x74, 0x7c, 0x7e, 0x75, 0x6b, 0x74, 0x74, 0x83, 0x89, 0x69, 0x5c, 0x69,
	0x78, 0x8a, 0x88, 0x85, 0x79, 0x84, 0x70, 0x76, 0xb8, 0xad, 0xad, 0x9c,
	0x86, 0x8b, 0x81, 0x80, 0x75, 0x70, 0x73, 0x7c, 0x81, 0x74, 0x70, 0x70,
	0x74, 0x6f, 0x75, 0x78, 0x7f, 0x7e, 0x75, 0x7a, 0x84, 0x7c, 0x82, 0x72,
	0x6b, 0x79, 0x70, 0x6b, 0x70, 0x60, 0x6c, 0x74, 0x79, 0x79, 0x76, 0x75,
	0x80, 0x7a, 0x89, 0x86, 0x84, 0x7a, 0x78, 0x6b, 0x84, 0x7e, 0x82, 0x86,
	0x7a, 0x7b, 0x87, 0x8c, 0x89, 0x8b, 0x91, 0x97, 0x8c, 0x89, 0x8b, 0x8c,
	0x89, 0x86, 0x8a, 0x88, 0x8b, 0x91, 0x90, 0x90, 0x7e, 0x84, 0x7a, 0x8d,
	0x88, 0x87, 0x7c, 0x85, 0x7f, 0x8e, 0x8d, 0x7f, 0xa1, 0xa4, 0x98, 0x9c,
	0x96, 0x99, 0x90, 0x85, 0x79, 0x81, 0x7a, 0x8a, 0x8c, 0x80, 0x6c, 0x5b,
	0x84, 0x83, 0x8a, 0x7c, 0x82, 0x7a, 0x7b, 0x7c, 0x80, 0x83, 0x7b, 0x7f,
	0x76, 0x82, 0x85, 0x7c, 0x81, 0x90, 0x98, 0x7f, 0x7e, 0x7f, 0x7c, 0x7b,
	0x7b, 0x84, 0x89, 0x6e, 0x62, 0x60, 0x6c, 0x74, 0x7e, 0x81, 0x81, 0x79,
	0x75, 0x81, 0x83, 0x7d, 0x79, 0x7a, 0x7a, 0x80, 0x75, 0x7b, 0x80, 0x80,
	0x74, 0x7a, 0x7d, 0x7c, 0x7f, 0x7e, 0x7c, 0x78, 0x7a, 0x7b, 0x82, 0x7f,
	0x85, 0x7f, 0x80, 0x79, 0x77, 0x79, 0x7a, 0x80, 0x7b, 0x75, 0x91, 0xa0,
	0xaa, 0xa9, 0x9b, 0x8e, 0x77, 0x7c, 0x83, 0x73, 0x6b, 0x78, 0x7f, 0x73,
	0x73, 0x7b, 0x7e, 0x7e, 0x83, 0x7f, 0x8a, 0x8b, 0x78, 0x76, 0x84, 0x80,
	0x84, 0x7c, 0x71, 0x75, 0x76, 0x85, 0x85, 0x8d, 0x88, 0x8b, 0x7d, 0x80,
	0x89, 0x8b, 0x75, 0x76, 0x8a, 0x8f, 0x90, 0x85, 0x80, 0x82, 0x86, 0x7f,
	0x8b, 0x84, 0x7c, 0x76, 0x96, 0x94, 0x90, 0x81, 0x78, 0x7a, 0x87, 0x82,
	0x8e, 0x87, 0x83, 0x73, 0x7e, 0x7c, 0x80, 0x7c, 0x80, 0x74, 0x7b, 0x7c,
	0x7a, 0x81, 0x7b, 0x5a, 0x82, 0x7e, 0x86, 0x86, 0x80, 0x75, 0x81, 0xa5,
	0x9a, 0xa2, 0x97, 0x8a, 0x90, 0x7d, 0x79, 0x7b, 0x77, 0x7c, 0x72, 0x6e,
	0x56, 0x44, 0x34, 0x45, 0x3a, 0x7b, 0x80, 0x83, 0x86, 0x80, 0x84, 0x83,
	0x82, 0x85, 0x88, 0x79, 0x6b, 0x9b, 0x8f, 0x8c, 0x8b, 0x8a, 0x89, 0x82,
	0x7f, 0x7f, 0x80, 0x84, 0x7f, 0x78, 0x7a, 0x72, 0x61, 0x61, 0x59, 0x81,
	0x7d, 0x81, 0x80, 0x7c, 0x81, 0x84, 0x8c, 0x83, 0x84, 0x81, 0x8d, 0x84,
	0x86, 0x84, 0x86, 0x81, 0x89, 0x85, 0x83, 0x8a, 0x89, 0x85, 0x86, 0x82,
	0x83, 0x83, 0x81, 0x80, 0x85, 0x85, 0x82, 0x84, 0x86, 0x83, 0x8c, 0x80,
	0x7c, 0x70, 0x71, 0x75, 0x6d, 0x87, 0x79, 0x88, 0x91, 0x93, 0x91, 0x9d,
	0x84, 0x6a, 0x7c, 0xa0, 0x8d, 0x89, 0x86, 0x8d, 0x8d, 0x87, 0x89, 0x91,
	0x77, 0x86, 0x95, 0x90, 0x8f, 0x94, 0x82, 0x78, 0x6f, 0x7c, 0x8f, 0xa0,
	0x7c, 0x8c, 0x90, 0x94, 0x97, 0xa3, 0x7e, 0x73, 0x97, 0x95, 0x91, 0x95,
	0x8b, 0x88, 0x86, 0x8c, 0x82, 0x77, 0x89, 0x7c, 0x7c, 0x7d, 0x75, 0x79,
	0x84, 0x7f, 0x7b, 0x7a, 0x74, 0x89, 0x83, 0x84, 0x79, 0x76, 0x70, 0x89,
	0x88, 0x7f, 0x7a, 0x85, 0x73, 0x84, 0x85, 0x85, 0x82, 0x82, 0x7c, 0x78,
	0x74, 0x5c, 0xa7, 0xae, 0xb7, 0xa2, 0x97, 0x92, 0x8b, 0x89, 0x77, 0x79,
	0x7a, 0x8a, 0x84, 0x83, 0x70, 0x6f, 0x85, 0xe6, 0x78, 0x65, 0x6e, 0x8c,
	0x8e, 0x6a, 0x74, 0x69, 0x6c, 0x6a, 0x80, 0x75, 0x7f, 0x84, 0x80, 0x8d,
	0x83, 0x6c, 0x84, 0x82, 0x74, 0x72, 0x87, 0x9d, 0xb0, 0xb5, 0xb2, 0xb2,
	0xb4, 0xb3, 0xa7, 0x93, 0x95, 0x8e, 0x8b, 0x95, 0x95, 0xa4, 0x8e, 0x83,
	0x93, 0x9d, 0xb2, 0x9d, 0x9c, 0x9f, 0xad, 0xa7, 0xb1, 0xb5, 0xb4, 0x9c,
	0x8f, 0x96, 0x88, 0x8a, 0x7f, 0x94, 0x75, 0x82, 0x99, 0xc8, 0xae, 0x95,
	0x94, 0x92, 0x84, 0x8c, 0x94, 0x8c, 0x8d, 0x86, 0x7e, 0x7f, 0x7b, 0x67,
	0x66, 0x7f, 0x76, 0x7d, 0x78, 0x90, 0x80, 0x8c, 0x96, 0x8b, 0x81, 0x7d,
	0x77, 0x6f, 0x6b, 0x76, 0x77, 0x81, 0x8c, 0x7d, 0x7c, 0x7e, 0x7d, 0x8c,
	0x74, 0x3e, 0x62, 0x72, 0x85, 0x7e, 0x6b, 0x6b, 0x61, 0x65, 0x66, 0x7c,
	0x7c, 0x7d, 0x86, 0x7e, 0x88, 0x77, 0x75, 0x7d, 0x6c, 0x70, 0x55, 0x55,
	0x34, 0x4e, 0x5f, 0x6b, 0x64, 0x6d, 0x6b, 0x78, 0x7b, 0x61, 0x6d, 0x7e,
	0x82, 0x74, 0x7d, 0x76, 0x93, 0x82, 0x72, 0x52, 0x3d, 0x53, 0x5a, 0x57,
	0x55, 0x5b, 0x54, 0x62, 0x6d, 0x6e, 0x66, 0x72, 0x74, 0x6a, 0x85, 0x81,
	0xa8, 0xb0, 0x82, 0x57, 0x64, 0x5c, 0x61, 0x6f, 0x74, 0x75, 0x71, 0x7c,
	0x85, 0x83, 0x88, 0x7e, 0x75, 0x68, 0x4a, 0x33, 0x7e, 0x90, 0xa9, 0xae,
	0xa8, 0x98, 0xa3, 0x96, 0x91, 0x8b, 0x84, 0x7d, 0x94, 0x7e, 0x79, 0x83,
	0x88, 0x7c, 0x9f, 0x8c, 0x7e, 0x89, 0x8c, 0x97, 0xb9, 0xac, 0x9c, 0x9e,
	0x98, 0x83, 0x76, 0x8b, 0x99, 0x93, 0x8d, 0x7f, 0x77, 0x7a, 0x96, 0x88,
	0x75, 0x8f, 0x7e, 0x72, 0xa1, 0x8d, 0x80, 0x92, 0x92, 0x8e, 0x82, 0x87,
	0x84, 0x8a, 0x87, 0x90, 0x74, 0x7d, 0x81, 0x65, 0x89, 0x9b, 0x7b, 0x7e,
	0x7e, 0x7e, 0x7a, 0x7b, 0x7e, 0x86, 0x96, 0x86, 0x76, 0x72, 0x65, 0x60,
	0x64, 0x6a, 0x67, 0x57, 0x8b, 0x6e, 0x62, 0x71, 0x48, 0x5a, 0x65, 0x69,
	0x75, 0x70, 0x7d, 0x74, 0x6a, 0x5e, 0x66, 0x78, 0x8c, 0xa0, 0xa0, 0x7d,
	0x80, 0x5f, 0x59, 0x52, 0x4d, 0x60, 0x73, 0x6c, 0x82, 0x82, 0x95, 0x85,
	0x7c, 0x92, 0xa1, 0xa7, 0x9f, 0xa9, 0x84, 0x7b, 0x73, 0x64, 0x84, 0x73,
	0x5d, 0x6e, 0x6e, 0x5c, 0x5d, 0x75, 0x74, 0x7b, 0x73, 0x89, 0x8d, 0x7f,
	0x8a, 0x80, 0x54, 0x98, 0x8a, 0x93, 0x95, 0x90, 0x8b, 0x81, 0x86, 0x87,
	0x75, 0x82, 0x72, 0x7a, 0x85, 0x7c, 0x7b, 0x79, 0x7a, 0x62, 0x74, 0x9e,
	0x7e, 0xb9, 0xdb, 0xc7, 0x9d, 0xa1, 0xa9, 0x90, 0x7e, 0x6f, 0x71, 0x6c,
	0x7d, 0x83, 0x9b, 0x90, 0x87, 0x63, 0x74, 0x90, 0x7a, 0x99, 0x9f, 0x98,
	0x93, 0x86, 0x6e, 0x86, 0x8c, 0x8c, 0x91, 0x96, 0x96, 0x8f, 0x8d, 0x85,
	0x7c, 0x7f, 0x7a, 0x5e, 0x80, 0x9b, 0xc6, 0xa4, 0x79, 0x7a, 0x6f, 0x79,
	0x84, 0x7b, 0x8b, 0x95, 0x88, 0x7f, 0x81, 0x82, 0x7a, 0x86, 0x78, 0x6c,
	0x78, 0x85, 0x92, 0x7f, 0x7d, 0x81, 0x77, 0x79, 0x85, 0x89, 0x88, 0x93,
	0x6f, 0x6f, 0x7f, 0x7a, 0x6e, 0x83, 0x79, 0x9c, 0x5a, 0x33, 0x4f, 0x58,
	0x66, 0x67, 0x80, 0x81, 0x74, 0x7c, 0x7a, 0x84, 0x85, 0x80, 0x81, 0x86,
	0x88, 0x70, 0x7c, 0x7d, 0x4f, 0x3d, 0x65, 0x72, 0x70, 0x63, 0x72, 0x66,
	0x68, 0x5e, 0x67, 0x6c, 0x85, 0x85, 0x7a, 0x76, 0x72, 0x6d, 0x7d, 0x7c,
	0x9a, 0x90, 0x70, 0x6b, 0x78, 0x75, 0x7c, 0x72, 0x73, 0x63, 0x55, 0x49,
	0x59, 0x69, 0x6c, 0x69, 0x73, 0x78, 0x6f, 0x80, 0x98, 0xb4, 0x7e, 0x84,
	0x87, 0x97, 0x94, 0x8d, 0x84, 0x83, 0x77, 0x66, 0x6f, 0x73, 0x79, 0x74,
	0x87, 0x80, 0x87, 0x88, 0x8d, 0x76, 0x51, 0x7a, 0x81, 0x87, 0x8e, 0x88,
	0x85, 0x92, 0x97, 0x90, 0x8d, 0x8b, 0x85, 0x88, 0x87, 0x80, 0x8a, 0x81,
	0x91, 0x91, 0x99, 0x9d, 0xa7, 0x91, 0x80, 0x90, 0x6b, 0x59, 0x68, 0x6a,
	0x7f, 0x8c, 0x8b, 0x83, 0x65, 0x66, 0x63, 0x63, 0x93, 0x79, 0x74, 0x88,
	0x86, 0x8a, 0x7f, 0x8f, 0x82, 0x70, 0x72, 0x76, 0x66, 0x76, 0x86, 0x6f,
	0x7d, 0x72, 0x7b, 0x79, 0x91, 0x86, 0x8b, 0x91, 0x83, 0x8c, 0x79, 0x7f,
	0x82, 0x78, 0x6c, 0x74, 0x75, 0x7c, 0x8b, 0x89, 0x85, 0x74, 0x7b, 0x75,
	0x7a, 0x84, 0x80, 0x83, 0x77, 0x78, 0x78, 0x7f, 0x96, 0x92, 0x93, 0x91,
	0x9a, 0x91, 0x8c, 0x97, 0x8f, 0x9b, 0x86, 0x88, 0x72, 0x59, 0x7c, 0x72,
	0x6f, 0x6e, 0x7a, 0x74, 0x7e, 0x9b, 0xa6, 0xa4, 0xaa, 0xb2, 0xaa, 0x90,
	0x89, 0x9a, 0x92, 0x8a, 0x6e, 0x76, 0x7b, 0x67, 0x67, 0x71, 0x7a, 0x76,
	0x6f, 0x80, 0x91, 0x86, 0x97, 0x93, 0x7f, 0x83, 0x88, 0x81, 0x70, 0x88,
	0x7f, 0x89, 0x79, 0x76, 0x87, 0x92, 0x91, 0x8a, 0x82, 0x88, 0x8d, 0x88,
	0x80, 0x81, 0x81, 0x7d, 0x83, 0x69, 0x80, 0x86, 0x7a, 0x9d, 0x96, 0x87,
	0x87, 0x7d, 0x88, 0x82, 0x7c, 0x75, 0x6e, 0x79, 0x7d, 0x73, 0x76, 0x77,
	0x7a, 0x7b, 0x7b, 0x83, 0x7c, 0x8a, 0x74, 0x90, 0x95, 0x86, 0x84, 0x78,
	0x7f, 0x70, 0x5a, 0x5b, 0x48, 0x43, 0x46, 0x6e, 0x64, 0x87, 0x80, 0x70,
	0x84, 0x5d, 0x39, 0x26, 0x1f, 0x12, 0x17, 0x1f, 0x24, 0x50, 0x51, 0x5d,
	0x63, 0x76, 0x82, 0x73, 0x6f, 0x51, 0x7b, 0x9c, 0x89, 0x81, 0x82, 0x89,
	0x76, 0x5a, 0x6c, 0x76, 0x72, 0x78, 0x7e, 0x7e, 0x87, 0x93, 0x93, 0x90,
	0x90, 0xa3, 0x86, 0x82, 0x80, 0x7d, 0x5f, 0x5e, 0x4c, 0x56, 0x4b, 0x5a,
	0x6f, 0x8a, 0x7e, 0x86, 0x8a, 0x98, 0x92, 0x98, 0x8d, 0x8b, 0xac, 0xa3,
	0x6e, 0x68, 0x6d, 0x56, 0x3f, 0x57, 0x68, 0x66, 0x80, 0x79, 0x79, 0x7e,
	0x82, 0x7e, 0x85, 0x97, 0x88, 0x85, 0x89, 0x73, 0x8a, 0x6d, 0x72, 0x85,
	0x82, 0x90, 0x97, 0x92, 0x8a, 0x80, 0x86, 0x7d, 0x7e, 0x78, 0x77, 0x79,
	0x70, 0x69, 0x5d, 0x82, 0x7b, 0x8c, 0x82, 0x86, 0x93, 0x88, 0x82, 0x87,
	0x82, 0x79, 0x84, 0x7b, 0x79, 0x73, 0x66, 0x5b, 0x59, 0x59, 0x6e, 0x89,
	0x7f, 0x8d, 0x87, 0x8c, 0x9c, 0x90, 0x87, 0x88, 0x7f, 0x73, 0x75, 0x74,
	0x76, 0x66, 0x65, 0x66, 0x6c, 0x78, 0x77, 0x7c, 0x84, 0x83, 0x95, 0x91,
	0xa5, 0xae, 0xa6, 0xa0, 0x87, 0x85, 0x79, 0x7d, 0x7b, 0x75, 0x70, 0x78,
	0x87, 0x7f, 0x85, 0x72, 0x79, 0x81, 0x91, 0x88, 0x94, 0x91, 0x89, 0x7a,
	0x81, 0x8b, 0x82, 0x80, 0x7e, 0x87, 0x87, 0x85, 0x93, 0x87, 0x76, 0x63,
	0x5f, 0x37, 0x41, 0x75, 0x7f, 0x77, 0x6e, 0x75, 0x6e, 0x77, 0x7b, 0x84,
	0x80, 0x77, 0x80, 0x7e, 0x65, 0x6d, 0x89, 0xc2, 0x6f, 0x5e, 0x5d, 0x79,
	0x8d, 0x8d, 0x8f, 0x91, 0x8d, 0x81, 0x8a, 0x99, 0x90, 0x91, 0x8b, 0x82,
	0x88, 0x87, 0x7a, 0x76, 0x6b, 0x55, 0x5c, 0x7a, 0x84, 0x8b, 0x82, 0x87,
	0x96, 0x8f, 0x95, 0x93, 0x8a, 0x89, 0x8c, 0x7d, 0x8a, 0x8f, 0x7d, 0x63,
	0x5a, 0x5a, 0x5a, 0x70, 0x7a, 0x90, 0x8d, 0x9c, 0x95, 0x8c, 0xa1, 0x90,
	0x88, 0x7a, 0x79, 0x84, 0x80, 0x56, 0x89, 0x7c, 0x73, 0x7b, 0x80, 0x89,
	0x88, 0x77, 0x7e, 0x8b, 0x8e, 0x93, 0x9d, 0x8d, 0x91, 0x92, 0x8a, 0x90,
	0x87, 0x5a, 0x68, 0x7e, 0x8d, 0x91, 0x8f, 0x8d, 0x79, 0x79, 0x86, 0x73,
	0x80, 0x7d, 0x84, 0x7d, 0x85, 0x82, 0x7b, 0x7d, 0x73, 0x8c, 0x79, 0x90,
	0x8d, 0xae, 0xa3, 0x96, 0x78, 0x6c, 0x6e, 0x67, 0x69, 0x5e, 0x5a, 0x5b,
	0x4d, 0x59, 0x5e, 0x5a, 0x62, 0x76, 0x80, 0x8c, 0x8e, 0x91, 0x98, 0x6b,
	0x5f, 0x5c, 0x61, 0x52, 0x43, 0x52, 0x36, 0x3e, 0x55, 0x5e, 0x5f, 0x69,
	0x77, 0x8c, 0x81, 0x87, 0x88, 0x88, 0x8f, 0x6d, 0x85, 0x7d, 0x7b, 0x6f,
	0x76, 0x73, 0x73, 0x86, 0x8b, 0x80, 0x86, 0x88, 0x7f, 0x8b, 0x82, 0x6f,
	0x89, 0x7c, 0x88, 0x73, 0x52, 0x5e, 0x90, 0x83, 0x77, 0x7b, 0x6b, 0x5d,
	0x50, 0x56, 0x56, 0x70, 0x87, 0x91, 0x8b, 0x7f, 0x82, 0x7e, 0x76, 0x80,
	0x94, 0x97, 0x94, 0x90, 0x75, 0x7a, 0x80, 0x76, 0x5e, 0x5a, 0x61, 0x5e,
	0x69, 0x63, 0x75, 0x81, 0x84, 0x82, 0xa0, 0x9e, 0xa9, 0xa2, 0x92, 0x88,
	0x7c, 0x86, 0x79, 0x76, 0x86, 0x7b, 0x72, 0x6f, 0x79, 0x88, 0x81, 0x80,
	0x89, 0x6e, 0x85, 0xa0, 0x8f, 0x7a, 0x91, 0x82, 0x7f, 0x7f, 0x6c, 0x6b,
	0x73, 0x7e, 0x77, 0x84, 0x95, 0x76, 0x8a, 0x8a, 0x8b, 0x76, 0x72, 0x72,
	0x49, 0x5c, 0x7d, 0x93, 0x96, 0x79, 0x71, 0x62, 0x6c, 0x89, 0x95, 0x9d,
	0x9d, 0x95, 0x80, 0x81, 0x8b, 0x95, 0x71, 0x6e, 0x7a, 0x7b, 0x8b, 0x6b,
	0x5c, 0x57, 0x6d, 0x82, 0x7e, 0x85, 0x8b, 0x92, 0x86, 0x87, 0x67, 0x69,
	0x7e, 0x77, 0x72, 0x78, 0x75, 0x75, 0x58, 0x54, 0x6b, 0x7e, 0x94, 0x93,
	0x8b, 0x85, 0x89, 0x80, 0x6d, 0x7e, 0x79, 0x7c, 0x54, 0x85, 0x7a, 0x71,
	0x69, 0x6f, 0x63, 0x80, 0x98, 0x9e, 0x94, 0x9d, 0x9b, 0xa1, 0xa4, 0x90,
	0x8d, 0x81, 0x89, 0x86, 0x79, 0x70, 0x79, 0x6e, 0x81, 0x82, 0x71, 0x79,
	0x88, 0x83, 0x7f, 0x83, 0x81, 0x6b, 0x50, 0x5c, 0x63, 0x76, 0x88, 0x79,
	0x88, 0x69, 0x79, 0x99, 0x7b, 0x71, 0x8a, 0x8b, 0x8c, 0x8e, 0x84, 0x7e,
	0x7f, 0x80, 0x78, 0x80, 0x78, 0x80, 0xa5, 0xd4, 0x90, 0x92, 0x7b, 0x75,
	0x85, 0x89, 0x8a, 0x83, 0x80, 0x6a, 0x6e, 0x6a, 0x6c, 0x70, 0x73, 0x76,
	0x6c, 0x7b, 0x67, 0x52, 0x77, 0x6e, 0x75, 0x8e, 0x71, 0x7b, 0x8a, 0x72,
	0x75, 0x80, 0x86, 0x7d, 0x81, 0x82, 0x76, 0x87, 0x85, 0x85, 0x98, 0x69,
	0x7c, 0x7d, 0x98, 0x90, 0x72, 0x69, 0x71, 0x7a, 0x77, 0x87, 0x8c, 0x95,
	0x91, 0xa5, 0xa4, 0x9d, 0x9a, 0x9c, 0xb9, 0x97, 0x94, 0xab, 0x9f, 0x8d,
	0x93, 0x96, 0x8b, 0x91, 0x94, 0x93, 0x8c, 0x8e, 0x8d, 0x7a, 0x7e, 0x8f,
	0x9b, 0x84, 0x84, 0x87, 0x83, 0xa1, 0x8b, 0x8d, 0x85, 0x94, 0x97, 0x8f,
	0x8c, 0x80, 0x85, 0x87, 0x89, 0x76, 0x74, 0x79, 0x6c, 0x67, 0x69, 0x6c,
	0x67, 0x39, 0x6c, 0x6c, 0x69, 0x5b, 0x61, 0x73, 0x71, 0x79, 0x7c, 0x6e,
	0x69, 0x69, 0x6a, 0x61, 0x5f, 0x69, 0x59, 0x6e, 0x70, 0x62, 0x59, 0x61,
	0x6b, 0x74, 0x6c, 0x61, 0x70, 0x76, 0x72, 0x77, 0x74, 0x7d, 0x84, 0x71,
	0x88, 0x8d, 0x90, 0xb2, 0x76, 0x71, 0x67, 0x6a, 0x7b, 0x78, 0x6f, 0x79,
	0x72, 0x69, 0x5f, 0x66, 0x6c, 0x6a, 0x75, 0x67, 0x61, 0x62, 0x50, 0x73,
	0x7e, 0x81, 0x68, 0x4f, 0x59, 0x77, 0x85, 0x76, 0x6d, 0x74, 0x79, 0x6e,
	0x73, 0x6b, 0x7c, 0x96, 0x93, 0x97, 0x7d, 0x68, 0x85, 0x82, 0x84, 0x6b,
	0x72, 0x77, 0x66, 0x76, 0x7c, 0x75, 0x73, 0x77, 0x6c, 0x6c, 0x5b, 0x64,
	0x6c, 0x81, 0x80, 0x75, 0x89, 0x7f, 0x7a, 0x86, 0x76, 0x8d, 0x90, 0x76,
	0x7f, 0x8f, 0x8d, 0x89, 0x8a, 0x8c, 0x92, 0x8d, 0x8a, 0x7c, 0x74, 0x82,
	0x81, 0x80, 0x86, 0x65, 0x68, 0x85, 0x89, 0x8e, 0x84, 0x8d, 0x88, 0x8f,
	0x93, 0x9d, 0xb1, 0xbe, 0xbb, 0x98, 0xa0, 0xa8, 0x77, 0x8d, 0x87, 0x9f,
	0x95, 0x85, 0x81, 0x85, 0x8b, 0x88, 0x79, 0x61, 0x7a, 0x81, 0x9a, 0x96,
	0xa6, 0x9b, 0xa0, 0xac, 0x62, 0x7e, 0x90, 0x99, 0x94, 0x89, 0x88, 0x86,
	0x89, 0x84, 0x81, 0x84, 0x94, 0x8c, 0x83, 0x8e, 0x92, 0x91, 0x85, 0x75,
	0x6f, 0x70, 0x78, 0x8f, 0x92, 0x8c, 0x90, 0x91, 0x8a, 0x89, 0x8f, 0x9f,
	0x85, 0x8f, 0x7c, 0x75, 0x75, 0x74, 0x6c, 0x6d, 0x86, 0x6d, 0x5e, 0x6a,
	0x75, 0x7c, 0x7a, 0x85, 0x7b, 0x67, 0x75, 0x7b, 0x6f, 0x67, 0x64, 0x5b,
	0x50, 0x55, 0x57, 0x59, 0x92, 0x7e, 0x84, 0x74, 0x70, 0x48, 0x57, 0x5e,
	0x5a, 0x6a, 0x65, 0x64, 0x5f, 0x60, 0x53, 0x51, 0x46, 0x62, 0x66, 0x65,
	0x89, 0x7c, 0x88, 0x79, 0x55, 0x59, 0x4c, 0x5a, 0x7d, 0x88, 0x86, 0x89,
	0x8c, 0x7a, 0x7c, 0x8d, 0x99, 0x75, 0x52, 0x64, 0x76, 0x67, 0x6f, 0x91,
	0x84, 0x86, 0x6f, 0x7b, 0x78, 0x71, 0x74, 0x7b, 0x84, 0x82, 0x84, 0x69,
	0x59, 0x66, 0x7d, 0xa5, 0x6c, 0x6c, 0x76, 0x83, 0x78, 0x87, 0x7d, 0x7b,
	0x7b, 0x75, 0x7d, 0x81, 0x7a, 0x76, 0x6e, 0x71, 0x5c, 0x64, 0x46, 0x61,
	0x71, 0x7c, 0x80, 0x80, 0x88, 0x7f, 0x84, 0x7a, 0x77, 0x82, 0x87, 0x7b,
	0x7e, 0x7b, 0x80, 0x7d, 0x81, 0x6c, 0x45, 0x4d, 0x80, 0x8a, 0x8f, 0x80,
	0x77, 0x5d, 0x6e, 0x7a, 0x87, 0x97, 0x80, 0x81, 0x7c, 0x88, 0x76, 0x8d,
	0xb7, 0xa4, 0x97, 0x3d, 0x82, 0x99, 0x87, 0x73, 0x69, 0x6d, 0x7b, 0x88,
	0x8b, 0x96, 0x81, 0x71, 0x5a, 0x6b, 0x89, 0xa4, 0xac, 0xa2, 0x9f, 0x54,
	0x83, 0x81, 0x77, 0x6f, 0x72, 0x85, 0x8d, 0x87, 0x7d, 0x79, 0x74, 0x7d,
	0x6c, 0x67, 0x6b, 0x85, 0x97, 0x90, 0x88, 0x83, 0x8a, 0x74, 0x71, 0x6d,
	0x93, 0x92, 0x97, 0x95, 0x90, 0x82, 0x83, 0x87, 0x91, 0x84, 0x7c, 0x66,
	0x76, 0x79, 0x82, 0xb7, 0x7c, 0x76, 0x7f, 0x7a, 0x76, 0x74, 0x67, 0x51,
	0x61, 0x57, 0x78, 0x76, 0x91, 0x8f, 0x85, 0x6e, 0x41, 0x59, 0x9a, 0xbe,
	0x82, 0x6d, 0x4e, 0x62, 0x6d, 0x89, 0x7f, 0x75, 0x6f, 0x80, 0x83, 0x80,
	0x7f, 0x80, 0x86, 0x76, 0x8c, 0x81, 0x71, 0x78, 0x5d, 0x6a, 0x62, 0x5b,
	0x3e, 0x5d, 0x63, 0x56, 0x60, 0x81, 0x72, 0x88, 0x79, 0x86, 0x74, 0x83,
	0x85, 0x7a, 0x77, 0x6c, 0x70, 0x99, 0xa4, 0x95, 0x8c, 0x82, 0x82, 0x91,
	0x96, 0x85, 0x7d, 0x78, 0x78, 0x5f, 0x71, 0x76, 0x82, 0x7c, 0x76, 0x77,
	0x78, 0xa9, 0x9b, 0x96, 0x9f, 0x88, 0x8c, 0x92, 0x89, 0x77, 0x89, 0x84,
	0x82, 0x78, 0x85, 0x80, 0x7c, 0x79, 0x76, 0x77, 0x9b, 0xa9, 0x8c, 0x83,
	0x86, 0x80, 0x83, 0x6e, 0x71, 0x7d, 0x82, 0x6b, 0x79, 0x80, 0x7c, 0x76,
	0x65, 0x80, 0x88, 0x78, 0x96, 0x8d, 0x7c, 0x85, 0x91, 0x96, 0x9c, 0x92,
	0x87, 0x79, 0x76, 0x70, 0x78, 0x74, 0x7b, 0x6d, 0x6a, 0x66, 0x79, 0x76,
	0x81, 0x71, 0x86, 0x9a, 0xa4, 0x9e, 0xa4, 0x99, 0x92, 0x88, 0x81, 0x7c,
	0x77, 0x79, 0x7e, 0x81, 0x7d, 0x84, 0x7f, 0x85, 0x8e, 0x5f, 0x77, 0x8a,
	0x91, 0x8b, 0x8b, 0x7a, 0x78, 0x79, 0x78, 0x78, 0x6f, 0x82, 0x80, 0x7c,
	0x82, 0x78, 0x7e, 0x85, 0x56, 0x22, 0x26, 0x29, 0x22, 0x2a, 0x1b, 0x43,
	0x52, 0x5e, 0x73, 0x81, 0x88, 0x8e, 0x7e, 0x7c, 0x83, 0x74, 0x73, 0x82,
	0x87, 0x53, 0x86, 0x99, 0x94, 0x81, 0x6c, 0x74, 0x88, 0x97, 0x7a, 0x75,
	0x76, 0x5d, 0x63, 0x8c, 0x7e, 0x55, 0x4b, 0x61, 0x71, 0x55, 0x73, 0x90,
	0x93, 0x81, 0x88, 0x90, 0x95, 0x8a, 0x7f, 0x86, 0x89, 0x84, 0x5f, 0x58,
	0x61, 0x54, 0x67, 0x7a, 0x67, 0x62, 0x73, 0x85, 0x95, 0x9f, 0xa5, 0xa0,
	0x93, 0x8e, 0x76, 0x61, 0x5a, 0x5f, 0x5e, 0x61, 0x55, 0x69, 0xad, 0x9a,
	0x6d, 0x6f, 0x8f, 0x82, 0xa1, 0xb1, 0xa6, 0x9a, 0x91, 0x82, 0x7a, 0x81,
	0x82, 0x85, 0x88, 0x90, 0x8f, 0xa9, 0x99, 0x9d, 0x84, 0x8b, 0x86, 0x8c,
	0x82, 0x87, 0x81, 0x7a, 0x83, 0x8b, 0x8c, 0x87, 0x82, 0x7b, 0x7d, 0x74,
	0x81, 0x79, 0x6e, 0x75, 0x92, 0x7f, 0x78, 0x71, 0x74, 0x78, 0x70, 0x77,
	0x7b, 0x7a, 0x6c, 0x79, 0x80, 0x73, 0x81, 0x81, 0x87, 0x86, 0x61, 0x6d,
	0x9e, 0xa4, 0x72, 0x67, 0x4a, 0x3d, 0x4f, 0x43, 0x50, 0x60, 0x6b, 0x7e,
	0x7e, 0x82, 0x8f, 0x97, 0x97, 0x8e, 0x77, 0x76, 0x85, 0x97, 0x87, 0x6e,
	0x64, 0x59, 0x4f, 0x58, 0x58, 0x63, 0x7b, 0x7f, 0x83, 0x8d, 0x97, 0x99,
	0x89, 0x79, 0x7b, 0x74, 0x6c, 0x7e, 0x82, 0x86, 0x7d, 0x82, 0x89, 0x94,
	0x89, 0x8a, 0x94, 0x86, 0x82, 0x84, 0x7e, 0x75, 0x7e, 0x80, 0x7c, 0x70,
	0x82, 0x42, 0x19, 0x15, 0x3e, 0x62, 0x64, 0x89, 0x78, 0x67, 0x83, 0x7c,
	0x79, 0x80, 0x83, 0x6d, 0x76, 0x5a, 0x37, 0x6a, 0x83, 0x85, 0x7f, 0x81,
	0x77, 0x80, 0x84, 0x7d, 0x88, 0x87, 0x84, 0x87, 0x8e, 0x85, 0x88, 0x89,
	0x7b, 0x77, 0x51, 0x7e, 0x8d, 0x95, 0x81, 0x53, 0x6e, 0x6e, 0x72, 0x89,
	0x87, 0x86, 0x7b, 0x8c, 0x90, 0x8a, 0x8b, 0x8c, 0x7c, 0x83, 0x79, 0x71,
	0x77, 0x83, 0x6d, 0x3d, 0x4a, 0x67, 0x7c, 0x79, 0x85, 0x8d, 0x89, 0x83,
	0x82, 0x87, 0x91, 0x8c, 0x80, 0x91, 0x8b, 0x71, 0x74, 0x4e, 0x45, 0x64,
	0x8f, 0x8d, 0x86, 0x88, 0x82, 0x7f, 0x79, 0x7a, 0x7c, 0x82, 0x79, 0x78,
	0x78, 0x8a, 0x9c, 0x78, 0x78, 0x5c, 0x7f, 0x9a, 0x83, 0x7d, 0x81, 0x7a,
	0x71, 0x74, 0x7b, 0x79, 0x78, 0x77, 0x77, 0x6d, 0x81, 0x81, 0x93, 0x68,
	0x8e, 0x6e, 0x8b, 0x91, 0x8a, 0x81, 0x78, 0x76, 0x71, 0x7a, 0x78, 0x70,
	0x6f, 0x6c, 0x6c, 0x7c, 0x87, 0x73, 0x7e, 0x82, 0x80, 0xa5, 0xa3, 0xb3,
	0xa5, 0x92, 0x7f, 0x77, 0x75, 0x6f, 0x76, 0x7b, 0x77, 0x78, 0x73, 0x7a,
	0x8b, 0x79, 0x7d, 0x99, 0x70, 0x9d, 0x96, 0xa0, 0x85, 0x7c, 0x86, 0x88,
	0x88, 0x85, 0x8a, 0x7a, 0x74, 0x78, 0x76, 0x73, 0x73, 0x70, 0x70, 0x98,
	0x87, 0x7a, 0x76, 0x5f, 0x6a, 0x63, 0x74, 0x8b, 0xa2, 0x6c, 0x70, 0x54,
	0x26, 0x2c, 0x47, 0x7b, 0x70, 0x75, 0x94, 0x97, 0x73, 0x91, 0x8e, 0x93,
	0x91, 0x8e, 0x8c, 0x9e, 0x83, 0x83, 0x77, 0x80, 0x7d, 0x89, 0x85, 0x83,
	0x8b, 0x89, 0x84, 0x81, 0x72, 0x84, 0x75, 0x91, 0x9b, 0x77, 0x80, 0x85,
	0x8c, 0x83, 0x8a, 0x85, 0x7f, 0x7c, 0x86, 0x89, 0x7f, 0x71, 0x82, 0x69,
	0x74, 0x88, 0x81, 0x84, 0x86, 0x8c, 0x6f, 0x6b, 0x85, 0x8e, 0x84, 0x7d,
	0x9b, 0x89, 0x98, 0x9f, 0x74, 0x8a, 0x65, 0x7d, 0x92, 0x92, 0x87, 0x73,
	0x88, 0x7f, 0x6c, 0x70, 0x63, 0x7e, 0x7b, 0x7f, 0x88, 0x85, 0x85, 0x8f,
	0x6f, 0x69, 0x75, 0x8f, 0xa2, 0x85, 0x98, 0x86, 0x6d, 0x63, 0x61, 0x65,
	0x65, 0x71, 0x81, 0x87, 0x80, 0x8c, 0x7f, 0x6b, 0x6c, 0x5c, 0x5f, 0x8f,
	0x96, 0x82, 0x94, 0x68, 0x5a, 0x67, 0x7a, 0x88, 0x8c, 0x93, 0x96, 0x89,
	0x8a, 0x8a, 0x7e, 0x77, 0x85, 0x87, 0x88, 0x88, 0x6d, 0x55, 0x5e, 0x73,
	0x7f, 0x8c, 0x9d, 0x8d, 0x9c, 0x88, 0x82, 0x86, 0x83, 0x75, 0x71, 0x7c,
	0x8b, 0x9a, 0x99, 0x6c, 0x66, 0x6a, 0x6c, 0x81, 0x85, 0x97, 0x96, 0x89,
	0x75, 0x60, 0x59, 0x63, 0x51, 0x5c, 0x68, 0x66, 0x91, 0x91, 0xa2, 0x86,
	0x80, 0x9b, 0x97, 0xa4, 0xa5, 0x8a, 0x7a, 0x77, 0x67, 0x78, 0x6d, 0x6c,
	0x63, 0x61, 0x7e, 0x6b, 0x6f, 0x99, 0xb0, 0x4d, 0x6b, 0x6e, 0x7f, 0x8c,
	0x92, 0x8a, 0x8f, 0x88, 0xa3, 0x96, 0x95, 0x86, 0x85, 0x82, 0x84, 0x83,
	0x94, 0x88, 0x82, 0x89, 0x74, 0x7c, 0x78, 0x94, 0x92, 0x86, 0x6e, 0x7e,
	0x89, 0x6f, 0x68, 0x6e, 0x7f, 0x81, 0x8a, 0x76, 0x78, 0x87, 0xa0, 0x79,
	0x76, 0x7a, 0x63, 0x5f, 0x62, 0x64, 0x60, 0x59, 0x40, 0x46, 0x66, 0x70,
	0x61, 0x64, 0x83, 0x7d, 0x67, 0x7f, 0x9a, 0x89, 0x79, 0x84, 0x89, 0x6d,
	0x67, 0x6f, 0x6e, 0x6d, 0x58, 0x51, 0x51, 0x58, 0x66, 0x68, 0x50, 0x5c,
	0x5b, 0x5c, 0x7a, 0x75, 0x94, 0x89, 0x8b, 0x70, 0x75, 0x84, 0x82, 0x8f,
	0x8a, 0x90, 0x87, 0x7f, 0x7e, 0x85, 0x7d, 0x7a, 0x76, 0x7f, 0x78, 0x7d,
	0x96, 0x8a, 0x8a, 0x7a, 0x83, 0x83, 0x8e, 0x97, 0x96, 0xa3, 0x98, 0x8b,
	0x8e, 0x86, 0x82, 0x85, 0x82, 0x75, 0x70, 0x75, 0x7f, 0x76, 0x69, 0x7f,
	0x75, 0x79, 0x7c, 0x6f, 0x78, 0x85, 0x7e, 0x82, 0x80, 0x7e, 0x7e, 0x8a,
	0x8d, 0x77, 0x62, 0x73, 0x6b, 0x6d, 0x83, 0x8b, 0x8b, 0x7e, 0x8d, 0x81,
	0x8a, 0x99, 0x9a, 0x93, 0x92, 0x8f, 0x8b, 0x84, 0x87, 0x88, 0x60, 0x7c,
	0x85, 0x78, 0x6b, 0x5a, 0x3c, 0x2e, 0x29, 0x20, 0x43, 0x67, 0x69, 0x7a,
	0x7a, 0x8d, 0x7a, 0x69, 0x60, 0x6c, 0x90, 0xa6, 0x7a, 0x84, 0x82, 0x62,
	0x6f, 0x77, 0x73, 0x62, 0x75, 0x78, 0x82, 0x83, 0x96, 0x8d, 0x8a, 0x8f,
	0x8c, 0x8c, 0x7b, 0x8d, 0x97, 0xaf, 0xa6, 0x93, 0x97, 0x7d, 0x63, 0x78,
	0x80, 0x82, 0x7d, 0x88, 0x90, 0x7a, 0x79, 0x6f, 0x75, 0x8b, 0x66, 0x4b,
	0x94, 0xa4, 0x95, 0x9d, 0x8d, 0x74, 0x93, 0x9f, 0x9f, 0x8c, 0x8b, 0x85,
	0x71, 0x5d, 0x52, 0x45, 0x5c, 0x69, 0x6d, 0x63, 0x8d, 0x9f, 0x83, 0x88,
	0x84, 0xa4, 0x95, 0x91, 0x88, 0x98, 0x97, 0x8a, 0x80, 0x77, 0x7c, 0x74,
	0x5d, 0x54, 0x68, 0x63, 0x84, 0x8e, 0x72, 0x78, 0x83, 0x82, 0x7d, 0x7d,
	0x72, 0x7e, 0x78, 0x70, 0x77, 0x7f, 0x92, 0x97, 0x93, 0x7f, 0x98, 0x91,
	0x85, 0x5a, 0x85, 0x86, 0x83, 0x7f, 0x7a, 0x6f, 0x6a, 0x6e, 0x79, 0x7a,
	0x6d, 0x7f, 0x86, 0x88, 0x99, 0x8b, 0x85, 0x9a, 0x5e, 0x51, 0x58, 0x68,
	0x6f, 0x70, 0x76, 0x7f, 0x78, 0x71, 0x6c, 0x6c, 0x73, 0x7d, 0x84, 0x87,
	0x85, 0x8a, 0x8e, 0xa2, 0x5d, 0x40, 0x62, 0x6f, 0x6a, 0x6f, 0x7b, 0x81,
	0x7e, 0x78, 0x7c, 0x7a, 0x7f, 0x91, 0x8b, 0x95, 0x88, 0x84, 0x8b, 0x89,
	0x97, 0x75, 0x65, 0x61, 0x49, 0x45, 0x4d, 0x58, 0x51, 0x40, 0x5b, 0x5a,
	0x58, 0x5a, 0x75, 0x7f, 0x85, 0x92, 0x96, 0x87, 0x7f, 0x80, 0x92, 0x7e,
	0x7a, 0x76, 0x86, 0x6e, 0x41, 0x36, 0x64, 0x7b, 0x7c, 0x81, 0x84, 0x8d,
	0x90, 0x91, 0x96, 0x55, 0x72, 0x84, 0x92, 0x91, 0x92, 0x9d, 0x96, 0x92,
	0x7a, 0x74, 0x7a, 0x74, 0x82, 0x89, 0x8f, 0x9e, 0xa1, 0x99, 0x9a, 0x93,
	0x7e, 0x80, 0x85, 0x79, 0x7f, 0x83, 0x7f, 0x8e, 0xa0, 0x95, 0x84, 0x6f,
	0x74, 0x7b, 0x83, 0x84, 0x87, 0x8b, 0x5f, 0x87, 0x76, 0x7b, 0x78, 0x7b,
	0x76, 0x76, 0x8c, 0x94, 0x9f, 0x99, 0x7d, 0x7f, 0x80, 0x83, 0x90, 0x86,
	0x8d, 0x8b, 0x59, 0x7b, 0x7c, 0x64, 0x6a, 0x7e, 0x86, 0x8d, 0x90, 0x8b,
	0x87, 0x7b, 0x6d, 0x70, 0x6a, 0x68, 0x73, 0x79, 0x76, 0x70, 0x75, 0x80,
	0x8c, 0x76, 0x5e, 0x74, 0x75, 0x75, 0x6d, 0x71, 0x7e, 0x81, 0x73, 0x7e,
	0x83, 0x79, 0x77, 0x71, 0x6c, 0x63, 0x7c, 0x86, 0x87, 0x8b, 0x70, 0x6f,
	0x78, 0x66, 0x68, 0x61, 0x85, 0x94, 0x98, 0x90, 0x85, 0x78, 0x6b, 0x5d,
	0x6b, 0x6e, 0x8f, 0x85, 0x7c, 0x8e, 0x98, 0x91, 0x83, 0x77, 0x6c, 0x66,
	0x66, 0x8a, 0x9e, 0x95, 0x8f, 0x8c, 0x7d, 0x79, 0x65, 0x6a, 0x83, 0x80,
	0x70, 0x79, 0x89, 0x87, 0x6c, 0x44, 0x42, 0x6e, 0x72, 0x6a, 0x70, 0x8d,
	0x93, 0x93, 0x75, 0x7a, 0x90, 0x9d, 0x98, 0x62, 0x80, 0x79, 0x68, 0x73,
	0x57, 0x61, 0x70, 0x7f, 0x7d, 0x7e, 0x88, 0x74, 0x70, 0x75, 0x81, 0x79,
	0x84, 0x8a, 0x6b, 0x62, 0x75, 0x7f, 0x6c, 0x71, 0x7f, 0x78, 0x80, 0x78,
	0x7b, 0x79, 0x7e, 0x79, 0x72, 0x78, 0x6e, 0x7b, 0x7d, 0x73, 0x6c, 0x65,
	0x83, 0x69, 0x71, 0x89, 0x96, 0x90, 0x8c, 0x7a, 0x84, 0x7f, 0x7c, 0x7c,
	0x6b, 0x76, 0x89, 0x84, 0x79, 0x67, 0x72, 0x59, 0x6b, 0x7e, 0x80, 0x8b,
	0x8d, 0x86, 0x86, 0x7e, 0x7a, 0x7c, 0x78, 0x78, 0x87, 0x86, 0x92, 0x89,
	0x71, 0x78, 0x89, 0x45, 0x75, 0x8d, 0x9c, 0x6d, 0x6b, 0x74, 0x6b, 0x77,
	0x81, 0x74, 0x78, 0x7f, 0x89, 0x86, 0x6e, 0x64, 0x5d, 0x6c, 0x99, 0xd5,
	0x82, 0xa4, 0x8a, 0x6d, 0x6d, 0x81, 0x80, 0x91, 0x82, 0x77, 0x76, 0x7f,
	0x7d, 0x62, 0x5e, 0x5b, 0x7d, 0x91, 0xa0, 0xe0, 0x7a, 0x7a, 0x74, 0x96,
	0x93, 0x7d, 0x7a, 0x6a, 0x6a, 0x7c, 0x6b, 0x72, 0x76, 0x80, 0x84, 0x91,
	0x8f, 0x84, 0x70, 0xb2, 0x83, 0x4f, 0x82, 0x78, 0x78, 0x79, 0x76, 0x79,
	0x7b, 0x83, 0x85, 0x8a, 0x92, 0x8c, 0x85, 0x8b, 0x93, 0x7c, 0x69, 0x17,
	0x94, 0x90, 0x73, 0x47, 0x49, 0x62, 0x75, 0x76, 0x99, 0x8b, 0x75, 0x7b,
	0x7d, 0x8b, 0x6e, 0x74, 0x75, 0x7d, 0x6d, 0x52, 0x8b, 0x93, 0x8a, 0x6c,
	0x77, 0x73, 0x92, 0x9f, 0x9b, 0x9a, 0x86, 0x9d, 0x91, 0x99, 0x92, 0x8f,
	0x84, 0x8e, 0x95, 0x95, 0x96, 0x93, 0x8e, 0x9c, 0xa3, 0x9c, 0x9e, 0xa8,
	0xbc, 0xad, 0x95, 0x93, 0x8e, 0x9e, 0x9c, 0xa0, 0x90, 0x98, 0x95, 0x7e,
	0x97, 0x98, 0x9e, 0xbb, 0xaa, 0x9c, 0x9b, 0x9e, 0xa4, 0xaf, 0x9c, 0x97,
	0xa2, 0xaa, 0x97, 0x9d, 0xa0, 0x9e, 0x92, 0x7e, 0x74, 0x72, 0x8b, 0x79,
	0x72, 0x83, 0x76, 0x88, 0x85, 0x86, 0x73, 0x7e, 0x91, 0x8a, 0x84, 0x8b,
	0x9f, 0x8c, 0x84, 0x95, 0x6c, 0x71, 0x69, 0x6f, 0x71, 0x6d, 0x77, 0x6e,
	0x76, 0x70, 0x85, 0x81, 0x6f, 0x62, 0x71, 0x6b, 0x77, 0x6f, 0x7f, 0x78,
	0x76, 0x74, 0x71, 0x73, 0x64, 0x6f, 0x5f, 0x56, 0x42, 0x42, 0x6c, 0x66,
	0x61, 0x56, 0x65, 0x57, 0x49, 0x41, 0x50, 0x7a, 0x79, 0x78, 0x77, 0x74,
	0x85, 0x6d, 0x61, 0x5d, 0x5d, 0x55, 0x63, 0x60, 0x6c, 0x67, 0x65, 0x67,
	0x63, 0x6c, 0x67, 0x5a, 0x8b, 0x84, 0x77, 0x71, 0x6d, 0x8f, 0x8a, 0x7a,
	0x6d, 0x7c, 0x85, 0x7d, 0x79, 0x7f, 0x85, 0x8a, 0x8c, 0x8d, 0x95, 0x90,
	0x87, 0x8a, 0x8e, 0x8b, 0x6e, 0x78, 0x71, 0x6b, 0x7b, 0x82, 0x85, 0x71,
	0x82, 0x6b, 0x7e, 0x7e, 0x77, 0x74, 0x73, 0x7e, 0x99, 0x64, 0x76, 0x7d,
	0x8d, 0xa1, 0x94, 0x9c, 0xac, 0xaa, 0xa0, 0xb5, 0xb0, 0xb7, 0xba, 0xac,
	0xaf, 0x99, 0x79, 0x81, 0x78, 0x89, 0x80, 0x82, 0x94, 0x9f, 0x9f, 0xb1,
	0xba, 0xbe, 0xae, 0xbc, 0xc2, 0xbd, 0xb6, 0xab, 0xae, 0xa4, 0x94, 0x80,
	0x78, 0x72, 0x98, 0x9d, 0xaa, 0x98, 0x8d, 0x93, 0x9a, 0x91, 0x95, 0x87,
	0x83, 0x7f, 0x8b, 0x92, 0x83, 0x7f, 0x93, 0x83, 0x88, 0x8e, 0x8c, 0xa5,
	0x80, 0x82, 0x78, 0x77, 0x77, 0x73, 0x75, 0x74, 0x7c, 0x74, 0x65, 0x67,
	0x61, 0x68, 0x69, 0x9b, 0x7a, 0x89, 0x7f, 0x59, 0x4f, 0x4c, 0x55, 0x4f,
	0x4f, 0x51, 0x57, 0x3e, 0x35, 0x3b, 0x32, 0x53, 0x55, 0x48, 0x53, 0x7f,
	0x74, 0x79, 0x6f, 0x65, 0x5b, 0x57, 0x5e, 0x59, 0x54, 0x4e, 0x4c, 0x4a,
	0x4a, 0x54, 0x54, 0x4a, 0x58, 0x67, 0x7c, 0x65, 0x7b, 0x76, 0x67, 0x6f,
	0x71, 0x72, 0x7c, 0x6f, 0x5c, 0x68, 0x70, 0x74, 0x6f, 0x75, 0x77, 0x75,
	0x80, 0x8a, 0x93, 0x71, 0x84, 0x88, 0x89, 0x8a, 0x89, 0x8f, 0x8d, 0x92,
	0x8a, 0x89, 0x91, 0x94, 0x94, 0x94, 0x99, 0x91, 0x90, 0x98, 0x8b, 0x87,
	0x6d, 0x81, 0x79, 0x66, 0x8e, 0x80, 0x81, 0x77, 0x7a, 0x7d, 0x6f, 0x82,
	0x8b, 0xb0, 0xd1, 0xc1, 0xa6, 0xaf, 0xc9, 0xe5, 0x7d, 0x7e, 0x75, 0x73,
	0x6f, 0x78, 0x80, 0x89, 0x8f, 0x87, 0x86, 0x83, 0x7a, 0x73, 0x68, 0x63,
	0x63, 0x66, 0x94, 0xbf, 0x88, 0x75, 0x76, 0x75, 0x63, 0x79, 0x83, 0x8a,
	0x81, 0x89, 0x83, 0x7e, 0x71, 0x63, 0x57, 0x5f, 0x73, 0x54, 0x70, 0x97,
	0x8b, 0x7f, 0x85, 0x7f, 0x7d, 0x8c, 0x7c, 0x6e, 0x7e, 0x74, 0x8b, 0x80,
	0x64, 0x57, 0x44, 0x3b, 0x42, 0x65, 0x37, 0x89, 0x86, 0x68, 0x7f, 0x89,
	0x7b, 0x6d, 0x6c, 0x7f, 0x86, 0x7a, 0x87, 0x80, 0x88, 0x86, 0x83, 0x78,
	0x81, 0x7e, 0x64, 0x33, 0x6a, 0x5e, 0x61, 0x6b, 0x75, 0x70, 0x71, 0x80,
	0x7d, 0x75, 0x7c, 0x7d, 0x7e, 0x8b, 0x8e, 0x9f, 0x98, 0x91, 0x83, 0x32,
	0x78, 0x8a, 0x7e, 0x73, 0x79, 0x79, 0x83, 0x82, 0x7c, 0x7c, 0x78, 0x7d,
	0x87, 0x9c, 0xab, 0x9f, 0x9d, 0x91, 0x87, 0x56, 0x64, 0x91, 0x87, 0x88,
	0x90, 0x8b, 0x7e, 0x63, 0x5f, 0x6a, 0x61, 0x70, 0x8e, 0x91, 0x93, 0x99,
	0x87, 0x8b, 0x8c, 0x96, 0x74, 0x83, 0x84, 0x7c, 0x83, 0x7c, 0x7b, 0x6f,
	0x6b, 0x71, 0x67, 0x66, 0x6a, 0x70, 0x7d, 0x89, 0x7d, 0x83, 0x9b, 0xa6,
	0x5a, 0x40, 0x51, 0x81, 0x6a, 0x5f, 0x63, 0x62, 0x6c, 0x7b, 0x82, 0x83,
	0x7f, 0x9e, 0x8c, 0x93, 0xa2, 0x8c, 0x93, 0x7d, 0x69, 0x6b, 0x8b, 0x76,
	0x83, 0x87, 0x88, 0x74, 0x79, 0x8b, 0x80, 0x82, 0x6b, 0x74, 0x7c, 0x85,
	0x7e, 0x70, 0x58, 0x64, 0x7c, 0x8e, 0x93, 0x95, 0x96, 0x9a, 0x8c, 0x8a,
	0x84, 0x7f, 0x88, 0x7c, 0x80, 0x7f, 0x7b, 0x7d, 0x8d, 0x88, 0x77, 0x78,
	0x80, 0x86, 0x70, 0x5f, 0x56, 0x5f, 0x71, 0x8a, 0x85, 0x75, 0x74, 0x76,
	0x7f, 0x91, 0x94, 0x8c, 0x96, 0x9a, 0xac, 0x89, 0x83, 0x5d, 0x4a, 0x62,
	0x72, 0x7c, 0x85, 0x80, 0x8b, 0x96, 0x8a, 0x89, 0x95, 0x90, 0x89, 0x93,
	0x92, 0x99, 0xa9, 0x95, 0x87, 0x70, 0x71, 0x90, 0x8f, 0x98, 0x7c, 0x7a,
	0x79, 0x74, 0x77, 0x80, 0x83, 0x8b, 0x80, 0x89, 0x7c, 0x6d, 0x64, 0x5c,
	0x91, 0xa4, 0x96, 0x93, 0x84, 0x6c, 0x76, 0x71, 0x70, 0x6f, 0x71, 0x7b,
	0x82, 0x77, 0x6e, 0x5e, 0x44, 0x38, 0x4a, 0x4e, 0x82, 0xa2, 0x7a, 0x7e,
	0x7a, 0x75, 0x79, 0x89, 0x83, 0x7c, 0x78, 0x6c, 0x6d, 0x5c, 0x61, 0x5e,
	0x64, 0x7f, 0x82, 0xa3, 0x66, 0x60, 0x94, 0x79, 0x7b, 0x74, 0x76, 0x78,
	0x71, 0x73, 0x7c, 0x7d, 0x74, 0x79, 0x84, 0x83, 0x93, 0x9b, 0x99, 0xa6,
	0x97, 0x6b, 0x7c, 0x86, 0x8a, 0x8c, 0x7b, 0x90, 0x85, 0x75, 0x86, 0x9e,
	0x95, 0x82, 0x72, 0x67, 0x68, 0x94, 0x95, 0x7c, 0x64, 0x79, 0x6c, 0x83,
	0x67, 0x66, 0x73, 0x7c, 0x7b, 0x79, 0x89, 0x86, 0x94, 0x8f, 0x8b, 0x7d,
	0x7d, 0x77, 0x5b, 0x70, 0x68, 0x67, 0x88, 0x99, 0x95, 0x6e, 0x71, 0x80,
	0x87, 0x91, 0x94, 0x8b, 0x8b, 0x95, 0x92, 0x8b, 0x7a, 0x72, 0x79, 0x77,
	0x78, 0x79, 0x8c, 0x8c, 0xa3, 0x9b, 0x8a, 0x83, 0x75, 0x70, 0x86, 0x70,
	0x80, 0x86, 0x7c, 0x82, 0x77, 0x88, 0x97, 0x81, 0x85, 0x88, 0xa0, 0x9e,
	0x9e, 0x9a, 0x8f, 0x7e, 0x81, 0x7b, 0x6d, 0x5b, 0x46, 0x21, 0x30, 0x5a,
	0x75, 0x89, 0x6e, 0x7a, 0x88, 0x9b, 0x8e, 0x7f, 0x9d, 0x89, 0x8a, 0x93,
	0x7c, 0x75, 0x58, 0x5b, 0x43, 0x49, 0x68, 0x70, 0x7b, 0x6e, 0x70, 0x78,
	0x94, 0x67, 0x66, 0x84, 0x8a, 0x8e, 0x84, 0x7e, 0x6f, 0x6b, 0x5f, 0x6d,
	0x77, 0x8c, 0x8d, 0x90, 0x7e, 0x7a, 0x8d, 0x86, 0x80, 0x69, 0x42, 0x2c,
	0x48, 0x6c, 0x6d, 0x69, 0x68, 0x71, 0x7f, 0x8f, 0x98, 0x97, 0x7a, 0x77,
	0x69, 0x79, 0x84, 0x82, 0x6d, 0x84, 0x7c, 0x5b, 0x28, 0x49, 0x59, 0x5c,
	0x78, 0x84, 0x89, 0x8f, 0x9c, 0x9b, 0x92, 0x7c, 0x86, 0x71, 0x6b, 0x6c,
	0x74, 0x4d, 0x3b, 0x56, 0x64, 0x77, 0x88, 0x6b, 0x69, 0x5c, 0x5b, 0x5c,
	0x59, 0x22, 0x01, 0x01, 0x18, 0x0b, 0x2a, 0x5f, 0x8b, 0x8d, 0x6c, 0x71,
	0x64, 0x71, 0x8e, 0x91, 0x84, 0x8a, 0x80, 0x89, 0x89, 0x8b, 0x7f, 0x7c,
	0x70, 0x69, 0x87, 0x7a, 0x8a, 0x8a, 0x8b, 0x6e, 0x76, 0x6b, 0x86, 0x76,
	0x77, 0x87, 0x90, 0x78, 0x70, 0x79, 0x70, 0x57, 0x72, 0x7f, 0x88, 0x7d,
	0x87, 0x71, 0x7f, 0x93, 0x88, 0x7c, 0x79, 0x84, 0x86, 0x83, 0x85, 0x7c,
	0x76, 0x5b, 0x64, 0x79, 0x7d, 0xa0, 0x84, 0x8d, 0x75, 0x8f, 0x97, 0x96,
	0x8f, 0x8f, 0x8b, 0x80, 0x7a, 0x75, 0x74, 0x6e, 0x77, 0x80, 0x8d, 0x98,
	0x90, 0xb3, 0xa5, 0x7e, 0x8e, 0x84, 0x9a, 0x8a, 0x84, 0x8a, 0x77, 0x6b,
	0x7a, 0x72, 0x72, 0x76, 0x85, 0x82, 0x8b, 0x9a, 0x9c, 0x92, 0x7b, 0x7a,
	0x82, 0x85, 0x7f, 0x81, 0x85, 0x82, 0x72, 0x76, 0x80, 0x7f, 0x8a, 0x96,
	0x9d, 0x9c, 0x9f, 0x98, 0x83, 0x6a, 0x65, 0x7e, 0x76, 0x76, 0x6e, 0x71,
	0x88, 0x91, 0x7b, 0x84, 0x80, 0x80, 0x77, 0x86, 0x7b, 0x7f, 0x82, 0x7a,
	0x77, 0x5e, 0x71, 0x86, 0x70, 0x69, 0x73, 0x78, 0x78, 0x83, 0x82, 0x8e,
	0x8e, 0x89, 0x85, 0x86, 0x84, 0x7e, 0x6e, 0x75, 0x79, 0x6e, 0x7d, 0x7e,
	0x90, 0x7b, 0x8b, 0xa4, 0x9e, 0xad, 0x8f, 0x88, 0x8d, 0x82, 0x89, 0x8f,
	0x7e, 0x77, 0x8c, 0xa2, 0x8e, 0x7e, 0x79, 0x62, 0x66, 0x77, 0x4c, 0x3f,
	0x48, 0x5d, 0x48, 0x3f, 0x65, 0x6a, 0x7c, 0x80, 0x76, 0x6e, 0x64, 0x6f,
	0x77, 0x60, 0x60, 0x68, 0x63, 0x6b, 0x68, 0x53, 0x58, 0x3f, 0x58, 0x83,
	0x7f, 0x88, 0x7c, 0x6e, 0x86, 0x81, 0x7a, 0x74, 0x75, 0x79, 0x7f, 0x63,
	0x6c, 0x77, 0x5b, 0x6d, 0x81, 0x86, 0x8d, 0x9e, 0xaa, 0x9a, 0x7f, 0x7b,
	0x84, 0x98, 0x99, 0x90, 0x8b, 0x7f, 0x9a, 0x81, 0x68, 0x94, 0x8f, 0xa4,
	0x9d, 0xa2, 0x9e, 0xa7, 0x99, 0x7e, 0x84, 0x7b, 0x68, 0x6e, 0x85, 0x7f,
	0x83, 0x80, 0x7a, 0x6c, 0x85, 0x84, 0x9e, 0x9b, 0xa4, 0xa2, 0xa4, 0x8b,
	0x7d, 0x7b, 0x75, 0x7d, 0x7b, 0x69, 0x78, 0x6b, 0x82, 0x89, 0x8d, 0x90,
	0x97, 0x73, 0xa0, 0xa6, 0xa0, 0xa0, 0x87, 0x87, 0x72, 0x7f, 0x81, 0x7d,
	0x78, 0x71, 0x76, 0x7e, 0x8f, 0x88, 0x85, 0x8d, 0x90, 0x78, 0x98, 0x8f,
	0x81, 0x7d, 0x7c, 0x71, 0x60, 0x62, 0x73, 0x75, 0x6f, 0x82, 0x8d, 0x82,
	0x76, 0x85, 0x6e, 0x7d, 0x86, 0x6e, 0x58, 0x62, 0x51, 0x4e, 0x61, 0x48,
	0x59, 0x69, 0x71, 0x73, 0x82, 0x7e, 0x62, 0x63, 0x5a, 0x60, 0x56, 0x77,
	0x82, 0x57, 0x7b, 0x69, 0x65, 0x78, 0x76, 0x87, 0x83, 0x7f, 0x77, 0x7a,
	0x74, 0x71, 0x81, 0x8d, 0x73, 0x5b, 0x34, 0x58, 0x85, 0x70, 0x6b, 0x75,
	0x78, 0x78, 0x75, 0x77, 0x75, 0x79, 0x86, 0x88, 0x8a, 0x87, 0x93, 0x88,
	0x83, 0x83, 0x7c, 0x9a, 0x86, 0x82, 0x8e, 0xa9, 0x9a, 0x8a, 0x91, 0x8c,
	0x97, 0x8f, 0x86, 0x85, 0x88, 0x95, 0x97, 0x9c, 0x99, 0x8d, 0x92, 0x8c,
	0xc3, 0xa8, 0xa3, 0xac, 0xbd, 0xbd, 0xbd, 0xc7, 0xc0, 0xaa, 0x9e, 0x8e,
	0x8c, 0x88, 0x7c, 0x7b, 0x6c, 0x87, 0x7d, 0x83, 0xc8, 0xb8, 0xbc, 0xb9,
	0xab, 0xa7, 0xa0, 0xa1, 0x92, 0x8d, 0x8d, 0x8c, 0x8c, 0x95, 0x89, 0x85,
	0x85, 0x7d, 0x7a, 0x8c, 0x6b, 0x6f, 0x75, 0x67, 0x69, 0x69, 0x64, 0x76,
	0x72, 0x82, 0x82, 0x87, 0x7d, 0x85, 0x83, 0x83, 0x91, 0x82, 0x82, 0x8c,
	0x6d, 0x6e, 0x68, 0x5c, 0x69, 0x76, 0x73, 0x74, 0x76, 0x85, 0x84, 0x80,
	0x85, 0x74, 0x74, 0x7d, 0x7f, 0x7e, 0x8b, 0x70, 0x58, 0x7d, 0x88, 0x79,
	0x6a, 0x70, 0x76, 0x6a, 0x67, 0x6f, 0x73, 0x7f, 0x74, 0x71, 0x83, 0x7d,
	0x84, 0x8c, 0x92, 0x7d, 0x56, 0x6d, 0x64, 0x60, 0x73, 0x6b, 0x6d, 0x66,
	0x6e, 0x6b, 0x6e, 0x7a, 0x84, 0x7c, 0x7d, 0x7d, 0x82, 0x75, 0x83, 0x80,
	0x7b, 0x86, 0x7a, 0x50, 0x38, 0x3b, 0x2e, 0x3b, 0x5a, 0x5b, 0x6d, 0x75,
	0x7b, 0x7e, 0x83, 0x8e, 0x89, 0x80, 0x8d, 0x90, 0x84, 0x75, 0x7a, 0x64,
	0x6d, 0x95, 0x8d, 0x9b, 0x9e, 0xaf, 0xa2, 0x91, 0x8a, 0x82, 0x6e, 0x82,
	0x7a, 0x74, 0x65, 0x7c, 0x79, 0x8d, 0xa2, 0x8f, 0x64, 0x88, 0xb4, 0xa9,
	0xa1, 0xa0, 0x9c, 0x8e, 0x8d, 0x88, 0x82, 0x7c, 0x73, 0x81, 0x8b, 0x8f,
	0x98, 0x9e, 0x90, 0x98, 0x6e, 0x6d, 0x89, 0x8b, 0x91, 0x9b, 0x84, 0x7d,
	0x79, 0x72, 0x68, 0x65, 0x75, 0x8f, 0x7d, 0x96, 0x88, 0x81, 0x6f, 0x72,
	0x82, 0x73, 0x67, 0x80, 0x79, 0x86, 0x61, 0x73, 0x63, 0x67, 0x6f, 0x6b,
	0x88, 0x81, 0x7d, 0x6e, 0x77, 0x6f, 0x79, 0x82, 0x86, 0x75, 0x73, 0x62,
	0x57, 0x34, 0x4f, 0x4e, 0x5c, 0x75, 0x87, 0x8f, 0x8b, 0x7a, 0x78, 0x78,
	0x5e, 0x5e, 0x85, 0x80, 0x99, 0x80, 0x62, 0x48, 0x35, 0x27, 0x3a, 0x55,
	0x6f, 0x80, 0x99, 0x92, 0x82, 0x76, 0x82, 0x73, 0x73, 0x82, 0x71, 0x7a,
	0x97, 0x8a, 0x6d, 0x71, 0x82, 0x85, 0x93, 0x91, 0x8b, 0x83, 0x87, 0x86,
	0x84, 0x7f, 0x7e, 0x7b, 0x81, 0x82, 0x6c, 0x71, 0x7c, 0x6e, 0x77, 0x84,
	0x96, 0x9f, 0xa3, 0xa6, 0xa5, 0x93, 0x7e, 0x74, 0x78, 0x7b, 0x88, 0x72,
	0x78, 0x71, 0x81, 0x90, 0x80, 0x87, 0x8b, 0x75, 0x69, 0x61, 0x6a, 0x74,
	0x6b, 0x6e, 0x68, 0x66, 0x63, 0x63, 0x84, 0xa0, 0x80, 0x7c, 0x83, 0x6b,
	0x6f, 0x67, 0x70, 0x62, 0x50, 0x6b, 0x5d, 0x58, 0x65, 0x5a, 0x5b, 0x74,
	0x70, 0x73, 0x82, 0x93, 0x88, 0x96, 0x8e, 0x6b, 0x82, 0x7a, 0x77, 0x73,
	0x77, 0x75, 0x71, 0x6b, 0x68, 0x64, 0x79, 0x80, 0x73, 0x6d, 0x95, 0x8a,
	0x8e, 0x86, 0x77, 0x7f, 0x76, 0x87, 0x93, 0x9a, 0x94, 0x88, 0x89, 0x82,
	0x87, 0x76, 0x84, 0x84, 0x74, 0x73, 0x97, 0x8b, 0x80, 0x7a, 0x77, 0x7a,
	0x86, 0x91, 0x8d, 0x95, 0xac, 0xb3, 0xa3, 0xa5, 0xac, 0xa4, 0x98, 0x7c,
	0x91, 0x88, 0x7e, 0x7a, 0x75, 0x7d, 0x69, 0x8d, 0x8f, 0x94, 0x94, 0x96,
	0x9e, 0x9c, 0xb6, 0xb3, 0x9f, 0x9b, 0x95, 0x8a, 0x8c, 0x8f, 0x6d, 0x5a,
	0x82, 0x7c, 0x8f, 0xa6, 0xa3, 0x90, 0x83, 0x82, 0x7e, 0x74, 0x72, 0x8a,
	0x8a, 0x9a, 0x90, 0x86, 0x83, 0x77, 0x73, 0x7d, 0x7c, 0x7b, 0x77, 0x7f,
	0x75, 0x84, 0x82, 0x7b, 0x77, 0x68, 0x77, 0x73, 0x70, 0x8b, 0x80, 0x83,
	0x85, 0x8a, 0x7a, 0x70, 0x7c, 0x83, 0x8a, 0x81, 0x71, 0x66, 0x62, 0x6c,
	0x63, 0x67, 0x6f, 0x6c, 0x68, 0x70, 0x74, 0x7c, 0x8b, 0x93, 0x7a, 0x97,
	0x7a, 0x99, 0xc9, 0xe2, 0xd9, 0xad, 0x94, 0x93, 0x8b, 0x89, 0x7f, 0x69,
	0x7e, 0x88, 0x73, 0x86, 0x82, 0x80, 0x9f, 0xbe, 0x8b, 0x5a, 0x77, 0x82,
	0x9e, 0x83, 0x83, 0x7e, 0x7c, 0x7a, 0x7d, 0x86, 0x88, 0x90, 0xa3, 0x96,
	0x92, 0x96, 0x87, 0x8f, 0x73, 0x68, 0x7d, 0x8a, 0x7d, 0x83, 0x84, 0x80,
	0x81, 0x7e, 0x85, 0x8d, 0x83, 0x86, 0x95, 0x96, 0x9c, 0x9d, 0x8e, 0x9f,
	0x73, 0x72, 0x8b, 0x91, 0x7f, 0x6e, 0x7d, 0x7e, 0x6a, 0x70, 0x6e, 0x74,
	0x7f, 0x7a, 0x58, 0x6c, 0x6c, 0x78, 0x6e, 0x83, 0x96, 0x84, 0x8a, 0x61,
	0x62, 0x74, 0x78, 0x6c, 0x67, 0x7f, 0x80, 0x6a, 0x76, 0x86, 0x7c, 0x73,
	0x78, 0x7d, 0x8b, 0x74, 0x93, 0xb2, 0x6b, 0x65, 0x76, 0x7f, 0x76, 0x7a,
	0x7a, 0x73, 0x74, 0x62, 0x78, 0x84, 0x87, 0x83, 0x86, 0x6e, 0x7e, 0x7b,
	0x6c, 0x99, 0x52, 0x5a, 0x72, 0x74, 0x70, 0x73, 0x85, 0x7f, 0x90, 0x8e,
	0x84, 0x70, 0x72, 0x75, 0x72, 0x65, 0x79, 0x6e, 0x70, 0x86, 0xa0, 0x99,
	0x94, 0x8f, 0x89, 0x92, 0x9e, 0x9b, 0x8b, 0x87, 0x6f, 0x66, 0x69, 0x6e,
	0x67, 0x76, 0x79, 0x73, 0x7a, 0x68, 0x8f, 0x9a, 0x81, 0x80, 0x85, 0x87,
	0x82, 0x7a, 0x74, 0x8b, 0x8e, 0x80, 0x84, 0x80, 0x83, 0x7d, 0x80, 0x72,
	0x7c, 0x58, 0x5d, 0x7c, 0x90, 0x84, 0x82, 0x7f, 0x89, 0x8f, 0x89, 0x7c,
	0x80, 0x77, 0x6b, 0x7f, 0x98, 0xb9, 0x9e, 0x70, 0x68, 0x76, 0x81, 0x78,
	0x72, 0x80, 0x8e, 0x84, 0x7c, 0x80, 0x7e, 0x85, 0x85, 0x87, 0x83, 0x83,
	0x87, 0x5e, 0x5e, 0x56, 0x81, 0x74, 0x94, 0x75, 0x8b, 0x85, 0x8e, 0x79,
	0x7a, 0x80, 0x88, 0x85, 0x88, 0x86, 0x9e, 0x88, 0x86, 0x79, 0x77, 0x6e,
	0x88, 0x7d, 0x75, 0x8b, 0x87, 0x99, 0x8b, 0x8b, 0x84, 0x83, 0x80, 0x82,
	0x8d, 0x94, 0xa5, 0x8f, 0x60, 0x64, 0x93, 0x89, 0x71, 0x70, 0x80, 0x8c,
	0x87, 0x81, 0x7b, 0x86, 0x82, 0x80, 0x82, 0x8e, 0x7e, 0x83, 0x86, 0x8e,
	0x7b, 0x71, 0x44, 0x4f, 0x7b, 0x96, 0x79, 0x7a, 0x74, 0x7a, 0x76, 0x73,
	0x7a, 0x82, 0x7a, 0x7d, 0x79, 0x63, 0x60, 0x64, 0x6a, 0x85, 0x91, 0x45,
	0x87, 0x90, 0x79, 0x7c, 0x7b, 0x71, 0x6c, 0x6a, 0x72, 0x6a, 0x67, 0x61,
	0x5d, 0x67, 0x50, 0x58, 0x7c, 0x99, 0xa3, 0x8d, 0x78, 0x7f, 0x7e, 0x6a,
	0x71, 0x6f, 0x6f, 0x7d, 0x82, 0x7c, 0x7c, 0x77, 0x73, 0x7a, 0x7f, 0x88,
	0xa3, 0xab, 0x9c, 0xc5, 0x86, 0x6a, 0x70, 0x7a, 0x7b, 0x7d, 0x74, 0x7b,
	0x7b, 0x8a, 0x83, 0x7a, 0x78, 0x84, 0x71, 0x7a, 0x78, 0x70, 0x60, 0xbe,
	0x7f, 0x6d, 0x61, 0x8d, 0x8e, 0x81, 0x7c, 0x7c, 0x7e, 0x70, 0x77, 0x6f,
	0x74, 0x74, 0x8b, 0x76, 0x74, 0x68, 0x6e, 0x70, 0x77, 0x7c, 0x92, 0x9e,
	0x8a, 0x8f, 0x93, 0x9c, 0xa1, 0x8a, 0x8d, 0x84, 0x90, 0x95, 0x90, 0x72,
	0x7e, 0x81, 0x7f, 0x7b, 0x81, 0x9c, 0x90, 0x7d, 0x9c, 0x9a, 0x98, 0xa5,
	0xa7, 0x9c, 0x9b, 0x93, 0x94, 0x7a, 0x7a, 0x74, 0x71, 0x7c, 0x68, 0x6b,
	0x76, 0x8a, 0x84, 0x6c, 0x6c, 0x60, 0x74, 0x6f, 0x85, 0x9a, 0x9d, 0x94,
	0x8a, 0x8a, 0x90, 0xa9, 0x9e, 0x9b, 0x94, 0x82, 0x7e, 0x96, 0x8c, 0x80,
	0x6b, 0x58, 0x48, 0x3a, 0x46, 0x5f, 0x62, 0x7d, 0x7a, 0x92, 0x91, 0x98,
	0x9b, 0x95, 0xa8, 0x90, 0x95, 0x7e, 0x77, 0x7e, 0x80, 0x84, 0x6c, 0x7b,
	0x5c, 0x59, 0x50, 0x61, 0x60, 0x6c, 0x6e, 0x75, 0x73, 0x7f, 0x80, 0x76,
	0x8d, 0x7d, 0x86, 0x91, 0x87, 0x8b, 0x88, 0x8c, 0x7c, 0x7e, 0x7c, 0x74,
	0x71, 0x60, 0x59, 0x5f, 0x4f, 0x3b, 0x3d, 0x62, 0x78, 0x49, 0x49, 0x60,
	0x68, 0x74, 0x8c, 0x81, 0x79, 0x75, 0x76, 0x65, 0x6a, 0x64, 0x78, 0x76,
	0x78, 0x76, 0x61, 0x86, 0x62, 0x6e, 0x73, 0x7a, 0x74, 0x82, 0x81, 0x7e,
	0x82, 0x81, 0x7e, 0x7f, 0x8a, 0x90, 0x82, 0x71, 0x8a, 0x86, 0x9f, 0x91,
	0x89, 0x55, 0x5e, 0x8e, 0x91, 0x9a, 0x9c, 0x8a, 0x76, 0x7b, 0x6b, 0x75,
	0x68, 0x6d, 0x6d, 0x57, 0x44, 0x43, 0x55, 0x68, 0x92, 0x96, 0x6f, 0x89,
	0x90, 0x94, 0x8c, 0x8a, 0x90, 0x8e, 0x8a, 0x8b, 0x89, 0x7b, 0x7f, 0x80,
	0x6a, 0x6a, 0x7c, 0x89, 0x81, 0x83, 0x8b, 0x90, 0x97, 0xa0, 0xa7, 0x92,
	0x8f, 0x8e, 0x7e, 0x86, 0x96, 0x8a, 0x73, 0x7d, 0x7b, 0x8d, 0x80, 0x85,
	0x80, 0x7b, 0x8c, 0x93, 0x71, 0x87, 0x77, 0x6f, 0x68, 0x61, 0x5b, 0x63,
	0x6d, 0x7e, 0x7c, 0x70, 0x75, 0x85, 0x7d, 0x68, 0x95, 0x9b, 0xb7, 0xb6,
	0x9f, 0x8f, 0x98, 0x88, 0x68, 0x64, 0x74, 0x7a, 0x60, 0x6b, 0x68, 0x60,
	0x79, 0x76, 0x80, 0x66, 0x89, 0x9a, 0xa0, 0x8c, 0x79, 0x77, 0x84, 0x81,
	0x81, 0x7c, 0x80, 0x6f, 0x68, 0x75, 0x74, 0x74, 0x7d, 0x75, 0x77, 0x83,
	0x67, 0x6d, 0x7f, 0x67, 0x6b, 0x64, 0x69, 0x74, 0x83, 0x8b, 0x84, 0x84,
	0x80, 0x70, 0x81, 0x85, 0x8a, 0x8c, 0x86, 0x7d, 0x58, 0x4e, 0x4b, 0x47,
	0x61, 0x52, 0x4e, 0x64, 0x70, 0x7d, 0x82, 0x8b, 0x89, 0x89, 0x92, 0x91,
	0x92, 0x80, 0x6f, 0x77, 0x6d, 0x53, 0x3d, 0x50, 0x5f, 0x6a, 0x5f, 0x71,
	0x7f, 0x84, 0x7a, 0x7c, 0x7f, 0x87, 0x86, 0x89, 0x73, 0x6c, 0x77, 0x8d,
	0x84, 0x73, 0x78, 0x65, 0x62, 0x69, 0x77, 0x81, 0x79, 0x77, 0x7d, 0x8e,
	0x91, 0x90, 0x9f, 0x8f, 0xad, 0xcc, 0xb9, 0xa2, 0x85, 0x7d, 0x90, 0x76,
	0x7f, 0x89, 0x73, 0x7d, 0x78, 0x80, 0x7e, 0x74, 0x67, 0x65, 0x6e, 0x6b,
	0x5f, 0x54, 0x53, 0x36, 0x74, 0x79, 0x86, 0x82, 0x65, 0x76, 0x71, 0x77,
	0x7d, 0x84, 0x81, 0x7d, 0x7c, 0x88, 0x86, 0x76, 0x75, 0x6a, 0x3a, 0x33,
	0x77, 0x7a, 0x7a, 0x7b, 0x69, 0x73, 0x81, 0x8c, 0x9c, 0xa6, 0x98, 0x9e,
	0x9f, 0x8d, 0x7c, 0x7c, 0x7f, 0x7b, 0x5f, 0x3e, 0x81, 0x86, 0x94, 0x72,
	0x77, 0x83, 0x92, 0x83, 0x7c, 0x82, 0x82, 0x89, 0x8e, 0x92, 0x8a, 0x8a,
	0x86, 0x79, 0x80, 0x6d, 0x7c, 0x87, 0x5c, 0x79, 0x89, 0x87, 0x83, 0x7c,
	0x79, 0x7e, 0x89, 0x7a, 0x83, 0x87, 0x83, 0x81, 0x82, 0x7e, 0x86, 0xdb,
	0x70, 0x5e, 0x5c, 0x6b, 0x6f, 0x72, 0x7f, 0x72, 0x80, 0x7e, 0x77, 0x75,
	0x76, 0x83, 0x8e, 0x85, 0x73, 0x8e, 0x9c, 0xe4, 0x71, 0x72, 0x61, 0x83,
	0x7f, 0x69, 0x62, 0x6d, 0x60, 0x56, 0x63, 0x70, 0x6c, 0x77, 0x75, 0x82,
	0x83, 0x90, 0x96, 0xb9, 0x83, 0x87, 0x8c, 0x87, 0x8f, 0x7b, 0x78, 0x75,
	0x6b, 0x54, 0x58, 0x55, 0x55, 0x42, 0x53, 0x66, 0x79, 0x86, 0x9f, 0x48,
	0x84, 0x8e, 0x7a, 0x83, 0x7b, 0x9a, 0x9a, 0x6e, 0x61, 0x4e, 0x31, 0x12,
	0x01, 0x25, 0x45, 0x70, 0x72, 0x6a, 0x6f, 0x89, 0x7d, 0x7a, 0x79, 0x80,
	0x8f, 0x93, 0x8f, 0x89, 0x87, 0x8d, 0x89, 0x80, 0x7d, 0x70, 0x85, 0x8b,
	0x8d, 0x99, 0x8f, 0x8a, 0x8d, 0x79, 0x86, 0x96, 0x99, 0x93, 0x7f, 0x7b,
	0x7b, 0x6b, 0x6c, 0x6c, 0x6e, 0x71, 0x85, 0xa5, 0xaa, 0xa2, 0x98, 0x91,
	0x7c, 0x98, 0x7a, 0x9d, 0x87, 0x84, 0x81, 0x74, 0x6e, 0x57, 0x4c, 0x5b,
	0x73, 0x8d, 0x94, 0x8d, 0x82, 0x70, 0x8b, 0x70, 0x90, 0x81, 0x8c, 0x81,
	0x82, 0x86, 0x7f, 0x6b, 0x70, 0x73, 0x7a, 0x77, 0x6f, 0x7a, 0x76, 0x75,
	0x74, 0x7d, 0x83, 0x79, 0x73, 0x5e, 0x6a, 0x6e, 0x7b, 0x85, 0x7b, 0x74,
	0x74, 0x84, 0x91, 0x8e, 0x8e, 0x87, 0x81, 0x7a, 0x71, 0x75, 0x72, 0x7a,
	0x6c, 0x6d, 0x61, 0x5b, 0x5f, 0x5b, 0x68, 0x6e, 0x85, 0x95, 0x97, 0x9d,
	0x96, 0x91, 0x83, 0x69, 0x66, 0x61, 0x67, 0x72, 0x7b, 0x8e, 0x9b, 0x72,
	0x67, 0x61, 0x78, 0x91, 0x87, 0x91, 0x8a, 0x8b, 0x8e, 0x7d, 0x71, 0x73,
	0x7a, 0x83, 0x6f, 0x88, 0x8a, 0x97, 0x88, 0x89, 0x85, 0x8a, 0x8b, 0x9d,
	0x95, 0x90, 0x8c, 0x87, 0x85, 0x73, 0x76, 0x6f, 0x7f, 0x78, 0x7b, 0x7f,
	0x70, 0x50, 0x5c, 0x5a, 0x79, 0x73, 0x65, 0x85, 0x85, 0x8f, 0x90, 0x82,
	0x84, 0x74, 0x67, 0x77, 0x83, 0x6f, 0x79, 0xad, 0x9b, 0x8a, 0x77, 0x86,
	0x7e, 0x81, 0x84, 0x82, 0x8d, 0x85, 0x7c, 0x7d, 0x86, 0x81, 0x86, 0x83,
	0x74, 0x7a, 0x77, 0x73, 0x9a, 0x97, 0x8a, 0x73, 0x83, 0x84, 0x8b, 0x82,
	0x7d, 0x99, 0x96, 0x9e, 0x9d, 0x92, 0x8a, 0x7e, 0x83, 0x8d, 0x8f, 0x94,
	0x6d, 0x46, 0x6f, 0x68, 0x6a, 0x83, 0x7b, 0x88, 0x7f, 0x96, 0xab, 0xa3,
	0x98, 0x9c, 0x9d, 0x95, 0xa8, 0xa3, 0xa4, 0xa9, 0x88, 0x7b, 0x61, 0x72,
	0x7c, 0x80, 0x96, 0x90, 0x8a, 0x8c, 0x8d, 0x85, 0x73, 0x70, 0x73, 0x80,
	0x8a, 0x8b, 0xb1, 0xaf, 0xa0, 0x9e, 0x7c, 0x6e, 0x71, 0x85, 0x87, 0x8c,
	0x96, 0x8a, 0x87, 0x79, 0x74, 0x79, 0x74, 0x7e, 0x83, 0x7a, 0x84, 0x77,
	0x9a, 0x9d, 0x8d, 0x79, 0x77, 0x70, 0x6c, 0x7e, 0x7c, 0x6a, 0x69, 0x70,
	0x7d, 0x80, 0x7a, 0x7a, 0x79, 0x69, 0x65, 0x44, 0x55, 0x82, 0x97, 0xa1,
	0x8c, 0x7d, 0x65, 0x5a, 0x52, 0x44, 0x56, 0x5b, 0x66, 0x6b, 0x6b, 0x74,
	0x5c, 0x6b, 0x59, 0x6a, 0x3b, 0x51, 0x7e, 0x96, 0x96, 0x7c, 0x7d, 0x6b,
	0x79, 0x77, 0x66, 0x6f, 0x69, 0x73, 0x79, 0x7a, 0x6f, 0x6e, 0x59, 0x6b,
	0x7f, 0x62, 0x5a, 0x37, 0x41, 0x5b, 0x63, 0x7e, 0x8f, 0x9a, 0x9c, 0xa6,
	0x8d, 0x71, 0x85, 0x67, 0x77, 0x6a, 0x8e, 0x89, 0x8d, 0x5e, 0x59, 0x85,
	0x86, 0x7d, 0x84, 0x7a, 0x7f, 0x87, 0x90, 0x79, 0x7e, 0x79, 0x6f, 0x64,
	0x67, 0x74, 0x94, 0x62, 0xa0, 0x8a, 0x7d, 0x87, 0x9b, 0x92, 0x8c, 0x77,
	0x71, 0x76, 0x89, 0x7d, 0x7d, 0x8b, 0x81, 0x7b, 0x80, 0x7e, 0x5e, 0x75,
	0xa1, 0x9b, 0x93, 0x8d, 0x8b, 0x9e, 0x8c, 0x71, 0x77, 0x8a, 0x8a, 0x82,
	0x88, 0x7f, 0x97, 0x8d, 0x93, 0x81, 0x87, 0x97, 0x88, 0xa0, 0x82, 0x72,
	0x5c, 0x54, 0x61, 0x6c, 0x72, 0x75, 0x7a, 0x7d, 0x89, 0x96, 0xa1, 0xa6,
	0xa9, 0x81, 0x7c, 0x97, 0x66, 0x77, 0x6d, 0x63, 0x58, 0x6a, 0x79, 0x86,
	0x96, 0xa4, 0x87, 0x8c, 0x93, 0x83, 0x84, 0x8a, 0x7e, 0x69, 0x66, 0x9e,
	0x7b, 0x8c, 0x86, 0x79, 0x86, 0x8a, 0x7d, 0x84, 0x8f, 0x8b, 0x89, 0x8d,
	0x7b, 0x71, 0x68, 0x5f, 0x55, 0x70, 0x77, 0x7d, 0x5b, 0x88, 0x93, 0x8b,
	0x92, 0x7f, 0x82, 0x81, 0x73, 0x5a, 0x5a, 0x66, 0x5e, 0x6d, 0x75, 0x7f,
	0x84, 0x8e, 0x83, 0x6c, 0x5a, 0x41, 0x7a, 0x79, 0x78, 0x79, 0x74, 0x89,
	0x77, 0x6e, 0x64, 0x79, 0x6d, 0x76, 0x72, 0x78, 0x6e, 0x88, 0x91, 0x5a,
	0x76, 0x5d, 0x4c, 0x4d, 0x7d, 0x98, 0x8e, 0x8e, 0x9c, 0xb7, 0x86, 0x8c,
	0x8a, 0x91, 0x79, 0x58, 0x70, 0x45, 0x63, 0x58, 0xb0, 0xa6, 0x9b, 0x80,
	0x83, 0x81, 0x82, 0x70, 0x6d, 0x70, 0x7e, 0x7f, 0x86, 0x7e, 0x8c, 0x86,
	0x65, 0x71, 0x84, 0x8d, 0x98, 0x8c, 0x75, 0x7e, 0x89, 0x85, 0x89, 0x83,
	0x8b, 0x91, 0x8b, 0x88, 0x89, 0x7a, 0x7f, 0x7d, 0x82, 0x7c, 0x90, 0x86,
	0xa6, 0x6d, 0x79, 0x7d, 0x83, 0x84, 0x83, 0x8f, 0x8a, 0x8e, 0x88, 0x7e,
	0x83, 0x83, 0x81, 0x82, 0x8e, 0xa9, 0x79, 0x66, 0x47, 0x61, 0x6b, 0x7b,
	0x72, 0x67, 0x74, 0x7e, 0x6a, 0x75, 0x77, 0x73, 0x77, 0x83, 0x81, 0x7b,
	0x7c, 0x85, 0x77, 0x6b, 0x18, 0x5e, 0x5f, 0x6e, 0x6f, 0x79, 0x76, 0x7c,
	0x7f, 0x82, 0x79, 0x7d, 0x7d, 0x7b, 0x7f, 0x73, 0x78, 0x5f, 0x62, 0x90,
	0x60, 0x4d, 0x6b, 0x6f, 0x73, 0x77, 0x7d, 0x87, 0x90, 0x86, 0x88, 0x8a,
	0x87, 0x78, 0x74, 0x72, 0x77, 0x7f, 0x89, 0x7e, 0x8a, 0xa2, 0x90, 0x92,
	0x88, 0x90, 0x7f, 0x86, 0x7f, 0x78, 0x85, 0x7a, 0x6a, 0x80, 0x7a, 0x84,
	0x88, 0x80, 0x7e, 0x77, 0xb5, 0xa2, 0x9e, 0x82, 0x7f, 0x7a, 0x7c, 0x60,
	0x72, 0x64, 0x5f, 0x76, 0x76, 0x82, 0x75, 0x81, 0x7d, 0x71, 0x7b, 0x88,
	0x89, 0xa5, 0xa6, 0x8c, 0x9d, 0x93, 0x90, 0x8a, 0xa5, 0x9e, 0x9e, 0x90,
	0x83, 0x7e, 0x7c, 0x7f, 0x46, 0x44, 0x61, 0x5d, 0x72, 0x8f, 0x4c, 0x62,
	0x69, 0x70, 0x77, 0x66, 0x5a, 0x60, 0x5e, 0x6d, 0x79, 0x7a, 0x93, 0x8f,
	0x9d, 0xc1, 0xa6, 0x96, 0x7a, 0x87, 0x61, 0x47, 0x54, 0x4f, 0x59, 0x64,
	0x59, 0x5e, 0x60, 0x6a, 0x76, 0x74, 0x74, 0x98, 0x8c, 0xb7, 0xab, 0x8c,
	0x76, 0x91, 0x73, 0x73, 0x86, 0x7c, 0x7b, 0x6e, 0x84, 0x93, 0x73, 0x77,
	0x6f, 0x77, 0x77, 0x5f, 0x6a, 0x58, 0x75, 0x8d, 0x6b, 0x6c, 0x83, 0x7e,
	0x8b, 0x86, 0x8a, 0x82, 0x83, 0x7c, 0x82, 0x7c, 0x60, 0x6a, 0x54, 0x72,
	0x6d, 0x7e, 0x92, 0x72, 0x67, 0x7b, 0xb0, 0x97, 0xa4, 0x95, 0x83, 0x88,
	0x89, 0x7a, 0x7d, 0x76, 0x7c, 0x98, 0x92, 0x81, 0x83, 0x74, 0x68, 0x5e,
	0x93, 0x8a, 0xb3, 0x9c, 0x85, 0x8a, 0x82, 0x7f, 0x86, 0x82, 0x91, 0x91,
	0x96, 0x96, 0x96, 0x82, 0x74, 0x53, 0x40, 0x53, 0x8a, 0x7a, 0x7a, 0x8c,
	0x7a, 0x7b, 0x82, 0x8c, 0x93, 0x91, 0x92, 0x82, 0x87, 0x6e, 0x71, 0x58,
	0x67, 0x55, 0x53, 0x86, 0x88, 0x4e, 0x5d, 0x8d, 0x6d, 0x7d, 0x87, 0x8c,
	0x82, 0x81, 0x8a, 0x8b, 0x84, 0x72, 0x73, 0x85, 0x81, 0x72, 0x87, 0x80,
	0x89, 0x74, 0x49, 0x4c, 0x73, 0x80, 0x7a, 0x95, 0x9a, 0xa3, 0xa5, 0x81,
	0x73, 0x5e, 0x4f, 0x68, 0x7e, 0x5f, 0x63, 0x60, 0x85, 0x82, 0x9b, 0x8d,
	0x69, 0x6d, 0x6c, 0x6f, 0x68, 0x6a, 0x7c, 0x88, 0x8d, 0x7e, 0x91, 0x7f,
	0x89, 0x8c, 0x84, 0x86, 0x7d, 0x78, 0x7f, 0x69, 0x5f, 0x68, 0x60, 0x5d,
	0x60, 0x6b, 0x66, 0x61, 0x76, 0x88, 0xa7, 0x91, 0x99, 0x81, 0x8a, 0x74,
	0x72, 0x8c, 0x8a, 0x66, 0x55, 0x5c, 0x4f, 0x4e, 0x46, 0x66, 0x66, 0x6b,
	0x6d, 0x64, 0x6c, 0x7a, 0x6a, 0x75, 0x6d, 0x6a, 0x87, 0x86, 0x80, 0x8a,
	0x79, 0x6e, 0x67, 0x6f, 0x7d, 0x76, 0x7a, 0x72, 0x82, 0x81, 0x71, 0x76,
	0x76, 0x5a, 0x43, 0x5a, 0x86, 0x77, 0x7a, 0x8a, 0x99, 0x8e, 0x95, 0x88,
	0x96, 0x8a, 0x8e, 0x8c, 0x8b, 0x82, 0x75, 0x7f, 0x7e, 0x7a, 0x6f, 0x79,
	0x7d, 0x5f, 0x67, 0x7c, 0x9d, 0x9a, 0x9c, 0x98, 0x91, 0x8d, 0x91, 0x8f,
	0x80, 0x7c, 0x77, 0x76, 0x79, 0x6f, 0x8e, 0x70, 0x6e, 0x75, 0x64, 0x6a,
	0x8e, 0x90, 0x97, 0xa0, 0x90, 0x7a, 0x7e, 0x7e, 0x6e, 0x75, 0x71, 0x78,
	0x77, 0x8e, 0x96, 0x92, 0x67, 0x80, 0x6f, 0x80, 0x7b, 0x83, 0x93, 0x93,
	0x98, 0x93, 0x7e, 0x79, 0x6b, 0x79, 0x67, 0x67, 0x73, 0x88, 0x88, 0x97,
	0x94, 0x7b, 0x6a, 0x57, 0x34, 0x4f, 0x5f, 0x77, 0x73, 0x68, 0x72, 0x74,
	0x80, 0x8e, 0x7f, 0x80, 0x7f, 0x87, 0x94, 0x8b, 0x8b, 0x8b, 0x5c, 0x3e,
	0x56, 0x78, 0x99, 0x94, 0x7d, 0x79, 0x8a, 0x98, 0x93, 0x8a, 0x8f, 0x69,
	0x6f, 0x6f, 0x81, 0x59, 0x7b, 0x8b, 0x8d, 0x63, 0x4f, 0x77, 0x79, 0x8f,
	0x95, 0x89, 0x8c, 0x8c, 0x86, 0x8b, 0x83, 0x67, 0x76, 0x8d, 0x84, 0x97,
	0x6e, 0x71, 0x9e, 0x9b, 0x76, 0x67, 0x56, 0x74, 0xa1, 0x8a, 0x80, 0x7d,
	0x80, 0x80, 0x9b, 0x95, 0x82, 0x95, 0x85, 0xb4, 0x88, 0x99, 0x9f, 0x9c,
	0x8e, 0x6d, 0x53, 0x53, 0x62, 0x77, 0x88, 0x81, 0x8a, 0x84, 0x97, 0x85,
	0x84, 0x88, 0x70, 0x8f, 0x67, 0xa5, 0x7f, 0x82, 0x81, 0x7f, 0x70, 0x5c,
	0x5e, 0x6c, 0x63, 0x75, 0x93, 0x83, 0x80, 0x85, 0x85, 0x81, 0x65, 0x66,
	0x7d, 0x52, 0x5a, 0x85, 0x94, 0x83, 0x8d, 0x7f, 0x67, 0x6e, 0x6b, 0x6f,
	0x68, 0x71, 0x89, 0x8f, 0x9d, 0x75, 0x78, 0x6e, 0x75, 0x67, 0x70, 0xa2,
	0x9a, 0x90, 0x8c, 0x84, 0x74, 0x71, 0x69, 0x5e, 0x51, 0x56, 0x41, 0x78,
	0x7a, 0x69, 0x84, 0x72, 0x8d, 0x64, 0x70, 0x64, 0x8b, 0x95, 0x9b, 0x90,
	0x91, 0x97, 0x8c, 0x81, 0x70, 0x77, 0x62, 0x69, 0x59, 0x64, 0x84, 0x63,
	0x7c, 0x72, 0x78, 0x72, 0x67, 0x64, 0x7a, 0x68, 0x63, 0x72, 0x69, 0x6a,
	0x6e, 0x5f, 0x54, 0x4c, 0x86, 0x80, 0x8b, 0x87, 0x6d, 0x97, 0x9f, 0x81,
	0x8f, 0x6e, 0x5a, 0x78, 0x6f, 0x82, 0x6d, 0x7a, 0x74, 0x75, 0x6e, 0x7c,
	0x70, 0x8c, 0x8d, 0x7f, 0x8b, 0x99, 0x8e, 0x88, 0x85, 0x6b, 0x6a, 0x7a,
	0x93, 0x8a, 0x88, 0x7f, 0x85, 0x6b, 0x65, 0x6b, 0x69, 0x8a, 0x87, 0x86,
	0x86, 0x89, 0x8c, 0x9c, 0x7d, 0x72, 0x6c, 0x56, 0x66, 0x6c, 0x6c, 0x59,
	0x70, 0x71, 0x75, 0x88, 0x93, 0x86, 0x86, 0x9a, 0x8b, 0x97, 0x97, 0x76,
	0x7b, 0x80, 0x83, 0x77, 0x8d, 0xa1, 0xa1, 0x8f, 0x84, 0x89, 0x82, 0x95,
	0x8d, 0x9b, 0x91, 0x84, 0x98, 0x83, 0x81, 0x8b, 0x75, 0x77, 0x8c, 0x85,
	0x83, 0x81, 0x7f, 0x82, 0x77, 0x85, 0x8b, 0x82, 0x83, 0x96, 0x9a, 0x92,
	0x7b, 0x70, 0x6c, 0x86, 0x72, 0x90, 0x91, 0x95, 0x87, 0x6d, 0x69, 0x6f,
	0x7d, 0x7c, 0x88, 0x7b, 0x84, 0x7d, 0x77, 0x69, 0x56, 0x33, 0x46, 0x4b,
	0x8f, 0xb1, 0x9f, 0x98, 0x88, 0x71, 0x82, 0x9c, 0x8a, 0x89, 0x86, 0x76,
	0x67, 0x44, 0x5d, 0x6b, 0x70, 0x73, 0x6a, 0x6e, 0x6e, 0x68, 0x7b, 0x7c,
	0x6d, 0x71, 0x7c, 0x7a, 0x87, 0x85, 0x8e, 0x78, 0x7d, 0x61, 0x52, 0x6f,
	0x6c, 0x53, 0x59, 0x69, 0x83, 0x81, 0x7a, 0x81, 0x7a, 0x82, 0x84, 0x7d,
	0x7d, 0x72, 0x87, 0x75, 0x7c, 0x7b, 0x79, 0x7a, 0x88, 0x5e, 0x30, 0x35,
	0x69, 0x7e, 0x75, 0x79, 0x86, 0x8c, 0x88, 0x7f, 0x79, 0x7f, 0x90, 0x81,
	0x80, 0x88, 0x7e, 0x59, 0x91, 0x7b, 0x57, 0x5b, 0x5f, 0x5b, 0x7e, 0x80,
	0x7b, 0x70, 0x76, 0x74, 0x80, 0x79, 0x7f, 0x88, 0x88, 0x7d, 0x86, 0x7b,
	0x8d, 0x95, 0x74, 0x66, 0x65, 0x7a, 0x7a, 0x7f, 0x8b, 0x82, 0x89, 0x6f,
	0x83, 0x7a, 0x6f, 0x87, 0x89, 0x74, 0x68, 0x84, 0x89, 0x94, 0x82, 0x6b,
	0x42, 0x78, 0x8d, 0x90, 0x7f, 0x85, 0x87, 0x8e, 0x85, 0x7d, 0x6f, 0x7e,
	0x77, 0x81, 0x7d, 0x90, 0x91, 0xaf, 0x9b, 0x8b, 0x84, 0x5a, 0x71, 0x7f,
	0x82, 0x82, 0x7c, 0x83, 0x7a, 0x78, 0x72, 0x6c, 0x6b, 0x7f, 0x78, 0x81,
	0x62, 0xab, 0xbd, 0xaa, 0xa1, 0x7f, 0x75, 0x6f, 0x6c, 0x7b, 0x74, 0x7b,
	0x73, 0x7e, 0x7b, 0x71, 0x6f, 0x74, 0x81, 0x78, 0x4c, 0x4b, 0xc5, 0xb5,
	0xab, 0x98, 0x75, 0x5e, 0x4f, 0x64, 0x69, 0x6d, 0x6e, 0x6e, 0x6f, 0x6e,
	0x7b, 0x76, 0x79, 0x7f, 0x62, 0x2b, 0x3a, 0x91, 0x97, 0x8c, 0x84, 0x82,
	0x85, 0x78, 0x6e, 0x76, 0x77, 0x80, 0x84, 0x80, 0x71, 0x73, 0x80, 0x78,
	0x8c, 0x62, 0x4c, 0x74, 0x80, 0x78, 0x5f, 0x53, 0x79, 0x7e, 0x82, 0x89,
	0x86, 0x9a, 0x88, 0xa5, 0x9e, 0x92, 0x6e, 0x5f, 0x66, 0x93, 0x81, 0x8c,
	0x82, 0x84, 0x7a, 0x65, 0x84, 0x7b, 0x83, 0x83, 0x86, 0x84, 0x88, 0x8e,
	0x8f, 0x70, 0x5e, 0x65, 0x74, 0x7d, 0x8a, 0x7a, 0x68, 0x54, 0x4f, 0x44,
	0x53, 0x76, 0x8c, 0x9e, 0xaf, 0xac, 0x9e, 0xa4, 0x8c, 0x89, 0x8e, 0x8c,
	0x79, 0x97, 0x93, 0x7d, 0x7f, 0x6f, 0x6d, 0x5b, 0x5e, 0x60, 0x7b, 0x98,
	0xa7, 0x96, 0x93, 0x82, 0x8a, 0x8c, 0x8f, 0x92, 0x8b, 0x94, 0x9f, 0x8f,
	0x99, 0x7b, 0x88, 0x7e, 0x79, 0x7e, 0x6e, 0x60, 0x70, 0x6a, 0x62, 0x7a,
	0x8c, 0x8a, 0x82, 0x7b, 0x79, 0x6f, 0x81, 0x80, 0x81, 0x8d, 0x8c, 0x9f,
	0x8f, 0x8e, 0x83, 0x75, 0x72, 0x70, 0x69, 0x65, 0x62, 0x68, 0x79, 0x74,
	0x5e, 0x23, 0x40, 0x65, 0x69, 0x80, 0x83, 0x96, 0x8f, 0x85, 0x80, 0x7f,
	0x68, 0x60, 0x62, 0x66, 0x63, 0x6c, 0x74, 0x78, 0x94, 0x72, 0x62, 0x5d,
	0x5b, 0x76, 0x72, 0x96, 0x8c, 0x7c, 0x6d, 0x69, 0x5c, 0x66, 0x70, 0x66,
	0x7a, 0x84, 0x81, 0x7a, 0x96, 0x9b, 0x83, 0x8d, 0x98, 0x8f, 0x9a, 0x8f,
	0x7c, 0x79, 0x73, 0x69, 0x56, 0x67, 0x7b, 0x81, 0x69, 0x71, 0x75, 0x83,
	0x87, 0x7f, 0x5a, 0x78, 0x89, 0x8c, 0x8a, 0x86, 0x75, 0x79, 0x7b, 0x6d,
	0x65, 0x90, 0xb7, 0xaa, 0xc6, 0x96, 0x88, 0x65, 0x7d, 0x82, 0x86, 0x83,
	0x83, 0x85, 0x88, 0x7b, 0x7c, 0x75, 0x74, 0x75, 0x61, 0x6f, 0x88, 0x62,
	0x57, 0x69, 0x69, 0x75, 0x6d, 0x7d, 0x90, 0xa0, 0x92, 0x79, 0x72, 0x71,
	0x76, 0x78, 0x72, 0x72, 0x80, 0x7e, 0x5a, 0x69, 0x50, 0x5b, 0x85, 0xa6,
	0x87, 0x63, 0x6f, 0x65, 0x88, 0x91, 0x7c, 0x81, 0x76, 0x87, 0x96, 0xac,
	0xa3, 0x82, 0x69, 0x62, 0x5a, 0x7a, 0x86, 0xa6, 0x7e, 0x61, 0x7a, 0x8a,
	0x81, 0x6c, 0x74, 0x78, 0x7c, 0x8c, 0x7a, 0x87, 0x83, 0x72, 0x62, 0x7f,
	0x7f, 0x9b, 0xa4, 0xd9, 0x90, 0x7f, 0x7f, 0x7b, 0x79, 0x77, 0x7c, 0x84,
	0x83, 0x80, 0x83, 0x73, 0x71, 0x65, 0x69, 0x7b, 0xa1, 0xac, 0xac, 0x87,
	0x7e, 0x87, 0x8c, 0x79, 0x72, 0x7b, 0x7e, 0x85, 0x84, 0x7e, 0x77, 0x6e,
	0x63, 0x7e, 0x91, 0x9c, 0xb5, 0xb5, 0x8b, 0x35, 0x7a, 0x8a, 0x72, 0x72,
	0x63, 0x71, 0x7d, 0x76, 0x7d, 0x79, 0x7d, 0x7f, 0x93, 0xa0, 0xa9, 0xa0,
	0xad, 0x74, 0x4e, 0x30, 0x77, 0x8f, 0x6f, 0x6f, 0x77, 0x8c, 0x86, 0x7c,
	0x82, 0x6d, 0x75, 0x72, 0x7b, 0x7d, 0x98, 0x84, 0x64, 0x36, 0x47, 0x62,
	0x83, 0x6c, 0x65, 0x75, 0x5f, 0x5d, 0x5b, 0x40, 0x48, 0x32, 0x23, 0x21,
	0x1a, 0x10, 0x1f, 0x0d, 0x11, 0x21, 0x3f, 0x80, 0x7c, 0x7f, 0x7c, 0x8c,
	0x8d, 0x90, 0x7b, 0x8d, 0x88, 0x81, 0x7f, 0x7c, 0x69, 0x78, 0x7b, 0x7d,
	0x78, 0x75, 0x89, 0x77, 0x7a, 0x7c, 0x84, 0x95, 0x8e, 0x86, 0x8c, 0x87,
	0x8b, 0x7f, 0x87, 0x92, 0x9a, 0x8e, 0x8a, 0x87, 0x98, 0x8e, 0x8d, 0x97,
	0x87, 0x7e, 0x8e, 0x96, 0x82, 0x7c, 0x75, 0x79, 0x80, 0x8e, 0x8e, 0x92,
	0x9b, 0xa5, 0x94, 0x8d, 0xa5, 0x9e, 0x87, 0x8b, 0x7c, 0x8d, 0x82, 0x76,
	0x79, 0x74, 0x7c, 0x7d, 0x80, 0x84, 0x85, 0x84, 0x8e, 0x77, 0x6c, 0x73,
	0x7e, 0x8e, 0x7d, 0x93, 0x92, 0x8c, 0x76, 0x75, 0x7c, 0x7b, 0x89, 0x8a,
	0x87, 0x89, 0x82, 0x7b, 0x75, 0x71, 0x79, 0x7f, 0x6d, 0x66, 0x65, 0x89,
	0x8e, 0x89, 0x7b, 0x7e, 0x7d, 0x7a, 0x82, 0x7c, 0x7d, 0x7e, 0x73, 0x73,
	0x78, 0x79, 0x8a, 0x6f, 0x6b, 0x69, 0x81, 0x91, 0x8a, 0x7c, 0x88, 0x80,
	0x7f, 0x7e, 0x7a, 0x72, 0x7f, 0x77, 0x7d, 0x7e, 0x7d, 0x7f, 0x90, 0x8a,
	0x83, 0x83, 0x96, 0x78, 0x73, 0x79, 0x80, 0x6e, 0x7f, 0x93, 0x8d, 0x86,
	0x81, 0x7f, 0x81, 0x7f, 0x7a, 0x83, 0x83, 0x88, 0x80, 0x83, 0x75, 0x47,
	0x65, 0x67, 0x79, 0x91, 0x7f, 0x9d, 0xa4, 0xa1, 0xab, 0xb4, 0xb5, 0xd0,
	0xbb, 0xa2, 0x9f, 0x87, 0x86, 0x73, 0x6d, 0x91, 0x6b, 0x44, 0x78, 0x7c,
	0x8f, 0x99, 0x80, 0x76, 0x92, 0x82, 0x80, 0x72, 0x72, 0x82, 0x7b, 0x7c,
	0x84, 0x89, 0x69, 0x6e, 0x96, 0x7c, 0x88, 0x82, 0x98, 0xa1, 0x87, 0x70,
	0x63, 0x74, 0x85, 0x7e, 0x7a, 0x5f, 0x71, 0x82, 0x81, 0x6b, 0x74, 0x82,
	0x8a, 0xae, 0x90, 0x94, 0x98, 0x97, 0x99, 0x8a, 0x6b, 0x79, 0x78, 0x7a,
	0x7f, 0x7b, 0x6b, 0x7c, 0x77, 0x64, 0x6e, 0x69, 0x77, 0x51, 0x56, 0x7f,
	0x71, 0x66, 0x94, 0x93, 0x90, 0x8c, 0x82, 0x89, 0x83, 0x81, 0x80, 0x79,
	0x7d, 0x6c, 0x7d, 0xa4, 0x60, 0x50, 0x59, 0x69, 0x56, 0x59, 0x65, 0x64,
	0x69, 0x69, 0x6c, 0x7e, 0x76, 0x6f, 0x7c, 0x7c, 0x71, 0x7f, 0x79, 0x89,
	0x68, 0xa5, 0x72, 0x6a, 0x63, 0x61, 0x68, 0x67, 0x66, 0x6e, 0x72, 0x75,
	0x75, 0x8e, 0x99, 0x85, 0x7b, 0x7e, 0x86, 0x7e, 0x96, 0xa5, 0x96, 0x6f,
	0x6f, 0x78, 0x73, 0x84, 0x8b, 0x80, 0x7a, 0x7e, 0x7b, 0x7f, 0x74, 0x64,
	0x75, 0x8b, 0x7e, 0x73, 0x74, 0x6f, 0x85, 0x70, 0x6c, 0x6f, 0x5e, 0x7a,
	0x80, 0x78, 0x74, 0x6a, 0x7f, 0x7e, 0x75, 0x6e, 0x79, 0x81, 0x80, 0x59,
	0x77, 0x5f, 0x4e, 0x52, 0x87, 0xac, 0x8b, 0x88, 0x79, 0x7e, 0x84, 0x90,
	0x7f, 0x93, 0x94, 0x89, 0x8f, 0x93, 0x7c, 0x54, 0x7c, 0x73, 0x6a, 0x3e,
	0x41, 0x4d, 0x4e, 0x60, 0x65, 0x6c, 0x68, 0x76, 0x68, 0x6c, 0x58, 0x5d,
	0x68, 0x7a, 0x94, 0x87, 0x69, 0x7a, 0x60, 0x51, 0x54, 0x54, 0x55, 0x5b,
	0x6c, 0x6c, 0x78, 0x73, 0x68, 0x71, 0x68, 0x6b, 0x79, 0x77, 0x96, 0x8d,
	0x57, 0x6c, 0x50, 0x70, 0x82, 0x83, 0x94, 0x88, 0x8b, 0x83, 0x81, 0x7f,
	0x7c, 0x77, 0x7a, 0x63, 0x72, 0x90, 0x88, 0x88, 0x75, 0x82, 0xa1, 0xa0,
	0x7f, 0xa0, 0x94, 0x90, 0x7f, 0x6f, 0x72, 0x76, 0x81, 0x8d, 0x97, 0x7a,
	0x71, 0x56, 0x39, 0x85, 0xa1, 0xaa, 0xa0, 0xb0, 0xa3, 0x8c, 0x84, 0x7a,
	0x64, 0x4f, 0x63, 0x66, 0x6a, 0x7b, 0x8b, 0x8f, 0x7c, 0x74, 0x73, 0x69,
	0x98, 0x99, 0x94, 0xa2, 0xa6, 0x81, 0x7e, 0x70, 0x70, 0x78, 0x75, 0x78,
	0x81, 0x83, 0x94, 0x96, 0x84, 0x82, 0x77, 0x63, 0x75, 0x53, 0x78, 0x96,
	0x94, 0x83, 0x85, 0x98, 0x94, 0xa2, 0xa3, 0x91, 0x95, 0x92, 0x8b, 0x92,
	0x8b, 0x78, 0x7f, 0x70, 0x6c, 0x53, 0x65, 0x4d, 0x5c, 0x6e, 0x7a, 0x80,
	0x86, 0x8d, 0x81, 0x82, 0x7a, 0x60, 0x56, 0x65, 0x81, 0x81, 0x77, 0x72,
	0x8a, 0x86, 0x74, 0x79, 0x8c, 0x98, 0x8c, 0x8a, 0x8b, 0x86, 0x89, 0x87,
	0x88, 0x9d, 0x93, 0xab, 0xa3, 0x8e, 0x93, 0x9c, 0x85, 0x97, 0x7f, 0x7e,
	0x63, 0x8e, 0x9b, 0x9d, 0x9c, 0x9b, 0x90, 0x8c, 0x8d, 0x8f, 0x7f, 0x80,
	0x7c, 0x7a, 0x5a, 0x8a, 0x7c, 0x8d, 0x82, 0x8e, 0x87, 0x95, 0x98, 0x92,
	0x9b, 0x8f, 0x94, 0x8a, 0x86, 0x76, 0x6c, 0x7f, 0x89, 0x9b, 0x92, 0x89,
	0x8c, 0x89, 0x8a, 0x82, 0x99, 0x7c, 0x8e, 0x8f, 0x99, 0x99, 0x88, 0x72,
	0x6a, 0x78, 0x8b, 0x8a, 0x8c, 0x88, 0x8f, 0x73, 0x5d, 0x66, 0x6c, 0x81,
	0x87, 0x79, 0x75, 0x5d, 0x78, 0x70, 0x67, 0x7c, 0x8a, 0x74, 0x84, 0x91,
	0x8b, 0x76, 0x6b, 0x72, 0x54, 0x70, 0x83, 0x73, 0x67, 0x6d, 0x50, 0x59,
	0x4b, 0x5a, 0x70, 0x74, 0x85, 0x8f, 0x92, 0x94, 0x8a, 0x7f, 0x9e, 0xa7,
	0x7f, 0x6d, 0x89, 0x79, 0x6b, 0x5e, 0x59, 0x5e, 0x49, 0x52, 0x69, 0x6a,
	0x6f, 0x7a, 0x88, 0x86, 0x86, 0x82, 0x97, 0x9e, 0x8a, 0x73, 0x6f, 0x81,
	0x80, 0x72, 0x73, 0x7c, 0x77, 0x74, 0x79, 0x75, 0x66, 0x69, 0x62, 0x47,
	0x63, 0x77, 0x85, 0x70, 0x9b, 0x8c, 0x72, 0x6e, 0x82, 0x96, 0x97, 0x91,
	0x8e, 0x91, 0x8b, 0x85, 0x84, 0x81, 0x76, 0x6c, 0x60, 0x5a, 0x4e, 0x3c,
	0x68, 0x71, 0xa1, 0x8f, 0x8e, 0x95, 0x81, 0x8c, 0x89, 0x93, 0x7d, 0x7c,
	0x93, 0x8d, 0x8d, 0x9d, 0xb7, 0xcc, 0xfe, 0xd3, 0x7f, 0x39, 0x8e, 0x84,
	0x86, 0x67, 0x6f, 0x5b, 0x6a, 0x7c, 0x6e, 0x7b, 0x88, 0x82, 0x92, 0x90,
	0x6f, 0x65, 0x9e, 0x73, 0x80, 0x5f, 0x82, 0x86, 0x83, 0x79, 0x7f, 0x91,
	0x80, 0x70, 0x8b, 0x8e, 0x8a, 0x85, 0x80, 0x87, 0x7a, 0x91, 0xa7, 0x93,
	0x7a, 0x62, 0x8b, 0x6f, 0x73, 0x75, 0x7e, 0x7c, 0x7d, 0x75, 0x8a, 0x83,
	0x82, 0x85, 0x72, 0x76, 0x84, 0x73, 0x7b, 0x64, 0x8e, 0x91, 0x84, 0x83,
	0x81, 0x8d, 0x97, 0x93, 0x83, 0x84, 0x7b, 0x76, 0x66, 0x77, 0x66, 0x6d,
	0x96, 0x89, 0x8c, 0xb2, 0x7c, 0x8c, 0x5a, 0x85, 0x71, 0x7e, 0x75, 0x6d,
	0x76, 0x6a, 0x5a, 0x6d, 0x6e, 0x6c, 0x76, 0x74, 0x8f, 0x7c, 0x77, 0xc5,
	0x7d, 0xa2, 0x65, 0x6e, 0x6c, 0x71, 0x69, 0x6e, 0x76, 0x7d, 0x89, 0x78,
	0x86, 0x74, 0x8a, 0x80, 0x92, 0xa4, 0x90, 0x9b, 0x6b, 0x9c, 0x6b, 0x6c,
	0x78, 0x77, 0x79, 0x7e, 0x8a, 0x8e, 0x7a, 0x77, 0x7a, 0x72, 0x72, 0x65,
	0x4d, 0x65, 0x40, 0x4b, 0x63, 0x7c, 0x91, 0x7b, 0x82, 0x84, 0x7c, 0x7f,
	0x78, 0x74, 0x73, 0x75, 0x6d, 0x72, 0x73, 0x7a, 0x5d, 0x5a, 0x3e, 0x0b,
	0x86, 0x79, 0x69, 0x6a, 0x66, 0x69, 0x5b, 0x3a, 0x27, 0x3c, 0x38, 0x42,
	0x51, 0x5e, 0x59, 0x6d, 0x7b, 0x59, 0x6e, 0x91, 0x8b, 0x8e, 0x78, 0x96,
	0xab, 0xa1, 0x92, 0x82, 0x76, 0x7b, 0x91, 0x95, 0x9a, 0xa3, 0x8c, 0x8f,
	0x8c, 0x82, 0x8f, 0x83, 0x9a, 0xb4, 0xb2, 0x9c, 0x93, 0x8e, 0x8b, 0x90,
	0x87, 0x9e, 0xa7, 0x9f, 0x91, 0x9a, 0x89, 0x92, 0x83, 0x91, 0x7c, 0x81,
	0x8d, 0x9c, 0x8c, 0x83, 0x4a, 0x64, 0x69, 0x76, 0x72, 0x80, 0x9a, 0x94,
	0x96, 0x9f, 0x9a, 0x86, 0x72, 0x6e, 0x62, 0x7b, 0x80, 0x85, 0x74, 0x63,
	0x71, 0x6a, 0x7d, 0x7d, 0x7a, 0x78, 0x5c, 0x67, 0x6f, 0x74, 0x82, 0x77,
	0x6c, 0x6e, 0x74, 0x7e, 0x6d, 0x6c, 0x76, 0x71, 0x7a, 0x77, 0x7a, 0x73,
	0x77, 0x6e, 0x5b, 0x68, 0x5a, 0x59, 0x63, 0x65, 0x7d, 0x7e, 0x81, 0x93,
	0x72, 0x62, 0x7a, 0x7b, 0x79, 0x81, 0x7b, 0x78, 0x84, 0x77, 0x5d, 0x5b,
	0x5d, 0x59, 0x5b, 0x75, 0x87, 0x91, 0x84, 0x87, 0x74, 0x60, 0x6f, 0x7e,
	0x85, 0x79, 0x89, 0x84, 0x98, 0x90, 0x8c, 0x8a, 0x82, 0x7c, 0x86, 0x89,
	0x96, 0x8d, 0x89, 0x79, 0x7c, 0x78, 0x79, 0x84, 0xa0, 0x99, 0x86, 0x8f,
	0x85, 0x82, 0x8a, 0x8d, 0x93, 0x85, 0x90, 0x84, 0x80, 0x81, 0x99, 0x7a,
	0x6a, 0x81, 0x9c, 0x80, 0x81, 0x94, 0x89, 0x80, 0x76, 0x85, 0x87, 0x8a,
	0x8b, 0x96, 0x9c, 0xa1, 0x9f, 0xa0, 0x85, 0x93, 0x7d, 0x8b, 0x92, 0x83,
	0x81, 0x7b, 0x7c, 0x8f, 0x8b, 0x90, 0x88, 0x8a, 0x8f, 0x93, 0x9f, 0xd1,
	0xaf, 0xb0, 0xbc, 0x7a, 0x8b, 0x8e, 0x78, 0x84, 0x77, 0x87, 0x87, 0x95,
	0x97, 0x8d, 0x98, 0x86, 0x89, 0x89, 0x87, 0x8a, 0x81, 0x81, 0x80, 0x85,
	0x78, 0x7c, 0x74, 0x86, 0x78, 0x7f, 0x88, 0x76, 0x75, 0x7a, 0x73, 0x62,
	0x6d, 0x7a, 0x69, 0x67, 0x69, 0x79, 0x93, 0x87, 0x84, 0x89, 0x76, 0x89,
	0x79, 0x80, 0x77, 0x77, 0x75, 0x78, 0x79, 0x75, 0x5f, 0x57, 0x4e, 0x30,
	0x43, 0x52, 0x6e, 0x84, 0x84, 0x7a, 0x84, 0x7a, 0x78, 0x84, 0x80, 0x7a,
	0x74, 0x7d, 0x81, 0x89, 0x7e, 0x71, 0x6b, 0x53, 0x56, 0x54, 0x63, 0x8c,
	0x84, 0x6c, 0x91, 0x6f, 0x87, 0x79, 0x7a, 0x73, 0x7b, 0x80, 0x7e, 0x8d,
	0x88, 0x7a, 0x82, 0x6b, 0x60, 0x5d, 0x5a, 0x72, 0x80, 0x7d, 0x89, 0x85,
	0x8e, 0x83, 0x92, 0x78, 0x78, 0x7c, 0x7b, 0x86, 0x88, 0x88, 0x97, 0x8b,
	0x7f, 0x79, 0x74, 0x73, 0x76, 0x8b, 0x75, 0x86, 0x8c, 0x81, 0x84, 0x8a,
	0x90, 0x89, 0x85, 0x84, 0x8f, 0xa1, 0xa1, 0xc8, 0xea, 0xe3, 0x97, 0x88,
	0x75, 0x85, 0x97, 0x86, 0x82, 0x7b, 0x89, 0x88, 0x82, 0x91, 0xa7, 0xaa,
	0xb0, 0x9b, 0x93, 0x8d, 0xa1, 0xad, 0x96, 0x4d, 0x76, 0x5a, 0x87, 0x82,
	0x6d, 0x79, 0x71, 0x7a, 0x5a, 0x75, 0x70, 0x68, 0x65, 0x72, 0x70, 0x7e,
	0x85, 0x82, 0x8d, 0x6b, 0x71, 0x98, 0x80, 0x71, 0x8a, 0x7f, 0x6e, 0x8a,
	0x93, 0x7d, 0x7a, 0x65, 0x6d, 0x7e, 0x78, 0x76, 0x86, 0x73, 0x82, 0x62,
	0x7f, 0x7b, 0x77, 0x70, 0x77, 0x87, 0x82, 0x86, 0x96, 0x94, 0xa0, 0x9b,
	0x92, 0x8a, 0x77, 0x7d, 0x7e, 0x75, 0x8d, 0x78, 0x89, 0x8d, 0x78, 0x75,
	0x6e, 0x73, 0x75, 0x74, 0x76, 0x66, 0x7d, 0x97, 0x9a, 0x98, 0x97, 0x92,
	0x83, 0x9f, 0xad, 0x94, 0x71, 0x71, 0x74, 0x6d, 0x76, 0x76, 0x7e, 0x6a,
	0x77, 0x7c, 0x7e, 0x88, 0x90, 0x87, 0x92, 0x8c, 0x8d, 0xa8, 0xb1, 0x88,
	0x65, 0x5a, 0x64, 0x74, 0x7e, 0x80, 0x83, 0x78, 0x78, 0x72, 0x67, 0x69,
	0x5f, 0x5b, 0x5d, 0x59, 0x60, 0x65, 0x61, 0x8f, 0x84, 0x89, 0x77, 0x84,
	0x86, 0x75, 0x7d, 0x72, 0x76, 0x81, 0x70, 0x6f, 0x74, 0x64, 0x70, 0x6f,
	0x5c, 0x4a, 0x42, 0x5d, 0x84, 0x7c, 0x8e, 0x92, 0x7d, 0x6f, 0x74, 0x6c,
	0x6e, 0x65, 0x6b, 0x73, 0x66, 0x73, 0x78, 0x73, 0x73, 0x5e, 0x32, 0x7f,
	0x7d, 0x67, 0x5f, 0x64, 0x66, 0x77, 0x6e, 0x6a, 0x5e, 0x46, 0x45, 0x52,
	0x7f, 0x9c, 0x7e, 0x99, 0x83, 0x59, 0x3f, 0x6c, 0x7d, 0x78, 0x79, 0x7e,
	0x89, 0x85, 0x85, 0x7a, 0x7a, 0x67, 0x5d, 0x67, 0x60, 0x77, 0x7e, 0x78,
	0x69, 0x81, 0x70, 0x57, 0x7f, 0x6f, 0x66, 0x61, 0x73, 0x55, 0x56, 0x56,
	0x5b, 0x55, 0x58, 0x42, 0x62, 0x6e, 0x64, 0x79, 0x75, 0x64, 0x56, 0x79,
	0x78, 0x62, 0x69, 0x6e, 0x6a, 0x5f, 0x53, 0x5d, 0x58, 0x5e, 0x55, 0x61,
	0x6c, 0x61, 0x69, 0x64, 0x62, 0x67, 0x61, 0x72, 0x8b, 0x7a, 0x88, 0x7f,
	0x81, 0x7d, 0x82, 0x90, 0x7f, 0x84, 0x8f, 0x94, 0x87, 0x7f, 0x8a, 0x7e,
	0x8c, 0x81, 0x7d, 0x8b, 0x7e, 0x8d, 0x80, 0x87, 0x7c, 0x81, 0x85, 0x8a,
	0x8d, 0x91, 0x99, 0x94, 0x92, 0x87, 0x83, 0x80, 0x82, 0x72, 0x73, 0x88,
	0x6c, 0x6f, 0x75, 0x7d, 0x76, 0x7e, 0x80, 0x7b, 0x7f, 0x83, 0x81, 0x7f,
	0x7a, 0x70, 0x6d, 0x6c, 0x7b, 0x7b, 0x8f, 0x7d, 0x6a, 0x8b, 0x84, 0x85,
	0x73, 0x7d, 0x85, 0x87, 0x8d, 0x89, 0x90, 0x89, 0x83, 0x7f, 0x7f, 0x7f,
	0x84, 0x85, 0x90, 0x7b, 0x7e, 0x84, 0x84, 0x79, 0x84, 0x94, 0x96, 0x87,
	0x8c, 0x95, 0x98, 0x95, 0x87, 0x8c, 0x89, 0x8f, 0x82, 0x8b, 0x93, 0x7c,
	0x86, 0x5f, 0x4f, 0x5c, 0x78, 0x6a, 0x89, 0x7d, 0x79, 0x7f, 0x7e, 0x84,
	0x80, 0x89, 0x99, 0x96, 0x81, 0x7b, 0x64, 0x6a, 0x78, 0x6e, 0x8d, 0x9c,
	0x8b, 0x8a, 0x89, 0x97, 0x8d, 0x93, 0x8f, 0x6f, 0x7a, 0x86, 0x78, 0x86,
	0x8c, 0x8b, 0x81, 0x90, 0x92, 0x81, 0x96, 0xa1, 0x91, 0x90, 0x83, 0x88,
	0x7a, 0x86, 0x81, 0x87, 0x70, 0x7d, 0x8e, 0x8d, 0xa3, 0xb1, 0xc5, 0xc1,
	0x8a, 0x88, 0xbc, 0xb9, 0xa8, 0xa4, 0xa8, 0xa6, 0x98, 0xa4, 0x98, 0xaa,
	0xa3, 0x9b, 0x90, 0x8e, 0xaa, 0xac, 0xb4, 0xbe, 0x89, 0x9d, 0x9b, 0x88,
	0x89, 0x88, 0x86, 0x87, 0x95, 0x8e, 0x99, 0x90, 0x83, 0x81, 0x7d, 0x73,
	0x74, 0x69, 0x69, 0x84, 0x88, 0x8d, 0x7b, 0x64, 0x6f, 0x68, 0x77, 0x76,
	0x84, 0x81, 0x7f, 0x87, 0x85, 0x83, 0x87, 0x73, 0x5e, 0x5c, 0x57, 0x31,
	0x8c, 0x76, 0x57, 0x4d, 0x4c, 0x5e, 0x70, 0x62, 0x77, 0x7b, 0x6b, 0x78,
	0x7e, 0x7a, 0x80, 0x7f, 0x77, 0x65, 0x55, 0x52, 0x64, 0x73, 0x5e, 0x63,
	0x76, 0x6a, 0x5d, 0x5d, 0x5c, 0x52, 0x57, 0x60, 0x6a, 0x69, 0x6b, 0x76,
	0x73, 0x7a, 0x7f, 0x6e, 0x68, 0x72, 0x65, 0x75, 0x8f, 0x8e, 0x89, 0x82,
	0x83, 0x76, 0x85, 0x7d, 0x84, 0x84, 0x7f, 0x88, 0x76, 0x78, 0x70, 0x8a,
	0x7a, 0x5f, 0x67, 0x57, 0x75, 0x85, 0xa1, 0xbe, 0xaa, 0x96, 0xa0, 0xa4,
	0x7f, 0x7b, 0x82, 0x89, 0x8c, 0x72, 0x72, 0xaf, 0x7e, 0x79, 0x79, 0x97,
	0x91, 0x8b, 0x99, 0x85, 0x8c, 0x83, 0x8d, 0x8c, 0x82, 0x91, 0x81, 0x89,
	0x79, 0x9a, 0x92, 0x4d, 0x7c, 0x9f, 0xab, 0xa0, 0x8f, 0x7f, 0x82, 0x7a,
	0x7a, 0x6d, 0x76, 0x82, 0x9a, 0x80, 0x84, 0x91, 0x9e, 0x93, 0xa3, 0x68,
	0x91, 0x97, 0xa8, 0xad, 0x76, 0x61, 0x63, 0x72, 0x73, 0x76, 0x7b, 0x6d,
	0x66, 0x60, 0x6f, 0x81, 0x71, 0x84, 0x8f, 0x91, 0x6f, 0x91, 0x68, 0x54,
	0x49, 0x51, 0x56, 0x56, 0x6a, 0x7a, 0x6f, 0x6c, 0x58, 0x6b, 0x79, 0x7a,
	0x71, 0x66, 0x5e, 0xac, 0x58, 0x5c, 0x54, 0x3e, 0x61, 0x5f, 0x6c, 0x7e,
	0x79, 0x7f, 0x86, 0x81, 0x75, 0x7e, 0x79, 0x71, 0x72, 0x5d, 0x55, 0x86,
	0x77, 0x34, 0x3c, 0x44, 0x71, 0x80, 0x70, 0x79, 0x7d, 0x76, 0x7d, 0x83,
	0x7d, 0x82, 0x79, 0x6e, 0x68, 0x58, 0x58, 0x8e, 0x9b, 0x8f, 0x95, 0x80,
	0x99, 0x9d, 0x9a, 0x97, 0x83, 0x74, 0x7a, 0x8d, 0x96, 0x8b, 0x83, 0x6e,
	0x83, 0x83, 0x7c, 0x80, 0x77, 0x7e, 0x89, 0xa4, 0x99, 0xa7, 0x95, 0x8c,
	0x83, 0x97, 0x74, 0x6f, 0x74, 0x7c, 0x84, 0x7e, 0x88, 0x90, 0x93, 0x5c,
	0x7d, 0x6c, 0x6c, 0x7b, 0x6b, 0x7d, 0xb0, 0x96, 0x9a, 0x8e, 0x8f, 0x80,
	0x84, 0x92, 0x8e, 0x78, 0x7f, 0x7f, 0x76, 0x68, 0x75, 0x7a, 0x6b, 0x7b,
	0x81, 0x7a, 0x63, 0x7d, 0x6c, 0x7a, 0x7c, 0x79, 0x88, 0x85, 0x6e, 0x72,
	0x6f, 0x80, 0x79, 0x9f, 0x6c, 0x6e, 0x76, 0x85, 0x80, 0x83, 0x84, 0x79,
	0x83, 0x83, 0x95, 0x8e, 0x97, 0x91, 0x7e, 0x77, 0x6f, 0x7d, 0x79, 0x84,
	0x7f, 0x74, 0x79, 0x86, 0x8c, 0x78, 0x96, 0x90, 0x95, 0x94, 0x83, 0x94,
	0x93, 0x86, 0x8b, 0x84, 0x98, 0x95, 0x89, 0x80, 0x78, 0x77, 0x85, 0x8f,
	0x93, 0x9c, 0x94, 0x7e, 0x81, 0x78, 0x74, 0x8b, 0x77, 0x76, 0x8c, 0x79,
	0x83, 0x7e, 0x85, 0x55, 0x88, 0x64, 0x84, 0x8e, 0x85, 0x81, 0x96, 0x89,
	0x96, 0x9d, 0x9d, 0x97, 0x89, 0x7c, 0x6f, 0x79, 0x83, 0x80, 0x68, 0x4f,
	0x97, 0x8f, 0x77, 0x62, 0x69, 0x7d, 0x7f, 0x84, 0x89, 0x8e, 0x8a, 0x70,
	0x6c, 0x6c, 0x76, 0x7a, 0x81, 0x6d, 0x58, 0x93, 0x77, 0x9b, 0x82, 0x61,
	0x5c, 0x58, 0x57, 0x5a, 0x5a, 0x4c, 0x4d, 0x57, 0x5f, 0x72, 0x8a, 0x9a,
	0x7f, 0x6f, 0x84, 0x85, 0x73, 0x88, 0x7d, 0x78, 0x72, 0x73, 0x61, 0x75,
	0x68, 0x69, 0x67, 0x5c, 0x62, 0x67, 0x69, 0x6b, 0x6c, 0x81, 0x99, 0x89,
	0x93, 0x7a, 0x8b, 0x9c, 0xaf, 0xb0, 0xa1, 0x9e, 0xb1, 0xad, 0x8d, 0x90,
	0x79, 0x83, 0x82, 0x83, 0x7c, 0x77, 0x52, 0x58, 0x7a, 0x8d, 0x84, 0x8f,
	0x8b, 0x84, 0x83, 0x84, 0x7b, 0x88, 0x89, 0x84, 0x76, 0x76, 0x79, 0x78,
	0x87, 0x78, 0x7a, 0x6f, 0x92, 0x88, 0x90, 0xa7, 0xa0, 0x88, 0x84, 0x76,
	0x5e, 0x72, 0x79, 0x77, 0x77, 0x76, 0x6f, 0x7e, 0x74, 0x69, 0x7f, 0x7b,
	0x6d, 0x74, 0x81, 0x7a, 0x93, 0x9e, 0x93, 0x8a, 0x80, 0x6d, 0x5c, 0x69,
	0x7f, 0x71, 0x77, 0x81, 0x7b, 0x72, 0x70, 0x7f, 0x81, 0x73, 0x8c, 0x8b,
	0x90, 0xa7, 0x94, 0xa3, 0xa3, 0x98, 0x8c, 0x7b, 0x83, 0x79, 0x81, 0x80,
	0x84, 0x96, 0x88, 0x65, 0x73, 0x74, 0x96, 0x7c, 0x82, 0x87, 0x88, 0x9a,
	0x97, 0x8e, 0x86, 0x81, 0x7c, 0x89, 0x77, 0x79, 0x70, 0x80, 0x7e, 0x78,
	0x6f, 0x64, 0x60, 0x67, 0x58, 0x53, 0x4d, 0x55, 0x69, 0x6a, 0x6b, 0x76,
	0x7d, 0x84, 0x76, 0x72, 0x70, 0x78, 0x6e, 0x80, 0x6d, 0x67, 0x41, 0x48,
	0x4c, 0x53, 0x55, 0x49, 0x5e, 0x56, 0x5b, 0x6a, 0x61, 0x68, 0x71, 0x69,
	0x70, 0x76, 0x75, 0x7a, 0x79, 0x97, 0x68, 0x5e, 0x54, 0x54, 0x6b, 0x6d,
	0x6d, 0x79, 0x8c, 0x8e, 0x7e, 0x81, 0x85, 0x82, 0x7e, 0x79, 0x75, 0x89,
	0x7f, 0x5a, 0x41, 0x5d, 0x71, 0x76, 0x74, 0x7c, 0x8b, 0x99, 0x8a, 0x86,
	0x88, 0x6a, 0x89, 0x87, 0x72, 0x68, 0x79, 0x95, 0x81, 0x82, 0x94, 0x88,
	0x90, 0x82, 0x8e, 0x95, 0x9b, 0xa5, 0x96, 0x90, 0x73, 0x70, 0x6d, 0x5f,
	0x5b, 0x66, 0x47, 0x77, 0x84, 0x7f, 0x73, 0x75, 0x6e, 0x81, 0x80, 0x88,
	0x9b, 0xa5, 0x9c, 0x95, 0x91, 0x6b, 0x78, 0x7d, 0x6f, 0x62, 0x7f, 0x97,
	0x90, 0x84, 0x72, 0x69, 0x6f, 0x66, 0x5e, 0x62, 0x87, 0x94, 0x8d, 0x8b,
	0x87, 0x98, 0x9f, 0x9b, 0x97, 0x70, 0x8a, 0x89, 0x84, 0x8a, 0x85, 0x8d,
	0x8f, 0x78, 0x87, 0x8a, 0x83, 0x71, 0x69, 0x7c, 0x90, 0x95, 0x96, 0x88,
	0x77, 0x85, 0x80, 0x86, 0x7b, 0x8e, 0x7a, 0x77, 0x8d, 0x91, 0x82, 0x91,
	0x7b, 0x5b, 0x5f, 0x63, 0x66, 0x73, 0x6b, 0x48, 0x65, 0x70, 0x89, 0x7f,
	0x69, 0x5c, 0x68, 0x6e, 0x79, 0x7e, 0x71, 0x5a, 0x4f, 0x56, 0x70, 0x6a,
	0x67, 0x64, 0x66, 0x7c, 0x93, 0x9b, 0x9e, 0x79, 0x52, 0x5d, 0x64, 0x6f,
	0x61, 0x75, 0x77, 0x72, 0x59, 0x6c, 0x6c, 0x71, 0x84, 0x86, 0x8d, 0x99,
	0x9b, 0x9b, 0x88, 0x60, 0x96, 0x90, 0xa1, 0x97, 0x7f, 0x82, 0x86, 0x84,
	0x82, 0x82, 0x80, 0x7b, 0x7a, 0x7b, 0x78, 0x81, 0x76, 0x83, 0x58, 0x6f,
	0x8c, 0x7e, 0x77, 0x75, 0x7f, 0x79, 0x67, 0x74, 0x7d, 0x86, 0x83, 0x77,
	0x91, 0x8a, 0x84, 0x72, 0x70, 0x71, 0x6e, 0x5e, 0x65, 0x64, 0x5d, 0x55,
	0x66, 0x63, 0x6d, 0x70, 0x76, 0x77, 0x7b, 0x7e, 0x7f, 0x82, 0x83, 0x85,
	0x80, 0x8c, 0x9d, 0x8a, 0x7a, 0x75, 0x6b, 0x75, 0x66, 0x72, 0x63, 0x73,
	0x62, 0x73, 0x76, 0x7a, 0x77, 0x8b, 0x7e, 0x8b, 0x93, 0x84, 0x77, 0x97,
	0x81, 0x83, 0x94, 0x9b, 0xa4, 0x87, 0x7a, 0x7c, 0x84, 0x94, 0x9a, 0x8c,
	0x98, 0x92, 0x81, 0x7a, 0x85, 0x78, 0x89, 0x8a, 0x86, 0x79, 0x88, 0x7a,
	0x97, 0x98, 0xa6, 0xa4, 0xa3, 0x80, 0x85, 0x86, 0x80, 0x84, 0x8b, 0x79,
	0x83, 0x82, 0x7d, 0x5e, 0x89, 0x6c, 0x59, 0x59, 0x74, 0x91, 0x96, 0x94,
	0x98, 0x8e, 0x77, 0x60, 0x59, 0x59, 0x5f, 0x64, 0x5c, 0x63, 0x63, 0x85,
	0x6c, 0x78, 0x6b, 0x88, 0x84, 0x82, 0x96, 0x98, 0x98, 0x8a, 0x7f, 0x86,
	0x81, 0x74, 0x83, 0x75, 0x79, 0x85, 0x73, 0x67, 0x80, 0x9f, 0x8d, 0x9c,
	0x7c, 0x82, 0x84, 0x8a, 0x7e, 0x7a, 0x7f, 0x87, 0x7c, 0x75, 0x79, 0x7f,
	0x7d, 0x72, 0x71, 0x6c, 0x7b, 0x8e, 0xad, 0x8d, 0x73, 0x67, 0x51, 0x2d,
	0x46, 0x59, 0x61, 0x76, 0x7f, 0x81, 0x7d, 0x83, 0x81, 0x85, 0x8a, 0x87,
	0x87, 0x7b, 0x75, 0x7d, 0x7c, 0x7e, 0x7f, 0x79, 0x6c, 0x6e, 0x75, 0x5f,
	0x27, 0x29, 0x23, 0x11, 0x0e, 0x01, 0x01, 0x45, 0x7e, 0x7d, 0x7e, 0x77,
	0x85, 0x83, 0x86, 0x85, 0x88, 0x80, 0x78, 0x77, 0x69, 0x70, 0x78, 0x68,
	0x5e, 0x54, 0x92, 0x8e, 0x79, 0x7e, 0x7a, 0x82, 0x88, 0x82, 0x84, 0x8f,
	0x86, 0x94, 0x87, 0x7a, 0x52, 0x48, 0x43, 0x4e, 0x57, 0x50, 0x44, 0x63,
	0x80, 0x72, 0x8a, 0x92, 0x89, 0x90, 0x81, 0x84, 0x86, 0x88, 0x87, 0x86,
	0x78, 0x7b, 0x79, 0x6d, 0x63, 0x5f, 0x42, 0x54, 0x86, 0x74, 0x8d, 0x84,
	0x79, 0x7f, 0x77, 0x6f, 0x71, 0x73, 0x82, 0x84, 0x90, 0x8c, 0x8c, 0x89,
	0x83, 0x88, 0x80, 0x7f, 0x81, 0x77, 0x7a, 0x79, 0x7b, 0x84, 0x78, 0x79,
	0x7d, 0x7a, 0x82, 0x7f, 0x8c, 0x8b, 0x88, 0x85, 0x8c, 0x97, 0x9d, 0xa2,
	0x7e, 0x8b, 0x73, 0x72, 0x73, 0x79, 0x7e, 0x7b, 0x7b, 0x7a, 0x76, 0x7b,
	0x90, 0x95, 0x9c, 0x94, 0x9e, 0xad, 0xa8, 0x8d, 0x7a, 0x90, 0x7f, 0x78,
	0x76, 0x73, 0x73, 0x76, 0x76, 0x75, 0x75, 0x77, 0x8c, 0x93, 0x98, 0x9b,
	0xa5, 0x9e, 0x88, 0x84, 0x7e, 0x81, 0x77, 0x7f, 0x82, 0x73, 0x7b, 0x7b,
	0x7b, 0x7a, 0x70, 0x84, 0x85, 0x83, 0x76, 0x86, 0x82, 0x7b, 0x95, 0x7b,
	0x5e, 0x53, 0x68, 0x87, 0x85, 0x83, 0x77, 0x7e, 0x83, 0x83, 0x89, 0x93,
	0xa7, 0xca, 0x9f, 0x86, 0x74, 0x81, 0x7a, 0x68, 0x82, 0x67, 0x64, 0x5f,
	0x6c, 0x8d, 0x95, 0x80, 0x74, 0x7b, 0x76, 0x74, 0x65, 0x7a, 0x75, 0x6f,
	0x74, 0x60, 0x61, 0x6b, 0x86, 0x75, 0x71, 0x71, 0x78, 0x78, 0x71, 0x81,
	0x84, 0x89, 0x81, 0x7e, 0x74, 0x87, 0x7f, 0x8c, 0x81, 0x77, 0x6f, 0x5a,
	0x66, 0x5f, 0x78, 0x4d, 0x5e, 0x5e, 0x62, 0x77, 0x7f, 0x7f, 0x7b, 0x7d,
	0x88, 0x8c, 0x91, 0x8c, 0x83, 0x8f, 0x94, 0x69, 0x8f, 0x83, 0x8d, 0x83,
	0x2e, 0x24, 0x25, 0x57, 0x6b, 0x6e, 0x7e, 0x79, 0x90, 0x7e, 0x8a, 0x89,
	0x79, 0xa3, 0x97, 0x85, 0x89, 0x97, 0x95, 0x91, 0x95, 0x82, 0x7c, 0x75,
	0x77, 0x81, 0x88, 0x8f, 0x90, 0x90, 0x89, 0x81, 0x7f, 0x82, 0x7b, 0x7f,
	0x85, 0xa4, 0x9d, 0x9d, 0x9c, 0x9b, 0x98, 0x82, 0x7f, 0x7d, 0x7f, 0x86,
	0x8e, 0x88, 0x7c, 0x76, 0x68, 0x6c, 0x6c, 0x89, 0x5b, 0x65, 0x77, 0x89,
	0x8c, 0x96, 0x92, 0x80, 0x7b, 0x7a, 0x6a, 0x64, 0x5e, 0x5b, 0x4e, 0x64,
	0x75, 0x6f, 0x7c, 0x86, 0x60, 0x5e, 0x43, 0x63, 0x8b, 0x90, 0x89, 0x7b,
	0x6a, 0x61, 0x5d, 0x59, 0x53, 0x45, 0x5d, 0x5e, 0x78, 0x5d, 0x63, 0x78,
	0x6c, 0x38, 0x6c, 0x8e, 0x87, 0x70, 0x62, 0x67, 0x73, 0x86, 0x89, 0x97,
	0x8b, 0x87, 0x78, 0x75, 0x61, 0x5f, 0x42, 0x6e, 0x6d, 0x5e, 0x84, 0x87,
	0x97, 0x89, 0x85, 0x7f, 0x82, 0x73, 0x6d, 0x65, 0x65, 0x61, 0x75, 0x82,
	0x77, 0x91, 0x7d, 0x8b, 0x63, 0x76, 0x7e, 0x8e, 0x78, 0x8b, 0x8e, 0x97,
	0x80, 0x76, 0x61, 0x64, 0x71, 0x76, 0x77, 0x75, 0x85, 0x74, 0x4d, 0x56,
	0x64, 0x5e, 0x5c, 0x67, 0x7e, 0x77, 0x7e, 0x92, 0x84, 0x93, 0x8e, 0x8f,
	0x98, 0x93, 0x76, 0x75, 0x87, 0x70, 0x65, 0x4c, 0x85, 0x97, 0x81, 0x87,
	0x79, 0x76, 0x6d, 0x79, 0x6f, 0x7d, 0x84, 0x7f, 0x7d, 0x89, 0x81, 0x95,
	0x97, 0x7f, 0x7e, 0x7d, 0xaf, 0xae, 0x96, 0x8b, 0x86, 0x91, 0x7c, 0x72,
	0x74, 0x6f, 0x6c, 0x76, 0x7c, 0x6c, 0x6f, 0x76, 0x79, 0x7d, 0x90, 0xb7,
	0xa4, 0x8c, 0x89, 0x75, 0x67, 0x6a, 0x66, 0x5a, 0x6c, 0x79, 0x83, 0x89,
	0x7d, 0x77, 0x7a, 0x64, 0x67, 0x71, 0x92, 0xaa, 0x81, 0x73, 0x73, 0x6b,
	0x6a, 0x6b, 0x80, 0x7c, 0x85, 0x8d, 0x94, 0x90, 0x8c, 0x88, 0x8f, 0x7b,
	0x76, 0x74, 0x9a, 0x7c, 0x5c, 0x74, 0x76, 0x7b, 0x89, 0x85, 0x8d, 0x7e,
	0x8e, 0x7b, 0x87, 0x87, 0x78, 0x88, 0x8a, 0x8f, 0x78, 0x93, 0x84, 0x65,
	0x72, 0x71, 0x76, 0x88, 0x89, 0x8c, 0x8a, 0x83, 0x8f, 0x90, 0x9b, 0x93,
	0x81, 0x8f, 0x90, 0x7c, 0x7a, 0x6b, 0x7a, 0x6f, 0x86, 0x8c, 0x54, 0x6c,
	0x84, 0x8d, 0x8a, 0x93, 0x81, 0x7d, 0x77, 0x7e, 0x7f, 0x70, 0x87, 0x84,
	0x86, 0x89, 0x87, 0x7f, 0xb7, 0xbd, 0xb3, 0x8e, 0x7a, 0x8d, 0x71, 0x76,
	0x86, 0x80, 0x79, 0x75, 0x82, 0x86, 0x8d, 0x8f, 0x87, 0x80, 0x80, 0x87,
	0xbf, 0xda, 0xca, 0xb3, 0x99, 0x87, 0x7a, 0x6f, 0x6c, 0x7c, 0x7f, 0x82,
	0x7b, 0x79, 0x7f, 0x98, 0x87, 0x80, 0x61, 0x94, 0x7b, 0xac, 0x91, 0x8a,
	0x94, 0x7d, 0x85, 0x84, 0x83, 0x87, 0x82, 0x7c, 0x75, 0x80, 0x6f, 0x73,
	0x70, 0x7c, 0x85, 0x84, 0x70, 0x61, 0x88, 0x7a, 0x80, 0x89, 0x87, 0x87,
	0x88, 0x7a, 0x7e, 0x7e, 0x7a, 0x8c, 0x79, 0x7b, 0x7b, 0x7f, 0x7f, 0x84,
	0x5f, 0x52, 0x64, 0x6d, 0x66, 0x6d, 0x7f, 0x7e, 0x81, 0x7d, 0x90, 0x8a,
	0x89, 0x86, 0x7f, 0x87, 0x7f, 0x71, 0x84, 0x75, 0x35, 0x3f, 0x5e, 0x5b,
	0x65, 0x63, 0x67, 0x68, 0x71, 0x71, 0x73, 0x74, 0x77, 0x6d, 0x70, 0x5f,
	0x73, 0x74, 0x78, 0x73, 0x70, 0x21, 0x36, 0x6b, 0x6f, 0x6e, 0x7b, 0x7a,
	0x7a, 0x74, 0x79, 0x79, 0x78, 0x74, 0x7c, 0x67, 0x74, 0x7b, 0x85, 0x63,
	0x8b, 0x98, 0x83, 0x8d, 0x7e, 0x86, 0x81, 0x80, 0x7c, 0x81, 0x7c, 0x7c,
	0x5d, 0x5e, 0x39, 0x31, 0x2f, 0x2b, 0x30, 0x58, 0x74, 0x79, 0x7c, 0x7f,
	0x7e, 0x83, 0x72, 0x73, 0x7b, 0x88, 0x97, 0x9a, 0x88, 0x7a, 0x66, 0x86,
	0x83, 0x81, 0x74, 0x92, 0x81, 0x98, 0x8b, 0x77, 0x7e, 0x8a, 0x86, 0x83,
	0x8c, 0xa7, 0xa2, 0x9c, 0xb3, 0xae, 0x9f, 0x9f, 0x8f, 0x89, 0x63, 0x76,
	0x84, 0x83, 0x6e, 0x79, 0x78, 0x70, 0x75, 0x7d, 0x7f, 0x80, 0x79, 0x87,
	0x9e, 0x94, 0x9a, 0x89, 0x7c, 0x82, 0x73, 0x66, 0x7d, 0x68, 0x7b, 0x83,
	0x82, 0x7a, 0x76, 0x7c, 0x87, 0x84, 0x84, 0x89, 0x91, 0x8a, 0xa2, 0x8f,
	0x84, 0x7f, 0x87, 0x7d, 0x82, 0x78, 0x7d, 0x76, 0x80, 0x72, 0x77, 0x8d,
	0x87, 0x7e, 0x8b, 0x8e, 0x90, 0x88, 0x9f, 0x8d, 0x8e, 0x8d, 0x7f, 0x76,
	0x7e, 0x80, 0x81, 0x75, 0x77, 0x78, 0x7a, 0x77, 0x63, 0x51, 0x66, 0x72,
	0x6a, 0x7f, 0x91, 0x81, 0x84, 0x77, 0x7b, 0x71, 0x82, 0x76, 0x80, 0x86,
	0x7b, 0x7c, 0x8f, 0x7d, 0x75, 0x61, 0x47, 0x44, 0x47, 0x53, 0x3f, 0x51,
	0x66, 0x58, 0x8a, 0x7c, 0x75, 0x73, 0x74, 0x7e, 0x76, 0x81, 0x79, 0x7a,
	0x7e, 0x83, 0x79, 0x61, 0x42, 0x41, 0x3e, 0x49, 0x5f, 0x81, 0x8d, 0x98,
	0x82, 0x70, 0x62, 0x83, 0x82, 0x64, 0x4a, 0x4f, 0x66, 0x66, 0x73, 0x7b,
	0x72, 0x76, 0x7c, 0x9b, 0x8f, 0x91, 0x78, 0x6f, 0x6c, 0x84, 0x80, 0x82,
	0x7f, 0x7c, 0x71, 0x70, 0x57, 0x6b, 0x72, 0x7b, 0x7c, 0x87, 0x7b, 0x7a,
	0x80, 0x79, 0x8c, 0x72, 0x7c, 0x65, 0x76, 0x6b, 0x68, 0x65, 0x60, 0x6f,
	0x78, 0x7d, 0x8e, 0x90, 0x8a, 0x75, 0x78, 0x75, 0x89, 0x91, 0x88, 0x7d,
	0x84, 0x78, 0x6d, 0x77, 0x5d, 0x62, 0x6c, 0x6c, 0x8a, 0x7d, 0x7c, 0x71,
	0x7a, 0x6c, 0x7b, 0x71, 0x60, 0x75, 0x71, 0x87, 0x76, 0x42, 0x49, 0x63,
	0x62, 0x75, 0x8a, 0x94, 0x9c, 0x85, 0x75, 0x73, 0x66, 0x68, 0x64, 0x54,
	0x4a, 0x56, 0x67, 0x78, 0x6d, 0x6c, 0x77, 0x6f, 0x8c, 0xa1, 0xa1, 0x99,
	0x93, 0x97, 0x8a, 0x81, 0x81, 0x81, 0x84, 0x7d, 0x74, 0x70, 0x69, 0x77,
	0x80, 0x8e, 0x8e, 0x79, 0x89, 0x91, 0x93, 0x95, 0x83, 0x84, 0x87, 0x83,
	0x8a, 0x8b, 0x7c, 0x8d, 0x8e, 0x92, 0x82, 0x86, 0x89, 0x99, 0xa3, 0x9d,
	0x8e, 0x77, 0x78, 0x88, 0x7d, 0x64, 0x69, 0x7d, 0x82, 0x82, 0x93, 0x8c,
	0x93, 0x8e, 0x8d, 0x88, 0x7a, 0x9d, 0x86, 0x95, 0x92, 0x7b, 0x60, 0x46,
	0x54, 0x72, 0x67, 0x6b, 0x64, 0x7c, 0x77, 0x8a, 0x90, 0x79, 0x7f, 0x6c,
	0x6e, 0x81, 0x6c, 0x9e, 0x81, 0x70, 0x81, 0x8b, 0x7a, 0x8c, 0x6c, 0x5c,
	0x75, 0x92, 0x8b, 0x8d, 0x8d, 0x83, 0x8e, 0x74, 0x7c, 0x79, 0x5b, 0x7b,
	0x7e, 0x61, 0x62, 0x5c, 0x65, 0x68, 0x6c, 0x66, 0x63, 0x55, 0x51, 0x59,
	0x4b, 0x55, 0x4a, 0x66, 0x82, 0x82, 0x70, 0x60, 0x5a, 0x78, 0x6c, 0x61,
	0x6d, 0x67, 0x5f, 0x62, 0x55, 0x52, 0x47, 0x52, 0x5c, 0x6a, 0x64, 0x5f,
	0x89, 0x86, 0x90, 0x81, 0x66, 0x7c, 0x7b, 0x78, 0x75, 0x75, 0x5d, 0x55,
	0x71, 0x70, 0x78, 0x76, 0x74, 0x85, 0x7f, 0x4f, 0x79, 0x78, 0x7e, 0x74,
	0x86, 0x79, 0x7e, 0x8e, 0x95, 0x88, 0x94, 0xa0, 0x95, 0x81, 0x83, 0x7c,
	0x85, 0x90, 0x8b, 0x97, 0x71, 0x81, 0x7b, 0x79, 0x7f, 0x81, 0x87, 0x95,
	0x94, 0x9c, 0xab, 0xab, 0x94, 0x8f, 0x9e, 0x9c, 0xa9, 0x97, 0xbb, 0xb0,
	0x7f, 0x84, 0x7d, 0x8b, 0x85, 0x89, 0x7e, 0x7e, 0x6c, 0x76, 0x84, 0x89,
	0x93, 0xa1, 0x96, 0x98, 0xac, 0x9c, 0xac, 0xa4, 0x7c, 0x6c, 0x9c, 0x97,
	0x9d, 0x90, 0x96, 0x8d, 0x89, 0x88, 0x7a, 0x83, 0x89, 0x9b, 0x99, 0x98,
	0x8d, 0x74, 0x6f, 0x7e, 0x68, 0x78, 0x78, 0x72, 0x7c, 0x7f, 0x73, 0x7d,
	0x72, 0x83, 0x7c, 0x6e, 0x75, 0x76, 0x78, 0x77, 0x62, 0x5c, 0x47, 0x5c,
	0x7f, 0x6f, 0x55, 0x4a, 0x62, 0x56, 0x52, 0x51, 0x53, 0x54, 0x68, 0x6e,
	0x8b, 0x78, 0x7c, 0x7f, 0x79, 0x6f, 0x7d, 0x90, 0x9a, 0x96, 0xb2, 0xa3,
	0xac, 0xa5, 0xb0, 0xa6, 0xa6, 0xa2, 0x95, 0xa3, 0x93, 0x88, 0x85, 0x7d,
	0x80, 0x91, 0x77, 0x74, 0x9d, 0xb6, 0xa3, 0xa6, 0x99, 0xae, 0xbd, 0xab,
	0x9e, 0x9f, 0x92, 0x91, 0x85, 0x83, 0x7f, 0x81, 0x83, 0x92, 0x75, 0x70,
	0x81, 0x8c, 0x95, 0x96, 0x94, 0x93, 0x8e, 0x8f, 0x8c, 0x7d, 0x87, 0x7d,
	0x80, 0x79, 0x7e, 0x7c, 0x7f, 0x7c, 0x87, 0x8a, 0x7e, 0x6f, 0x66, 0x87,
	0x7e, 0x7c, 0x69, 0x76, 0x77, 0x68, 0x70, 0x6b, 0x71, 0x85, 0x7f, 0x7c,
	0x7e, 0x75, 0x8a, 0x9e, 0x79, 0x4a, 0x49, 0x4d, 0x4e, 0x59, 0x4f, 0x55,
	0x57, 0x68, 0x7a, 0x76, 0x84, 0x86, 0x8c, 0x82, 0x8b, 0x6f, 0x7b, 0x83,
	0x70, 0x59, 0x55, 0x47, 0x59, 0x5f, 0x5c, 0x73, 0x67, 0x69, 0x70, 0x7d,
	0x77, 0x7a, 0x79, 0x7b, 0x7f, 0x76, 0x7d, 0x80, 0x8b, 0x92, 0x8e, 0x82,
	0x6e, 0x6a, 0x67, 0x6a, 0x78, 0x81, 0x74, 0x6f, 0x71, 0x79, 0x79, 0x82,
	0x84, 0x83, 0x8e, 0x86, 0x69, 0x9c, 0x98, 0x9f, 0x9e, 0x8d, 0x94, 0x8c,
	0x97, 0x9b, 0x93, 0x8f, 0x98, 0x8e, 0x89, 0x8d, 0x80, 0x8c, 0x89, 0x70,
	0x81, 0x6f, 0x6b, 0x8a, 0x76, 0x83, 0x7b, 0x89, 0x83, 0x8a, 0x89, 0x7d,
	0x72, 0x73, 0x7f, 0x8d, 0x92, 0x7f, 0x41, 0x0d, 0x7b, 0x84, 0x7e, 0x85,
	0x90, 0x97, 0x8b, 0x80, 0x8c, 0x86, 0x77, 0x81, 0x83, 0x85, 0x8c, 0x88,
	0x8e, 0x8c, 0x92, 0x81, 0x7d, 0x86, 0x85, 0x95, 0x88, 0x7f, 0x9c, 0x87,
	0x81, 0x90, 0x86, 0x81, 0x8b, 0x94, 0x90, 0x88, 0x72, 0x8e, 0xb1, 0xb2,
	0xa3, 0x7f, 0x88, 0x86, 0x80, 0x79, 0x66, 0x83, 0x80, 0x70, 0x81, 0x91,
	0x8a, 0x9e, 0xa5, 0x8d, 0x84, 0x72, 0x7d, 0x7e, 0x86, 0x86, 0x73, 0x6e,
	0x72, 0x78, 0x76, 0x74, 0x73, 0x66, 0x62, 0x78, 0x76, 0x85, 0x92, 0x97,
	0x91, 0x75, 0x30, 0x23, 0x72, 0x80, 0x78, 0x84, 0x82, 0x79, 0x82, 0x80,
	0x75, 0x7e, 0x77, 0x6f, 0x58, 0x4a, 0x50, 0x77, 0x7f, 0x7e, 0x8a, 0x80,
	0x78, 0x63, 0x74, 0x6b, 0x73, 0x6b, 0x6d, 0x7e, 0x87, 0x89, 0x89, 0x75,
	0x72, 0x63, 0x45, 0x4c, 0x6b, 0x91, 0x95, 0xf3, 0x7d, 0x6c, 0x7b, 0x7c,
	0x6b, 0x79, 0x7b, 0x77, 0x70, 0x75, 0x7d, 0x73, 0x7f, 0x7c, 0x71, 0x6e,
	0x66, 0x5f, 0x5b, 0xa9, 0x5b, 0x84, 0x81, 0x68, 0x76, 0x85, 0x7a, 0x77,
	0x73, 0x77, 0x7f, 0x7f, 0x7f, 0x84, 0x89, 0x86, 0x80, 0x73, 0x79, 0x02,
	0x7d, 0x7f, 0x9e, 0x81, 0x68, 0x84, 0x63, 0x64, 0x75, 0x81, 0x6d, 0x7e,
	0x8d, 0x9d, 0x92, 0xa4, 0xce, 0xd9, 0xfb, 0xc1, 0x91, 0x7d, 0x67, 0x5f,
	0x68, 0x70, 0x78, 0x72, 0x6d, 0x6f, 0x7c, 0x7e, 0x80, 0x79, 0x80, 0x7e,
	0x76, 0x85, 0xb1, 0x3b, 0x9c, 0x89, 0x84, 0x79, 0x82, 0x79, 0x6d, 0x75,
	0x79, 0x75, 0x7f, 0x7f, 0x7b, 0x78, 0x77, 0x6f, 0x44, 0x60, 0x60, 0x42,
	0x70, 0x71, 0x6c, 0x7f, 0x79, 0x76, 0x77, 0x6e, 0x76, 0x7a, 0x71, 0x69,
	0x7b, 0x84, 0x78, 0x87, 0x8c, 0x90, 0x90, 0x86, 0x68, 0x66, 0x80, 0x77,
	0x7c, 0x7f, 0x76, 0x6b, 0x72, 0x80, 0x7d, 0x7f, 0x87, 0x8b, 0x83, 0x75,
	0x88, 0x88, 0x7b, 0x90, 0x73, 0x86, 0x88, 0x79, 0x7c, 0x8e, 0x8a, 0x82,
	0x83, 0x84, 0x77, 0x6b, 0x5f, 0x56, 0x51, 0x6a, 0x81, 0x88, 0x5f, 0x95,
	0x7c, 0x8c, 0x81, 0x8c, 0x86, 0x7e, 0x84, 0x85, 0x85, 0x7f, 0x6e, 0x68,
	0x50, 0x66, 0x7d, 0x85, 0x7c, 0x69, 0x34, 0x8b, 0x81, 0x7f, 0x82, 0x90,
	0x89, 0x7b, 0x83, 0x92, 0x89, 0x86, 0x85, 0x8f, 0x97, 0x9c, 0x93, 0x88,
	0x98, 0x8d, 0x87, 0xb8, 0x66, 0x6a, 0x74, 0x73, 0x73, 0x70, 0x7d, 0x79,
	0x75, 0x78, 0x7c, 0x8a, 0x8f, 0x87, 0x7f, 0x7d, 0x75, 0x5e, 0xa6, 0x6d,
	0x85, 0x77, 0x60, 0x51, 0x93, 0x92, 0x89, 0x80, 0x8c, 0x94, 0x7b, 0x83,
	0x8b, 0x80, 0x8d, 0x79, 0x80, 0x67, 0x47, 0x38, 0x84, 0x7b, 0x6c, 0x5a,
	0x52, 0x78, 0x7f, 0x73, 0x7e, 0x87, 0x79, 0x79, 0x7a, 0x7c, 0x73, 0x78,
	0x87, 0x76, 0x72, 0x79, 0x61, 0x6b, 0x77, 0x8c, 0x5b, 0x51, 0x66, 0x6b,
	0x76, 0x95, 0x92, 0x84, 0x82, 0x6c, 0x6c, 0x74, 0x84, 0x98, 0x8a, 0x69,
	0x6d, 0x63, 0x7c, 0x89, 0x73, 0x5a, 0x40, 0x52, 0x66, 0x80, 0x8c, 0x8e,
	0x7e, 0x7b, 0x7b, 0x74, 0x73, 0x7e, 0x62, 0x59, 0x74, 0x76, 0x8a, 0x8b,
	0x90, 0x88, 0x70, 0x63, 0x5c, 0x6d, 0x88, 0x91, 0x85, 0x8d, 0x8a, 0x87,
	0x7b, 0x7c, 0x92, 0x74, 0x83, 0x7d, 0x70, 0x91, 0x94, 0x9a, 0x8f, 0x7e,
	0x64, 0x4b, 0x51, 0x73, 0x7f, 0x83, 0x88, 0x8a, 0x7d, 0x81, 0x8b, 0x8b,
	0x89, 0x6d, 0x94, 0x97, 0x9d, 0x95, 0x92, 0x91, 0x83, 0x67, 0x4f, 0x50,
	0x67, 0x86, 0x83, 0x85, 0x80, 0x7b, 0x91, 0x90, 0x83, 0x8a, 0x79, 0x8b,
	0x8c, 0x84, 0x93, 0x9d, 0x9b, 0x8c, 0x86, 0x65, 0x62, 0x58, 0x5b, 0x6a,
	0x6d, 0x7e, 0x7c, 0x9d, 0x6a, 0x8a, 0x5f, 0x1a, 0x5a, 0x6c, 0x88, 0x8c,
	0x82, 0x80, 0x7e, 0x7a, 0x7c, 0x7b, 0x7e, 0x67, 0x64, 0x42, 0x39, 0x61,
	0x7d, 0x8d, 0x85, 0x91, 0x7e, 0x90, 0x87, 0x89, 0x8f, 0x92, 0x81, 0x87,
	0x82, 0x7f, 0x75, 0x71, 0x82, 0x7f, 0x46, 0x01, 0x85, 0x86, 0x73, 0x8a,
	0x82, 0x7c, 0x91, 0x94, 0x94, 0x92, 0x96, 0x8e, 0x8f, 0x9c, 0xa8, 0xa7,
	0xac, 0xbd, 0xd3, 0xa9, 0x76, 0x6a, 0x7c, 0x75, 0x8b, 0x87, 0x8f, 0x87,
	0x91, 0x8f, 0x93, 0x8d, 0x89, 0x9b, 0x9b, 0x95, 0xa2, 0xa3, 0xb0, 0xa4,
	0x75, 0x8e, 0x87, 0x74, 0x7f, 0x94, 0x89, 0x8b, 0x8b, 0x88, 0x84, 0x8d,
	0x8e, 0x99, 0xa1, 0x91, 0x8a, 0x78, 0x73, 0x69, 0x87, 0x7e, 0x83, 0x71,
	0x6e, 0x68, 0x69, 0x64, 0x62, 0x69, 0x72, 0x7e, 0x6a, 0x54, 0x52, 0x5c,
	0x54, 0x4a, 0x5b, 0x4f, 0x7b, 0x84, 0x6f, 0x79, 0x6c, 0x65, 0x5a, 0x59,
	0x61, 0x6b, 0x62, 0x59, 0x5f, 0x3b, 0x1d, 0x07, 0x23, 0x49, 0x4d, 0x54,
	0x7b, 0x5f, 0x7a, 0x85, 0x7c, 0x7c, 0x6d, 0x78, 0x6d, 0x64, 0x60, 0x53,
	0x57, 0x56, 0x61, 0x70, 0x61, 0x5c, 0x61, 0x78, 0x76, 0x85, 0x85, 0x84,
	0x8b, 0x8e, 0x7f, 0x80, 0x88, 0x86, 0x7b, 0x84, 0x84, 0x8a, 0x8a, 0x8d,
	0x89, 0x77, 0x67, 0x83, 0x86, 0x8b, 0x86, 0x80, 0x7c, 0x77, 0x86, 0x8f,
	0x88, 0x82, 0x8b, 0x90, 0x95, 0xa9, 0xab, 0xb0, 0xaf, 0xa4, 0x84, 0x9b,
	0x7d, 0x69, 0x7c, 0x81, 0x77, 0x75, 0x63, 0x56, 0x66, 0x62, 0x79, 0x5f,
	0x76, 0x86, 0x9b, 0xa6, 0x9e, 0x8c, 0x78, 0x76, 0x77, 0x81, 0x70, 0x74,
	0x71, 0x67, 0x62, 0x65, 0x70, 0x6d, 0x78, 0x80, 0x7a, 0x79, 0x87, 0x99,
	0x86, 0x91, 0x89, 0x83, 0x8f, 0x76, 0x9c, 0x90, 0x92, 0xa1, 0x99, 0x78,
	0x87, 0x7c, 0x67, 0x7f, 0x8f, 0x88, 0x88, 0x88, 0x90, 0x81, 0x8b, 0x90,
	0x8e, 0x96, 0x84, 0x8e, 0x87, 0x88, 0x94, 0x98, 0x92, 0x85, 0x8e, 0x8f,
	0xa1, 0x92, 0x74, 0x74, 0x83, 0x87, 0x87, 0x84, 0x7e, 0x6c, 0x74, 0x8b,
	0x92, 0x94, 0x91, 0x82, 0x73, 0x70, 0x73, 0x74, 0x74, 0x8f, 0x81, 0x82,
	0x8d, 0x80, 0x7b, 0x9c, 0x6f, 0x46, 0x82, 0x96, 0x88, 0x8a, 0x7f, 0x6d,
	0x63, 0x7f, 0x82, 0x70, 0x61, 0x78, 0x74, 0x77, 0x79, 0x7c, 0x83, 0x89,
	0x74, 0x79, 0x83, 0x80, 0x8d, 0x75, 0x6a, 0x81, 0x87, 0x8d, 0x7e, 0x72,
	0x71, 0x6a, 0x6f, 0x5e, 0x69, 0x61, 0x72, 0x82, 0x76, 0x9a, 0x87, 0x6e,
	0x65, 0x7b, 0x7c, 0x91, 0x8e, 0x8e, 0x80, 0x87, 0x84, 0x80, 0x84, 0x7b,
	0x6a, 0x71, 0x5e, 0x60, 0x8b, 0x9b, 0x60, 0x57, 0x5e, 0x53, 0x72, 0x81,
	0x7c, 0x80, 0x8b, 0x88, 0x7d, 0x70, 0x8b, 0x90, 0x80, 0x95, 0x83, 0x5b,
	0x98, 0x7b, 0x59, 0x42, 0x58, 0x54, 0x55, 0x56, 0x64, 0x5a, 0x7a, 0x7e,
	0x80, 0x8f, 0x8f, 0x8b, 0x79, 0x74, 0x81, 0x81, 0x7f, 0x83, 0x76, 0x6c,
	0x60, 0x5b, 0x4b, 0x52, 0x51, 0x51, 0x5c, 0x5d, 0x6b, 0x70, 0x76, 0x70,
	0x72, 0x70, 0x6e, 0x83, 0x89, 0x88, 0x7c, 0x77, 0x74, 0x8a, 0x82, 0x7e,
	0x74, 0x70, 0x63, 0x79, 0x7e, 0x83, 0x81, 0x81, 0x72, 0x6f, 0x67, 0x85,
	0x91, 0x6a, 0x75, 0x71, 0x82, 0x97, 0xa0, 0x8f, 0x98, 0x8f, 0x9b, 0x8f,
	0x87, 0x92, 0x99, 0x81, 0x82, 0x82, 0x67, 0x7f, 0x92, 0x7a, 0x88, 0x99,
	0xa9, 0x95, 0x9f, 0x99, 0x9c, 0x9a, 0x95, 0x93, 0x88, 0x83, 0x77, 0x78,
	0x82, 0x89, 0x86, 0x71, 0x7e, 0xa0, 0xba, 0x9f, 0xa0, 0x8d, 0x8b, 0x8f,
	0x89, 0x86, 0x8d, 0x8e, 0x86, 0x78, 0x6e, 0x76, 0x7d, 0x79, 0x83, 0x84,
	0x6b, 0x79, 0x7a, 0x8a, 0x95, 0x8c, 0x88, 0x8b, 0x8c, 0x93, 0x8f, 0x8b,
	0x81, 0x86, 0x78, 0x77, 0x85, 0x7b, 0x8b, 0x79, 0x5a, 0x60, 0x68, 0x82,
	0x8f, 0x89, 0x95, 0x9a, 0x8d, 0x83, 0x7d, 0x7c, 0x77, 0x86, 0x7d, 0x91,
	0x80, 0x83, 0x80, 0x7c, 0x74, 0x74, 0x5e, 0x4b, 0x21, 0x24, 0x2d, 0x2c,
	0x48, 0x58, 0x4f, 0x51, 0x5f, 0x54, 0x75, 0x7a, 0x74, 0x7d, 0x86, 0x70,
	0x80, 0x70, 0x64, 0x94, 0xac, 0x79, 0x75, 0x7b, 0x80, 0x86, 0x88, 0x9a,
	0x9f, 0x88, 0x9e, 0x98, 0xa3, 0x9a, 0x4b, 0x5b, 0x79, 0x77, 0x85, 0x81,
	0x7a, 0x86, 0x8f, 0x8d, 0x78, 0x74, 0x61, 0x5d, 0x64, 0x5a, 0x5d, 0x50,
	0x58, 0x68, 0x55, 0x71, 0x73, 0x72, 0x6a, 0x72, 0x7c, 0x7b, 0x77, 0x72,
	0x6e, 0x79, 0x7f, 0x81, 0x6c, 0x64, 0x64, 0x68, 0x71, 0x7d, 0x63, 0x4a,
	0x6d, 0x73, 0x6a, 0x79, 0x98, 0x94, 0x81, 0x84, 0x7d, 0x8b, 0x92, 0x96,
	0x90, 0x87, 0x97, 0x8b, 0x8b, 0x89, 0x8a, 0x86, 0x7a, 0x73, 0x89, 0x9b,
	0x95, 0x80, 0x8b, 0x82, 0x76, 0x70, 0x6a, 0x6d, 0x7e, 0x97, 0x9c, 0xa1,
	0x9b, 0x91, 0x74, 0x8f, 0x79, 0x66, 0x7e, 0x70, 0x65, 0x5c, 0x6c, 0x78,
	0x86, 0x7f, 0x82, 0x6b, 0x76, 0x90, 0x96, 0x95, 0x8e, 0x7a, 0x61, 0x65,
	0x8d, 0x7a, 0x82, 0x7c, 0x77, 0x80, 0x7f, 0x85, 0x90, 0x8d, 0x96, 0x96,
	0x85, 0x89, 0x96, 0x7c, 0x71, 0x5c, 0x80, 0x74, 0x8c, 0xa9, 0x85, 0x75,
	0x68, 0x7e, 0x77, 0x78, 0x76, 0x75, 0x7d, 0x8f, 0x8f, 0x82, 0x4f, 0x66,
	0x7d, 0x80, 0x96, 0x92, 0x78, 0x79, 0x70, 0x68, 0x62, 0x68, 0x62, 0x5e,
	0x6c, 0x6a, 0x62, 0x66, 0x67, 0x58, 0x65, 0x7a, 0x6e, 0x82, 0x9c, 0x88,
	0x96, 0x7b, 0x66, 0x51, 0x28, 0x19, 0x38, 0x38, 0x40, 0x69, 0x7e, 0x74,
	0x90, 0x92, 0xa6, 0xa3, 0x80, 0x8a, 0x9f, 0x89, 0x65, 0x7f, 0x71, 0x6b,
	0x63, 0x60, 0x7b, 0x7c, 0x7c, 0x85, 0x7f, 0x83, 0x83, 0x80, 0x75, 0x7e,
	0x7c, 0x75, 0x71, 0x5f, 0x69, 0x82, 0x74, 0x71, 0x66, 0x6e, 0x71, 0x5e,
	0x56, 0x61, 0x70, 0x6b, 0x7b, 0x7f, 0x90, 0x8d, 0x93, 0x99, 0x88, 0x67,
	0x8c, 0x91, 0x8c, 0x92, 0xaf, 0x98, 0x82, 0x7f, 0x5c, 0x50, 0x56, 0x5d,
	0x76, 0x80, 0x89, 0x82, 0x86, 0x88, 0x97, 0xa2, 0x7c, 0x7b, 0x80, 0x86,
	0x8c, 0x9b, 0x82, 0x8a, 0x84, 0x72, 0x75, 0x87, 0x77, 0x7b, 0x7a, 0x77,
	0x6c, 0x72, 0x75, 0x8e, 0x8f, 0x5d, 0x7a, 0x75, 0x77, 0x7d, 0x7f, 0x87,
	0x83, 0x84, 0x87, 0x85, 0x89, 0x98, 0x9e, 0x85, 0x83, 0x78, 0x6a, 0x94,
	0x6e, 0x75, 0x82, 0x75, 0x6e, 0x65, 0x6d, 0x78, 0x85, 0x88, 0x90, 0x8a,
	0x97, 0x8f, 0x8c, 0x95, 0x8b, 0x8f, 0x7f, 0x7a, 0x91, 0x7c, 0x74, 0x77,
	0x78, 0x85, 0x80, 0x84, 0x95, 0x97, 0x92, 0x7c, 0x65, 0x5b, 0x5f, 0x62,
	0x7d, 0x7e, 0x83, 0x7d, 0x79, 0x86, 0x82, 0x8a, 0x87, 0x7a, 0x8b, 0x84,
	0x92, 0x94, 0x88, 0x7f, 0x71, 0x6e, 0x57, 0x68, 0x5b, 0x59, 0x73, 0x59,
	0x79, 0x78, 0x64, 0x67, 0x86, 0x77, 0x7e, 0x89, 0x81, 0x7e, 0x7b, 0x84,
	0x85, 0x7b, 0x7e, 0x79, 0x7a, 0x7c, 0xc4, 0x9e, 0x7c, 0x87, 0x6f, 0x8d,
	0x81, 0x78, 0x73, 0x81, 0x75, 0x70, 0x81, 0x80, 0x93, 0x9c, 0x8b, 0x95,
	0x92, 0x8e, 0x9d, 0x7f, 0x8c, 0x8b, 0x88, 0x89, 0x7e, 0x6f, 0x7a, 0x68,
	0x66, 0x58, 0x5d, 0x79, 0x72, 0x70, 0x7a, 0x78, 0x6f, 0x83, 0x91, 0x50,
	0x87, 0x83, 0x7d, 0x79, 0x83, 0x8d, 0x83, 0x6d, 0x7a, 0x7c, 0x74, 0x59,
	0x5a, 0x55, 0x61, 0x59, 0x4d, 0x4b, 0x51, 0x49, 0x6a, 0x5a, 0x5e, 0x6c,
	0x6e, 0x77, 0x8a, 0x85, 0x82, 0x85, 0x77, 0x6c, 0x6b, 0x81, 0x80, 0x7c,
	0x8a, 0xaa, 0x85, 0x8b, 0x5b, 0x6e, 0x78, 0x85, 0x82, 0x7a, 0x80, 0x82,
	0x86, 0x7e, 0x83, 0x8b, 0x7c, 0x87, 0x81, 0x91, 0x99, 0x98, 0x92, 0xa6,
	0x8f, 0x99, 0xa4, 0x96, 0x8d, 0x83, 0x82, 0x86, 0x72, 0x81, 0x8d, 0x85,
	0x81, 0x69, 0x73, 0x75, 0x91, 0x95, 0x87, 0x8b, 0x82, 0x76, 0x99, 0x72,
	0x65, 0x6c, 0x6a, 0x78, 0x85, 0x84, 0x8e, 0x92, 0x8d, 0x7b, 0x78, 0x6b,
	0x4a, 0x2e, 0x5b, 0x74, 0x83, 0x70, 0x54, 0x59, 0x7b, 0x88, 0x7a, 0x89,
	0x8b, 0x8d, 0x7b, 0x81, 0x8e, 0x88, 0x90, 0x8c, 0x90, 0x76, 0x6d, 0x8f,
	0x8a, 0x8f, 0xa0, 0x92, 0x91, 0x8b, 0x9f, 0x95, 0x6e, 0x7c, 0x7b, 0x7d,
	0x87, 0x87, 0x88, 0x7d, 0x75, 0x66, 0x86, 0xde, 0x96, 0x85, 0xac, 0x98,
	0x94, 0xa2, 0x94, 0x92, 0x93, 0x90, 0x9d, 0x9e, 0x98, 0x82, 0x7d, 0x7b,
	0x70, 0x71, 0x6e, 0x83, 0x7d, 0x60, 0x6a, 0x68, 0x7d, 0x7a, 0x7b, 0x76,
	0x7e, 0x8a, 0x77, 0x7d, 0x82, 0x8e, 0x8c, 0x6a, 0x74, 0x6b, 0x80, 0x8b,
	0x70, 0x61, 0x51, 0x63, 0x64, 0x5d, 0x64, 0x79, 0x78, 0x76, 0x6c, 0x7c,
	0x7f, 0x90, 0x9f, 0x8c, 0x8e, 0x8a, 0x79, 0x7d, 0x74, 0x53, 0x5a, 0x68,
	0x65, 0x4a, 0x5c, 0x5f, 0x6b, 0x6e, 0x6f, 0x6f, 0x73, 0x76, 0x7e, 0x95,
	0x9f, 0x9c, 0x84, 0x84, 0x79, 0x81, 0x6f, 0x66, 0x6b, 0x69, 0x72, 0x63,
	0x6a, 0x6f, 0x7c, 0x75, 0x74, 0x6b, 0x66, 0x7b, 0x87, 0x98, 0x96, 0x99,
	0xa8, 0xae, 0x92, 0x77, 0x77, 0x83, 0x83, 0x74, 0x67, 0x66, 0x64, 0x5b,
	0x62, 0x75, 0x83, 0x8b, 0x88, 0x97, 0x94, 0x7b, 0x74, 0xb1, 0x9a, 0x92,
	0x91, 0xa5, 0x89, 0x95, 0x90, 0x86, 0x82, 0x8a, 0x88, 0x81, 0x7d, 0x81,
	0x7b, 0x75, 0x7e, 0x75, 0x77, 0x85, 0xa5, 0xc4, 0xb0, 0xac, 0xb6, 0xb0,
	0xa8, 0xa6, 0x9d, 0x9c, 0x94, 0x8b, 0x71, 0x72, 0x67, 0x5b, 0x61, 0x60,
	0x85, 0x76, 0x4f, 0x4c, 0x3e, 0x4e, 0x7e, 0x7e, 0x78, 0x76, 0x76, 0x73,
	0x88, 0x84, 0x78, 0x78, 0x70, 0x5f, 0x52, 0x79, 0x75, 0x90, 0x9d, 0x7f,
	0x7a, 0x7a, 0x89, 0x90, 0x7f, 0x86, 0x94, 0xa0, 0x81, 0x82, 0x7b, 0x7f,
	0x88, 0x7e, 0x88, 0x6b, 0x80, 0x8b, 0x98, 0x67, 0x71, 0x85, 0x87, 0x78,
	0x7d, 0x84, 0x7e, 0x72, 0x78, 0x81, 0x76, 0x79, 0x83, 0x77, 0x78, 0x75,
	0x80, 0x7e, 0x56, 0x57, 0x4f, 0x58, 0x69, 0x6f, 0x7f, 0x7e, 0x80, 0x70,
	0x7b, 0x74, 0x58, 0x63, 0x70, 0x78, 0x81, 0x8a, 0x6b, 0x4e, 0x30, 0x35,
	0x4b, 0x69, 0x73, 0x80, 0x76, 0x77, 0x6d, 0x6a, 0x76, 0x70, 0x85, 0x83,
	0x7e, 0x71, 0x6d, 0x87, 0x65, 0x76, 0x63, 0x98, 0x95, 0x8f, 0x8b, 0x8c,
	0x81, 0x7e, 0x75, 0x6a, 0x7b, 0x77, 0x74, 0x76, 0x79, 0x7e, 0x84, 0x75,
	0x7e, 0x87, 0x92, 0xa4, 0xb1, 0x9c, 0x92, 0x87, 0x80, 0x76, 0x75, 0x6b,
	0x7d, 0x7c, 0x86, 0x80, 0x7f, 0x7d, 0x6f, 0x7c, 0x89, 0x73, 0x95, 0x9a,
	0x96, 0x83, 0x75, 0x68, 0x66, 0x6c, 0x72, 0x7c, 0x74, 0x80, 0x83, 0x8a,
	0x76, 0x81, 0x7a, 0x8e, 0x89, 0x80, 0x8f, 0x98, 0x7b, 0x6a, 0x66, 0x6f,
	0x7f, 0x7f, 0x85, 0xa0, 0x89, 0x83, 0x8a, 0x81, 0x7e, 0x83, 0x83, 0x6f,
	0x70, 0x3e, 0x46, 0x43, 0x55, 0x76, 0x99, 0x82, 0x82, 0x85, 0x74, 0x6d,
	0x7f, 0x87, 0x95, 0x88, 0x88, 0x81, 0x76, 0x5c, 0x82, 0x5b, 0x38, 0x41,
	0x45, 0x53, 0x65, 0x7e, 0x6f, 0x81, 0x80, 0x81, 0x7a, 0x79, 0x85, 0x74,
	0x76, 0x64, 0x76, 0x6e, 0x6b, 0x36, 0x50, 0x58, 0x57, 0x65, 0x75, 0x6d,
	0x6e, 0x71, 0x73, 0x82, 0x77, 0x71, 0x7e, 0x7c, 0x68, 0x79, 0x5a, 0x73,
	0x7a, 0x24, 0x47, 0x7b, 0x87, 0x81, 0x72, 0x6c, 0x74, 0x78, 0x8a, 0x71,
	0x77, 0x73, 0x98, 0x89, 0x90, 0x87, 0x62, 0x64, 0x76, 0x96, 0xa8, 0xb7,
	0xa9, 0x89, 0x7f, 0x73, 0x8d, 0x75, 0x7b, 0x84, 0x7e, 0x80, 0x7e, 0x85,
	0x84, 0x8a, 0x7b, 0x7d, 0x77, 0xb0, 0xb3, 0xaa, 0x8c, 0x81, 0x7b, 0x7c,
	0x82, 0x7a, 0x6d, 0x6d, 0x76, 0x77, 0x6f, 0x72, 0x6f, 0x6b, 0x70, 0x80,
	0x7f, 0xb8, 0xc0, 0xab, 0x89, 0x85, 0x81, 0x79, 0x75, 0x6e, 0x6d, 0x68,
	0x65, 0x70, 0x5f, 0x65, 0x65, 0x6e, 0x72, 0x7c, 0x82, 0x94, 0x93, 0x7e,
	0x89, 0x8f, 0x87, 0x83, 0x79, 0x79, 0x73, 0x7f, 0x7f, 0x78, 0x69, 0x76,
	0x82, 0x7e, 0x97, 0x80, 0x78, 0x7d, 0x48, 0x30, 0x61, 0x6c, 0x7c, 0x82,
	0x7c, 0x85, 0x7f, 0x78, 0x81, 0x82, 0x7d, 0x79, 0x7d, 0x82, 0x96, 0x80,
	0x8c, 0x80, 0x95, 0x9e, 0x95, 0x88, 0x6b, 0x90, 0x87, 0x9f, 0x92, 0x83,
	0x6f, 0x5e, 0x62, 0x1f, 0x3b, 0x3a, 0x69, 0x72, 0x7b, 0x6b, 0x88, 0x5c,
	0x3b, 0x64, 0x78, 0x7e, 0x71, 0x6b, 0x83, 0x72, 0x84, 0x8b, 0x8b, 0x86,
	0x81, 0x65, 0x94, 0x6c, 0x80, 0x95, 0x92, 0x99, 0x8e, 0x79, 0x83, 0x94,
	0x84, 0x7b, 0x93, 0x90, 0x9c, 0x99, 0x91, 0x72, 0x64, 0x63, 0xa1, 0x9e,
	0x81, 0x85, 0x70, 0x83, 0x9c, 0x87, 0x82, 0x8e, 0x9b, 0x9d, 0x86, 0x7c,
	0x77, 0xa6, 0x82, 0x71, 0x7e, 0x94, 0x94, 0x99, 0x81, 0x7b, 0x83, 0xa2,
	0xa1, 0x95, 0x86, 0x78, 0x7f, 0x78, 0x6f, 0x75, 0x60, 0x5d, 0x75, 0x82,
	0x7f, 0x8b, 0x8e, 0xad, 0x6e, 0x8d, 0x8b, 0x88, 0x8f, 0x89, 0x7d, 0x6a,
	0x70, 0x73, 0x6c, 0x74, 0x7f, 0x6c, 0x5b, 0x6e, 0x8c, 0x9c, 0x97, 0x8b,
	0x81, 0x90, 0x85, 0x85, 0x79, 0x81, 0x8a, 0x79, 0x78, 0x81, 0x75, 0x81,
	0x7e, 0x78, 0x7f, 0x7f, 0x81, 0xa1, 0x7e, 0x63, 0x92, 0x7e, 0x68, 0x77,
	0x80, 0x97, 0x8d, 0x93, 0x94, 0xa0, 0x93, 0x94, 0x8e, 0x79, 0x87, 0x8f,
	0x7e, 0x79, 0x51, 0x77, 0x7d, 0x65, 0x70, 0x58, 0x63, 0x61, 0x66, 0x65,
	0x65, 0x64, 0x70, 0x7e, 0x7b, 0x7e, 0x82, 0x8c, 0x84, 0x5e, 0x3d, 0x3f,
	0x90, 0x7e, 0x6f, 0x7b, 0x7a, 0x56, 0x72, 0x6f, 0x8a, 0x8a, 0x89, 0x89,
	0x74, 0x84, 0x9e, 0x76, 0x92, 0x7f, 0x9a, 0x89, 0x7a, 0x88, 0x7a, 0x94,
	0x7f, 0x80, 0x8b, 0x6a, 0x7d, 0x88, 0x75, 0x81, 0x90, 0xa1, 0x4d, 0x6c,
	0x6c, 0x8a, 0x8a, 0x82, 0x8b, 0x70, 0x8b, 0x8d, 0x70, 0x85, 0x7e, 0x89,
	0x90, 0x72, 0x73, 0x89, 0x98, 0x82, 0x79, 0x73, 0x88, 0x7f, 0x6a, 0x6a,
	0x84, 0x78, 0x66, 0x7b, 0x54, 0x7e, 0x85, 0x79, 0x71, 0x70, 0x7d, 0x74,
	0x8e, 0x78, 0x81, 0x85, 0x8a, 0x6d, 0x75, 0x81, 0x70, 0x9b, 0x74, 0x68,
	0x6c, 0x88, 0x8a, 0x62, 0x8d, 0x76, 0x6c, 0x89, 0x7a, 0x6f, 0x77, 0x82,
	0x7e, 0x76, 0x9e, 0x84, 0x47, 0x9e, 0x7d, 0x86, 0x81, 0x54, 0x6f, 0x98,
	0x87, 0x91, 0x7b, 0x96, 0x7a, 0x85, 0x9d, 0x7b, 0x8e, 0x87, 0x7f, 0x75,
	0x80, 0x83, 0x9a, 0x66, 0x6c, 0x67, 0x7e, 0x87, 0x5e, 0x84, 0x83, 0x60,
	0x53, 0x60, 0x87, 0x89, 0x83, 0x7d, 0xa1, 0x61, 0x97, 0x98, 0x7f, 0x5e,
	0x4d, 0x6c, 0x92, 0x85, 0x82, 0x7f, 0x8a, 0x82, 0x90, 0x7e, 0x9d, 0x7f,
	0x7b, 0x83, 0x8a, 0x73, 0x7f, 0x7a, 0x7e, 0x86, 0x70, 0x7c, 0x90, 0x82,
	0x78, 0x65, 0x91, 0x84, 0x88, 0x6d, 0x8b, 0x8e, 0x73, 0x9e, 0x91, 0x65,
	0x83, 0x77, 0x82, 0x6d, 0x67, 0x7e, 0x6d, 0x74, 0x68, 0x67, 0x6c, 0x75,
	0x90, 0x79, 0x7c, 0x6c, 0x60, 0x72, 0x82, 0x78, 0x76, 0x70, 0x68, 0x87,
	0x6f, 0x8a, 0x74, 0x73, 0x76, 0x7d, 0x88, 0x79, 0x71, 0x6d, 0x6c, 0x87,
	0x74, 0x8e, 0x75, 0x84, 0x78, 0x88, 0x7f, 0x81, 0x8c, 0x82, 0x79, 0x8b,
	0x8d, 0x70, 0x78, 0x76, 0x82, 0xa4, 0x7f, 0x6c, 0x7f, 0x71, 0x82, 0x7c,
	0x81, 0x79, 0x5f, 0x82, 0x92, 0x92, 0x64, 0x98, 0x7b, 0x7f, 0x8d, 0x85,
	0x7a, 0x78, 0x7e, 0x5b, 0x65, 0x59, 0x5e, 0x6a, 0x5e, 0xa7, 0x63, 0x74,
	0x85, 0x74, 0x79, 0x63, 0x7a, 0x8d, 0x71, 0x6d, 0x85, 0x83, 0x80, 0x65,
	0x7e, 0x70, 0x56, 0x7b, 0x8c, 0x7c, 0x89, 0x7e, 0x92, 0x6d, 0x77, 0x7f,
	0x77, 0x72, 0x7e, 0x90, 0x92, 0x84, 0x72, 0x6f, 0x7b, 0x7b, 0x7d, 0x69,
	0x87, 0x84, 0x83, 0x6d, 0x77, 0x8d, 0x63, 0x82, 0x92, 0x81, 0x93, 0x6f,
	0xd3, 0x83, 0x70, 0x7d, 0x7c, 0x7c, 0x74, 0x71, 0x7e, 0x84, 0x91, 0x89,
	0x6b, 0x75, 0x68, 0x6b, 0x88, 0x85, 0x77, 0x6e, 0x7f, 0x8c, 0x82, 0x60,
	0x74, 0x79, 0x91, 0x7e, 0x83, 0x7c, 0x6e, 0x72, 0x93, 0x8f, 0x71, 0x6c,
	0x86, 0x7d, 0x87, 0x82, 0x6c, 0x94, 0x89, 0x90, 0x72, 0x93, 0x87, 0x7e,
	0x77, 0x6d, 0x83, 0x7e, 0x76, 0x76, 0x6e, 0x75, 0x67, 0x87, 0x7e, 0x7a,
	0x7e, 0x79, 0x54, 0x6c, 0x73, 0x85, 0x68, 0x7d, 0x72, 0x65, 0x7e, 0x7f,
	0x79, 0x73, 0x97, 0x76, 0x9f, 0x82, 0x93, 0x77, 0x78, 0x75, 0x76, 0x86,
	0x80, 0x72, 0x65, 0x91, 0x8a, 0x84, 0x6d, 0x8e, 0x80, 0x7e, 0x6a, 0x7b,
	0x8c, 0x7f, 0x53, 0x7f, 0x4a, 0x76, 0x82, 0x80, 0x9e, 0x8c, 0x78, 0x99,
	0x8b, 0x70, 0x78, 0x94, 0x75, 0x80, 0x90, 0x80, 0x7d, 0x91, 0x82, 0x75,
	0x85, 0x82, 0x85, 0x88, 0x8d, 0x72, 0x5e, 0x9b, 0x81, 0x6e, 0xa7, 0x55,
	0x64, 0x8d, 0x7e, 0x8a, 0x6f, 0x76, 0x72, 0x7d, 0x7f, 0x6b, 0x83, 0x77,
	0x5c, 0x67, 0x83, 0x79, 0x6c, 0x5d, 0x71, 0x6d, 0x96, 0x68, 0x96, 0x80,
	0x9a, 0x83, 0x74, 0x8b, 0x7f, 0x6d, 0x7b, 0x7e, 0x77, 0x69, 0x79, 0x7b,
	0x6f, 0x75, 0x8d, 0x8e, 0x8d, 0x7b, 0x7e, 0x7f, 0x90, 0x96, 0x71, 0x88,
	0x80, 0x92, 0x8c, 0x6d, 0x91, 0x82, 0x63, 0x96, 0x6f, 0x74, 0x76, 0x78,
	0x75, 0x83, 0x73, 0x7b, 0x7b, 0x84, 0x58, 0x76, 0x6f, 0x6d, 0x7f, 0x82,
	0x70, 0x8c, 0x66, 0x75, 0x83, 0x6b, 0x7e, 0x7b, 0x79, 0x86, 0x7c, 0x68,
	0x69, 0x76, 0x61, 0x6f, 0x9a, 0x77, 0x8d, 0x71, 0x74, 0x99, 0x7c, 0x85,
	0x73, 0x76, 0x91, 0x93, 0x89, 0x8f, 0x8c, 0x81, 0x81, 0x83, 0x7f, 0x82,
	0x85, 0x82, 0x79, 0x83, 0x78, 0x79, 0x7b, 0x87, 0x6f, 0x78, 0x70, 0x8d,
	0x93, 0x5c, 0x72, 0x80, 0x80, 0x6d, 0x77, 0x73, 0x6e, 0x88, 0x68, 0x65,
	0x74, 0x68, 0x7d, 0x60, 0x6a, 0x83, 0x89, 0x74, 0x97, 0x72, 0x6a, 0x6c,
	0x67, 0x75, 0x7b, 0x61, 0x8f, 0x5e, 0x73, 0x7f, 0x82, 0x88, 0x6c, 0x78,
	0x8e, 0x85, 0x89, 0x7a, 0x78, 0x82, 0x75, 0x72, 0x96, 0x87, 0x7b, 0x62,
	0x7a, 0x76, 0x94, 0x79, 0x8d, 0x79, 0x7a, 0x7b, 0x81, 0x84, 0x8b, 0x6f,
	0x4f, 0x7d, 0x7c, 0x78, 0x71, 0x7e, 0x7d, 0x81, 0x8a, 0x7d, 0x6c, 0x7e,
	0x72, 0x83, 0x6e, 0x7b, 0x74, 0x78, 0x7c, 0x68, 0x7d, 0x89, 0x81, 0x8d,
	0x82, 0x89, 0x88, 0x7f, 0x82, 0x69, 0x76, 0x77, 0x7a, 0x87, 0x8d, 0x82,
	0x66, 0x6a, 0x6a, 0x61, 0x7e, 0x69, 0x85, 0x51, 0x9e, 0x6d, 0x6a, 0x78,
	0x73, 0x96, 0x6e, 0x71, 0x66, 0x56, 0x88, 0x72, 0x6f, 0x86, 0x77, 0x82,
	0x7e, 0x86, 0x84, 0x67, 0x9b, 0x8a, 0xa7, 0x55, 0x8d, 0xb0, 0x69, 0x8a,
	0x87, 0x75, 0x83, 0x7a, 0x7b, 0x7e, 0xa3, 0x77, 0xb2, 0x86, 0x86, 0xb9,
	0x8b, 0x8b, 0x8d, 0x7d, 0x80, 0x8a, 0x8d, 0x89, 0x70, 0x8c, 0x60, 0x94,
	0x74, 0x6a, 0x80, 0x7c, 0x8c, 0x6d, 0x82, 0x72, 0x89, 0x8e, 0x8a, 0x5f,
	0x87, 0x97, 0x6e, 0x6f, 0x6f, 0x6d, 0x71, 0x6d, 0x79, 0x73, 0x77, 0x6f,
	0x79, 0x6b, 0x74, 0x66, 0x7b, 0x80, 0x8d, 0x7f, 0x88, 0x94, 0x8c, 0x90,
	0x77, 0x97, 0x7f, 0x67, 0x86, 0xa1, 0x79, 0x77, 0x76, 0x6f, 0x84, 0x81,
	0x88, 0x93, 0x88, 0x80, 0x60, 0x87, 0x55, 0x8b, 0x74, 0x78, 0x85, 0x89,
	0xac, 0x7f, 0x64, 0x8e, 0x87, 0x7b, 0x70, 0x75, 0x7a, 0x80, 0x83, 0x79,
	0x7e, 0x86, 0x6f, 0x79, 0x80, 0x74, 0x74, 0x7f, 0x7f, 0x71, 0x7a, 0x76,
	0x79, 0x82, 0x85, 0x80, 0x78, 0x78, 0x8b, 0x7f, 0x67, 0x72, 0x88, 0x7a,
	0x86, 0x76, 0x71, 0x75, 0x7e, 0x80, 0x76, 0x73, 0x8a, 0x78, 0x8a, 0x78,
	0x88, 0x78, 0x7d, 0x7a, 0x75, 0x75, 0x6d, 0x7c, 0x81, 0x78, 0x86, 0x89,
	0x7f, 0x88, 0x91, 0x6c, 0x76, 0x84, 0x85, 0x81, 0x8f, 0x68, 0x7b, 0x85,
	0x5d, 0x75, 0x70, 0x6f, 0x70, 0x95, 0x74, 0x8b, 0x7d, 0x64, 0x65, 0x8f,
	0x91, 0x79, 0x86, 0x7d, 0x8e, 0x7a, 0x8f, 0x76, 0x84, 0x88, 0x7d, 0x8f,
	0x72, 0x85, 0x79, 0x86, 0x9f, 0x74, 0x7f, 0x71, 0x7a, 0x7b, 0x7f, 0x79,
	0x5a, 0x7e, 0x76, 0x70, 0x87, 0x8b, 0x6d, 0x80, 0x7d, 0x78, 0x6e, 0x87,
	0x89, 0x81, 0x77, 0x8d, 0x7d, 0x9a, 0x92, 0x79, 0x94, 0x79, 0x7f, 0x85,
	0x78, 0x88, 0x7b, 0x73, 0x78, 0x65, 0x70, 0x8e, 0x7b, 0x73, 0x5b, 0x99,
	0x96, 0x6f, 0x71, 0x61, 0x75, 0x8a, 0x70, 0x7f, 0x70, 0x83, 0x55, 0x7d,
	0x9e, 0x81, 0x80, 0x84, 0x76, 0x84, 0x81, 0x7d, 0x7a, 0x77, 0x6b, 0x85,
	0x6c, 0x74, 0x64, 0x78, 0x6d, 0x7d, 0x74, 0x5a, 0x7e, 0x82, 0x89, 0x8c,
	0x83, 0x87, 0x6d, 0x7c, 0x78, 0x8f, 0x90, 0x89, 0x76, 0x74, 0x87, 0x8c,
	0x76, 0x73, 0x7d, 0x72, 0x84, 0x7a, 0x6f, 0x79, 0x74, 0x82, 0x8f, 0x84,
	0x77, 0x8e, 0x83, 0x7a, 0x70, 0x83, 0x74, 0x7f, 0x6b, 0x8a, 0x72, 0x6e,
	0x69, 0x82, 0x75, 0x67, 0x6f, 0x72, 0x74, 0x67, 0x6f, 0x7a, 0x74, 0x83,
	0x86, 0x82, 0x76, 0x81, 0x7e, 0x7a, 0x9a, 0x93, 0x89, 0x8d, 0x89, 0x70,
	0x7a, 0x6a, 0x67, 0x6d, 0x82, 0x9e, 0x64, 0x91, 0x97, 0x5c, 0x87, 0x7a,
	0x7b, 0x7b, 0x65, 0x8b, 0x88, 0x81, 0x85, 0x85, 0x82, 0x6f, 0x8b, 0x81,
	0x71, 0x85, 0x76, 0x83, 0x74, 0x93, 0x82, 0x83, 0x7b, 0x66, 0x83, 0x84,
	0x7a, 0x70, 0x8c, 0x7a, 0x88, 0x85, 0x83, 0x7c, 0x76, 0x83, 0x7e, 0x7f,
	0x7c, 0x6b, 0x9a, 0x77, 0x71, 0x83, 0x74, 0x8b, 0x87, 0x7c, 0x7e, 0x8d,
	0x76, 0x7e, 0x7a, 0x7b, 0x79, 0x6a, 0x7b, 0x88, 0x82, 0x60, 0x7c, 0x81,
	0x8d, 0x81, 0x77, 0x86, 0x79, 0x86, 0x83, 0x81, 0x71, 0x7b, 0x6c, 0x79,
	0x7b, 0x74, 0x71, 0x68, 0x77, 0x69, 0x70, 0x7e, 0x7b, 0x75, 0x86, 0x7c,
	0x7d, 0x62, 0x83, 0x81, 0x64, 0x79, 0x83, 0x7c, 0x6a, 0x82, 0x7c, 0x84,
	0x81, 0x75, 0x7b, 0x80, 0x77, 0x79, 0x81, 0x5e, 0x78, 0x7c, 0x83, 0x8f,
	0x73, 0x76, 0xa4, 0x6b, 0x80, 0x82, 0x76, 0x89, 0x6c, 0x80, 0x74, 0x8c,
	0x7d, 0x74, 0x73, 0x6d, 0x6b, 0x7d, 0x6a, 0x78, 0x88, 0x6f, 0x7d, 0x88,
	0x8b, 0x7c, 0x79, 0x6a, 0x83, 0x7b, 0x89, 0x7e, 0x7b, 0x82, 0x6d, 0x74,
	0x9a, 0x87, 0x6a, 0x84, 0x72, 0x71, 0x75, 0x81, 0xa2, 0x74, 0x95, 0x6c,
	0x79, 0x8b, 0x57, 0x92, 0x5e, 0x8b, 0x80, 0x6e, 0x82, 0x74, 0x7a, 0x61,
	0x7d, 0x89, 0x67, 0x6c, 0x8f, 0x80, 0x71, 0x7f, 0x85, 0x8c, 0x90, 0x71,
	0x68, 0x75, 0x75, 0x86, 0x6c, 0x7c, 0x80, 0x77, 0x65, 0x75, 0x7c, 0x7c,
	0x78, 0x81, 0x7c, 0x85, 0x74, 0x84, 0x97, 0x67, 0x88, 0x83, 0x69, 0x8c,
	0x88, 0x7c, 0x7f, 0x81, 0x89, 0x7d, 0x68, 0x81, 0x72, 0x69, 0x89, 0x7e,
	0x6b, 0x80, 0x7b, 0x7d, 0x87, 0x81, 0x7a, 0x76, 0x84, 0x79, 0x66, 0x6e,
	0x7d, 0x8a, 0x86, 0x8d, 0x69, 0x94, 0x74, 0x89, 0x87, 0x75, 0x71, 0x92,
	0x7b, 0x8a, 0x7b, 0x5e, 0x90, 0x8d, 0x66, 0x90, 0x98, 0x90, 0x67, 0x85,
	0x65, 0x8f, 0x8c, 0x8a, 0x91, 0x82, 0x6d, 0x86, 0x72, 0x75, 0x68, 0x76,
	0x84, 0x96, 0x59, 0x7f, 0x8f, 0x73, 0x81, 0x8b, 0x8c, 0x84, 0x75, 0x57,
	0x78, 0x73, 0x6e, 0x7e, 0x7a, 0x86, 0x73, 0x85, 0x70, 0x7c, 0x5d, 0x86,
	0x7a, 0x87, 0x8f, 0x8b, 0x78, 0x78, 0x63, 0x7d, 0x48, 0x86, 0x84, 0x74,
	0x65, 0x6a, 0x92, 0x77, 0x7d, 0x7e, 0x7c, 0x8d, 0x6c, 0x5f, 0x81, 0x8c,
	0x67, 0x75, 0xa6, 0x82, 0x7d, 0x89, 0x83, 0x70, 0x66, 0x68, 0x9a, 0x67,
	0x89, 0x6e, 0x88, 0x5f, 0x75, 0x82, 0x80, 0x85, 0x87, 0x94, 0x89, 0x8a,
	0x6b, 0x86, 0x94, 0x3f, 0x85, 0x72, 0x62, 0x70, 0x78, 0x8e, 0x5f, 0x72,
	0x8b, 0x4a, 0x8a, 0xa2, 0x90, 0x4e, 0x9a, 0x6a, 0x80, 0x76, 0x7c, 0x7d,
	0x88, 0x73, 0x6f, 0x80, 0x76, 0x75, 0x88, 0x75, 0x7f, 0x8d, 0x77, 0x81,
	0xe1, 0x7d, 0x82, 0x66, 0x6b, 0x71, 0x77, 0x78, 0x50, 0x80, 0x90, 0x6a,
	0x91, 0x88, 0x92, 0x8f, 0x84, 0x83, 0x78, 0x99, 0x8c, 0x5c, 0x87, 0x5e,
	0x7a, 0x78, 0x76, 0x71, 0x8a, 0x82, 0x77, 0x6d, 0x9b, 0x89, 0x73, 0x89,
	0x7b, 0x80, 0x75, 0x85, 0x97, 0x80, 0x8f, 0x8a, 0x4d, 0x8f, 0x87, 0x75,
	0x79, 0x6b, 0x80, 0x7f, 0x95, 0x87, 0x8a, 0x7e, 0x84, 0x74, 0x6f, 0x72,
	0x83, 0x64, 0x8b, 0xa3, 0x72, 0x78, 0x54, 0x99, 0x81, 0x6b, 0x79, 0x85,
	0x59, 0x80, 0x7d, 0x76, 0x73, 0x8a, 0x5b, 0x88, 0x54, 0x68, 0x7d, 0x71,
	0x8d, 0x83, 0x6b, 0x8f, 0x73, 0x6a, 0x92, 0x46, 0x7a, 0x7f, 0x85, 0x75,
	0x7a, 0x97, 0x79, 0x74, 0x95, 0x6d, 0x70, 0x89, 0x73, 0x85, 0x7e, 0x7d,
	0x53, 0x70, 0xa0, 0x8b, 0x81, 0x95, 0x8e, 0x89, 0x6f, 0x6a, 0x82, 0x79,
	0x81, 0x7c, 0x78, 0x82, 0x97, 0x68, 0x5c, 0x85, 0x7b, 0x76, 0x84, 0x5f,
	0x88, 0x75, 0x73, 0x95, 0x83, 0x71, 0x8d, 0x7a, 0x6b, 0x62, 0x92, 0x81,
	0x87, 0x65, 0x74, 0x6f, 0x83, 0x8d, 0x82, 0x75, 0x99, 0x82, 0x74, 0x72,
	0x01, 0x80, 0x82, 0x7f, 0x80, 0x84, 0x82, 0x81, 0x84, 0x7d, 0x7b, 0x82,
	0x86, 0x89, 0x83, 0x7b, 0x78, 0x89, 0x7a, 0x80, 0x69, 0x7d, 0x84, 0x89,
	0x80, 0x78, 0x89, 0x90, 0x6b, 0x7b, 0x8b, 0x8c, 0x7e, 0x7a, 0x92, 0x78,
	0x82, 0x80, 0x77, 0x7c, 0x88, 0x86, 0x95, 0x86, 0x7f, 0x83, 0x80, 0x89,
	0x79, 0x84, 0x96, 0x88, 0x82, 0x91, 0x7c, 0x86, 0x86, 0x89, 0x88, 0x87,
	0x84, 0x66, 0x99, 0x80, 0x6d, 0x7f, 0x73, 0x6b, 0x87, 0x8f, 0x7c, 0x80,
	0x77, 0x8c, 0x73, 0x7a, 0x7d, 0x7d, 0x7a, 0x7c, 0x99, 0x7d, 0x7a, 0x7c,
	0x95, 0x8a, 0x77, 0x73, 0x67, 0x84, 0x7f, 0x78, 0x8f, 0x71, 0x8e, 0x80,
	0x9d, 0x82, 0x87, 0x8e, 0x6c, 0x89, 0x6f, 0x84, 0x74, 0x76, 0x78, 0x89,
	0x60, 0x83, 0x83, 0x8e, 0x88, 0x6f, 0x74, 0x7f, 0x7f, 0x83, 0x90, 0x7a,
	0x80, 0x7e, 0x89, 0x82, 0x71, 0x87, 0x61, 0x71, 0x6f, 0x7a, 0x82, 0x7d,
	0x8f, 0x6f, 0x87, 0x82, 0x6a, 0x86, 0x77, 0x90, 0x6e, 0x7d, 0x86, 0x7c,
	0x84, 0x85, 0x79, 0x8d, 0x6b, 0x7f, 0x80, 0x8d, 0x87, 0x77, 0x77, 0x82,
	0x84, 0x82, 0x7d, 0x78, 0x7f, 0x7d, 0x7d, 0x7c, 0x7d, 0x84, 0x7c, 0x6b,
	0x70, 0x8e, 0x66, 0x79, 0x86, 0x90, 0x84, 0x6a, 0x66, 0x70, 0x75, 0x87,
	0x83, 0x7b, 0x7c, 0x75, 0x7c, 0x90, 0x72, 0x71, 0x85, 0x77, 0x79, 0x77,
	0x8b, 0x82, 0x75, 0x7e, 0x8f, 0x80, 0x8f, 0x7c, 0x66, 0x83, 0x89, 0x84,
	0x78, 0x91, 0x9b, 0x89, 0x85, 0x8f, 0x72, 0x7b, 0x8d, 0x9d, 0x72, 0x78,
	0x7e, 0x8a, 0x77, 0x85, 0x65, 0x73, 0x55, 0x7d, 0x7c, 0x86, 0x6a, 0x81,
	0x97, 0x7d, 0x7f, 0x8e, 0x8b, 0x96, 0x80, 0x74, 0x6f, 0x6f, 0x82, 0x5f,
	0x88, 0x89, 0x80, 0x60, 0x88, 0x82, 0x69, 0x80, 0x94, 0x7c, 0x76, 0x69,
	0x6f, 0x74, 0x70, 0x9e, 0x76, 0x76, 0x94, 0x80, 0x8c, 0x68, 0x84, 0x86,
	0x6d, 0x4c, 0x9c, 0x70, 0x74, 0x82, 0x86, 0x80, 0x7e, 0x90, 0x8a, 0x6a,
	0x6b, 0x84, 0xa7, 0x81, 0x88, 0x88, 0x78, 0x83, 0x73, 0x85, 0x77, 0x65,
	0x8c, 0x76, 0x5e, 0x69, 0x71, 0x81, 0x7e, 0x84, 0x86, 0x88, 0x94, 0x77,
	0x79, 0x79, 0x71, 0x7a, 0x7c, 0x7d, 0x7e, 0x7e, 0x73, 0x72, 0x78, 0xa0,
	0x83, 0x80, 0x83, 0x7e, 0x8b, 0x80, 0x84, 0x7a, 0x7b, 0x86, 0x8b, 0x96,
	0x95, 0x85, 0x73, 0x77, 0x7c, 0x80, 0x80, 0x85, 0x74, 0x7f, 0x63, 0x71,
	0x8d, 0x7d, 0x8e, 0x73, 0x73, 0x81, 0x70, 0x7b, 0x7e, 0x79, 0x6f, 0x7b,
	0x8d, 0x79, 0x79, 0x7f, 0x7f, 0x84, 0x86, 0x83, 0x6b, 0x7f, 0x7b, 0x86,
	0x81, 0x7d, 0x86, 0x84, 0x72, 0x7f, 0x79, 0x8a, 0x82, 0x68, 0x71, 0x81,
	0x8a, 0x79, 0x79, 0x84, 0x84, 0x6d, 0x6c, 0x80, 0x74, 0x83, 0x68, 0x78,
	0x73, 0x76, 0x7f, 0x72, 0x78, 0x7d, 0x7a, 0x7a, 0x7d, 0x88, 0x77, 0x74,
	0x73, 0x5e, 0x71, 0x7c, 0x7a, 0x71, 0x80, 0x6c, 0x78, 0x79, 0x76, 0x6e,
	0x88, 0x7c, 0x8f, 0x71, 0x83, 0x76, 0x7a, 0x8d, 0x69, 0x87, 0x66, 0x78,
	0x6f, 0x7b, 0x90, 0x8d, 0x7e, 0x72, 0x7d, 0x7c, 0x76, 0x7b, 0x72, 0x75,
	0x7b, 0x82, 0x75, 0x86, 0x84, 0x78, 0x77, 0x83, 0x87, 0x77, 0x77, 0x7e,
	0x80, 0x7e, 0x7b, 0x8c, 0x72, 0x7d, 0x8e, 0x86, 0x76, 0x81, 0x81, 0x75,
	0x6d, 0x75, 0x76, 0x7f, 0x79, 0x6d, 0x78, 0x81, 0x89, 0x8e, 0x77, 0x6d,
	0x9d, 0x81, 0x80, 0x7c, 0x8b, 0x79, 0x77, 0x7b, 0x89, 0x75, 0x74, 0x82,
	0x67, 0x7a, 0x78, 0x8b, 0x5d, 0x7e, 0x7d, 0x85, 0x77, 0x72, 0x67, 0x85,
	0x6c, 0x78, 0x77, 0x70, 0x6d, 0x85, 0x7b, 0x7f, 0x5d, 0x70, 0x75, 0x7a,
	0x61, 0x93, 0x86, 0x7a, 0x70, 0x80, 0x71, 0x7c, 0x7b, 0x83, 0x74, 0x7c,
	0x7d, 0x84, 0x6a, 0x81, 0x87, 0x86, 0x7f, 0x91, 0x7b, 0x7f, 0x80, 0x7d,
	0x98, 0x70, 0x9f, 0x80, 0x84, 0x8c, 0x6f, 0x72, 0x8b, 0x7e, 0x88, 0x6d,
	0x63, 0x77, 0x71, 0x77, 0x85, 0x79, 0x8d, 0x86, 0x63, 0x87, 0x91, 0x83,
	0x61, 0x58, 0x76, 0x72, 0x68, 0x81, 0x8d, 0x73, 0x77, 0x70, 0x90, 0x9d,
	0x5f, 0x82, 0x83, 0x78, 0x77, 0x7d, 0x6b, 0x90, 0x6d, 0x80, 0x6d, 0x7f,
	0x82, 0x88, 0x7a, 0x83, 0x76, 0x78, 0x80, 0x85, 0x83, 0x89, 0x6c, 0x81,
	0x72, 0x7a, 0x7e, 0x60, 0x70, 0x7a, 0x7f, 0x76, 0x6f, 0x74, 0x84, 0x7d,
	0x78, 0x74, 0x84, 0x7b, 0x7e, 0x72, 0x84, 0x65, 0x81, 0x7c, 0x7f, 0x84,
	0x76, 0x79, 0x87, 0x80, 0x85, 0x78, 0x79, 0x74, 0x7a, 0x65, 0x78, 0x95,
	0x6d, 0x7d, 0x5f, 0x84, 0x98, 0x8f, 0x7b, 0x7c, 0x82, 0x87, 0x7a, 0x8c,
	0x6b, 0x7a, 0x72, 0x75, 0x81, 0x6c, 0x67, 0x66, 0x82, 0x67, 0x94, 0x6a,
	0x7a, 0x71, 0x87, 0x89, 0x6a, 0x6a, 0x8f, 0x75, 0x65, 0x6f, 0x95, 0x88,
	0x94, 0x68, 0x6a, 0x79, 0x87, 0x6b, 0x52, 0x54, 0x91, 0x7e, 0x79, 0x7a,
	0x60, 0x7c, 0x97, 0x69, 0x70, 0x70, 0x82, 0x61, 0x70, 0x7a, 0x69, 0x8c,
	0x86, 0x67, 0x86, 0x71, 0x55, 0x69, 0x81, 0x67, 0x7e, 0x81, 0x65, 0x7a,
	0x82, 0x70, 0x79, 0x62, 0x7f, 0x95, 0x84, 0x8d, 0x91, 0x73, 0x9a, 0x63,
	0x71, 0x72, 0x75, 0x75, 0x6f, 0x78, 0x7d, 0x80, 0x90, 0x57, 0x76, 0x49,
	0x88, 0x69, 0x71, 0x81, 0x62, 0x73, 0x71, 0x77, 0x69, 0x7a, 0x7d, 0x50,
	0x93, 0x77, 0x8c, 0x67, 0x56, 0x6a, 0x70, 0x92, 0x74, 0x84, 0x86, 0x78,
	0x8f, 0x84, 0x75, 0x99, 0x90, 0x80, 0x4e, 0x76, 0x8e, 0x6e, 0x83, 0x9c,
	0x82, 0x8e, 0x6b, 0x76, 0x61, 0x93, 0x84, 0x67, 0x6c, 0x74, 0x70, 0x97,
	0x8f, 0x8b, 0x84, 0x87, 0x5e, 0x67, 0x7c, 0x84, 0x7e, 0x7e, 0x83, 0x91,
	0x98, 0x7e, 0x71, 0x82, 0x87, 0x77, 0x6e, 0x79, 0x75, 0x80, 0x5d, 0x78,
	0x73, 0x72, 0x79, 0x7a, 0x69, 0x8a, 0x88, 0x71, 0x7e, 0x80, 0x87, 0x78,
	0x86, 0x84, 0x83, 0x7f, 0x97, 0x88, 0x78, 0x8c, 0x81, 0x6d, 0x60, 0x6d,
	0x76, 0x8d, 0x7c, 0x77, 0x94, 0x88, 0x91, 0x8e, 0x5a, 0x80, 0x8a, 0x74,
	0x86, 0x76, 0x83, 0x91, 0x83, 0x85, 0x6e, 0x69, 0x77, 0x8d, 0x5f, 0x74,
	0x79, 0x7f, 0x7f, 0x78, 0x59, 0x59, 0x44, 0x86, 0x79, 0x71, 0x90, 0x95,
	0x7f, 0x8b, 0x76, 0x83, 0x8b, 0x74, 0x80, 0x8b, 0x6b, 0x6c, 0x69, 0x55,
	0x8b, 0x8d, 0x91, 0x68, 0x8b, 0x7a, 0x69, 0x9e, 0x85, 0x74, 0x76, 0x56,
	0xa2, 0x86, 0x83, 0x9b, 0x44, 0xa6, 0x7d, 0x95, 0x72, 0x76, 0x85, 0x97,
	0x70, 0x65, 0x82, 0x7d, 0x7d, 0x78, 0x94, 0x7c, 0x8e, 0x94, 0x91, 0x86,
	0x7c, 0x8b, 0x86, 0x84, 0x91, 0x86, 0x84, 0x80, 0x71, 0x69, 0x7e, 0x52,
	0xa0, 0x87, 0x60, 0x66, 0x3b, 0x82, 0x7d, 0x5b, 0x8b, 0x77, 0x80, 0x92,
	0x7a, 0x5e, 0x72, 0x8d, 0x7d, 0x82, 0x89, 0x78, 0x88, 0x72, 0x8b, 0x7f,
	0x89, 0x80, 0x7e, 0x6f, 0x76, 0x83, 0x75, 0x7b, 0x8d, 0x7d, 0x8f, 0x78,
	0x84, 0x76, 0x80, 0x6c, 0x89, 0x81, 0x7a, 0x84, 0x65, 0x5c, 0x87, 0x58,
	0x86, 0x6e, 0x83, 0x8a, 0x83, 0x70, 0x90, 0x62, 0x62, 0x6b, 0x85, 0x67,
	0x86, 0x5a, 0x60, 0x72, 0x7c, 0x68, 0xa5, 0x60, 0x86, 0x87, 0x91, 0x7d,
	0x6b, 0x5d, 0x84, 0x64, 0x72, 0x7b, 0x73, 0x8a, 0x4c, 0x7a, 0x87, 0x94,
	0x7f, 0x8c, 0x82, 0x93, 0x97, 0x7c, 0x84, 0x4a, 0xa6, 0x65, 0xaa, 0x71,
	0x83, 0x7e, 0x64, 0x5e, 0x73, 0x88, 0x65, 0x83, 0x6f, 0x64, 0x4c, 0x87,
	0x97, 0x83, 0x88, 0x89, 0x74, 0x72, 0x74, 0x70, 0x8a, 0x9d, 0x94, 0x8b,
	0x63, 0xab, 0x24, 0x74, 0x80, 0x6d, 0x8c, 0x68, 0x9c, 0x7f, 0x87, 0x50,
	0x7d, 0x7a, 0x5a, 0x79, 0x7d, 0x7a, 0x74, 0x86, 0x74, 0x87, 0x86, 0x79,
	0x72, 0x7c, 0x7d, 0x7e, 0x93, 0x95, 0x9d, 0x7c, 0x91, 0x61, 0x87, 0x90,
	0x69, 0x7c, 0x91, 0x73, 0x8c, 0x8f, 0x88, 0x77, 0x7b, 0x34, 0x4e, 0xaa,
	0xa5, 0x7a, 0x88, 0x74, 0x59, 0x73, 0x72, 0x83, 0x7e, 0x83, 0x7f, 0x6f,
	0x91, 0x7e, 0x79, 0x74, 0x7b, 0x6c, 0x75, 0x7c, 0x73, 0x85, 0x72, 0x7f,
	0x7c, 0x8d, 0x8d, 0x83, 0x76, 0x8a, 0x7d, 0x77, 0x8a, 0x82, 0x81, 0x67,
	0x74, 0x6d, 0x6b, 0x67, 0x84, 0x65, 0x84, 0x68, 0x80, 0x9a, 0x6f, 0x73,
	0x64, 0x65, 0x68, 0x73, 0x79, 0x6d, 0x8c, 0x59, 0x90, 0x69, 0x82, 0x7e,
	0x99, 0x7e, 0x80, 0x73, 0x75, 0x71, 0x82, 0x6d, 0x8d, 0x82, 0x61, 0x6d,
	0x78, 0x7c, 0x76, 0x79, 0x87, 0x85, 0x8c, 0x7d, 0x80, 0x6a, 0x84, 0x82,
	0x7b, 0x79, 0x81, 0x6d, 0x7e, 0x6d, 0x60, 0x65, 0x6a, 0x7c, 0x5a, 0x9c,
	0x8e, 0x89, 0x7c, 0x7a, 0x75, 0x7e, 0x8d, 0x82, 0x8e, 0x62, 0x80, 0x7f,
	0x95, 0x7f, 0x9c, 0x78, 0x69, 0x96, 0x82, 0x6f, 0x8c, 0x8b, 0x81, 0x68,
	0x5e, 0xa1, 0x89, 0x82, 0x94, 0x8c, 0x7f, 0x7a, 0x81, 0x81, 0x7c, 0x66,
	0x89, 0x6b, 0x87, 0x78, 0x7c, 0x93, 0x85, 0x8e, 0x87, 0x83, 0x90, 0x81,
	0x91, 0x86, 0x97, 0x68, 0x73, 0x75, 0x83, 0x89, 0x78, 0x8b, 0x87, 0x7f,
	0x7e, 0x7a, 0x82, 0x7b, 0x62, 0x8e, 0x81, 0x85, 0x8b, 0x70, 0x7d, 0x85,
	0x50, 0x82, 0x48, 0x88, 0x83, 0x6b, 0x76, 0x7b, 0x75, 0x87, 0x97, 0x73,
	0x89, 0x7e, 0x7e, 0x65, 0x86, 0x73, 0x80, 0x7d, 0x74, 0x96, 0x89, 0x7a,
	0x74, 0x74, 0x82, 0x87, 0x78, 0x84, 0x79, 0x7a, 0x79, 0x75, 0x8b, 0x89,
	0x77, 0x7c, 0x7b, 0x78, 0x7a, 0x7b, 0x80, 0x83, 0x86, 0x90, 0x6a, 0x7b,
	0x6e, 0x8d, 0x8c, 0x89, 0x74, 0x7c, 0x9b, 0x7a, 0x8c, 0x68, 0x79, 0x9e,
	0x79, 0x94, 0x8d, 0x85, 0x78, 0x7e, 0x88, 0x79, 0x70, 0x8a, 0x7d, 0x7e,
	0x79, 0x6e, 0x78, 0x7c, 0x77, 0x8c, 0x97, 0x80, 0xa5, 0x6a, 0x90, 0x88,
	0x8b, 0x84, 0x71, 0x75, 0x7a, 0x86, 0x84, 0x8e, 0x74, 0x73, 0x77, 0x83,
	0x80, 0x6f, 0x7f, 0x74, 0xa7, 0x63, 0x86, 0x6a, 0x78, 0x91, 0x6f, 0x88,
	0x84, 0x6d, 0x79, 0x85, 0x86, 0x92, 0x6e, 0x83, 0x69, 0x6f, 0x89, 0x75,
	0x8a, 0x78, 0x72, 0x7e, 0x82, 0x84, 0x76, 0x79, 0x81, 0x80, 0x84, 0x93,
	0x84, 0x82, 0x7c, 0x72, 0x92, 0x95, 0x87, 0x76, 0x81, 0x8c, 0x7f, 0x5b,
	0x73, 0x84, 0x8a, 0x80, 0x83, 0x92, 0x65, 0x8a, 0x8f, 0x7e, 0x7f, 0x92,
	0xc8, 0x82, 0x6d, 0x7b, 0x87, 0x7f, 0x6d, 0x72, 0x8f, 0x7e, 0x70, 0x70,
	0x7c, 0x9c, 0x7c, 0x7a, 0x82, 0x8f, 0x77, 0x78, 0x7c, 0x6e, 0x84, 0x91,
	0x73, 0x86, 0x8c, 0x54, 0x89, 0x88, 0x73, 0x8c, 0x8a, 0x8a, 0x5e, 0x8f,
	0x86, 0x83, 0x6d, 0x8a, 0x83, 0x6f, 0x84, 0x76, 0x74, 0x64, 0x73, 0x88,
	0x6f, 0x79, 0x89, 0x83, 0x7f, 0x8c, 0x7b, 0x85, 0x75, 0x84, 0x92, 0x6b,
	0x7d, 0x86, 0x69, 0x81, 0x80, 0x7d, 0x7e, 0x91, 0x95, 0x69, 0x7f, 0x86,
	0x80, 0x74, 0x9a, 0x83, 0x88, 0x6b, 0x70, 0x60, 0x67, 0x71, 0x81, 0x8a,
	0x7a, 0x80, 0x6f, 0x6f, 0x89, 0x75, 0x7b, 0x89, 0x76, 0x9c, 0x8c, 0x86,
	0x5c, 0x8b, 0x6b, 0x57, 0x61, 0x77, 0x85, 0x76, 0x6d, 0xa1, 0x7c, 0x81,
	0x7e, 0x6c, 0x73, 0x63, 0x83, 0x81, 0x87, 0x7b, 0x7c, 0x93, 0x8e, 0x66,
	0x95, 0x7a, 0x95, 0x87, 0x8b, 0x8e, 0x6b, 0x87, 0x7d, 0x86, 0x78, 0x7b,
	0x6c, 0x6e, 0x7c, 0x87, 0x83, 0x7a, 0x74, 0x8d, 0x7f, 0x88, 0x89, 0x5c,
	0x4e, 0x8c, 0x85, 0x6e, 0x7b, 0x80, 0x93, 0x6e, 0x73, 0x70, 0x7c, 0x5e,
	0xde, 0x83, 0x79, 0x84, 0x7a, 0x74, 0x76, 0x7b, 0x4b, 0x79, 0x86, 0x65,
	0x8d, 0x71, 0x79, 0x8d, 0x75, 0x76, 0x82, 0x80, 0x73, 0x70, 0x66, 0x72,
	0x85, 0x71, 0x8d, 0x66, 0x7c, 0x80, 0x75, 0x89, 0x8c, 0x94, 0x7a, 0x7e,
	0x7a, 0x89, 0x7b, 0x8e, 0x82, 0x7d, 0x75, 0x84, 0x6a, 0x78, 0x6a, 0x83,
	0x65, 0x70, 0x85, 0x8a, 0x75, 0x83, 0x79, 0x7d, 0x6a, 0x53, 0x72, 0x6e,
	0x76, 0x64, 0x8a, 0x83, 0x88, 0x68, 0x66, 0x82, 0x77, 0x70, 0x6d, 0x8a,
	0x85, 0x9b, 0x82, 0x8a, 0x82, 0x69, 0x86, 0x77, 0x6d, 0x6e, 0x65, 0x59,
	0x82, 0x7c, 0x85, 0x94, 0x86, 0x72, 0x6a, 0x89, 0x65, 0x87, 0x80, 0x46,
	0x7d, 0x6e, 0x71, 0x75, 0x97, 0x99, 0x89, 0x85, 0x97, 0x65, 0x7c, 0xa1,
	0x7b, 0x63, 0x81, 0x74, 0x92, 0x83, 0x7f, 0x7e, 0x6e, 0x72, 0x6a, 0x86,
	0x8d, 0x69, 0x67, 0x8e, 0x81, 0x64, 0x55, 0x82, 0x6e, 0x65, 0x8c, 0x60,
	0x71, 0x8c, 0x63, 0x73, 0x6a, 0x91, 0x76, 0x7e, 0x62, 0x8a, 0x79, 0x6e,
	0x61, 0x58, 0x61, 0x7c, 0x8e, 0x7a, 0x7a, 0x7c, 0x82, 0x79, 0x81, 0x66,
	0x97, 0x80, 0x77, 0x85, 0x81, 0x7f, 0x7a, 0x7d, 0x67, 0x81, 0x7f, 0x8e,
	0x70, 0x7b, 0x6c, 0x85, 0x7f, 0x7d, 0x78, 0x6f, 0x7e, 0x6e, 0x7d, 0x71,
	0x77, 0x75, 0x86, 0x70, 0x85, 0x6f, 0x73, 0x7b, 0x7d, 0x7e, 0x70, 0x6b,
	0x8b, 0x7a, 0x7d, 0x70, 0x80, 0x6c, 0x7e, 0x86, 0x6d, 0x7f, 0x67, 0x6e,
	0x77, 0x6f, 0x8d, 0x89, 0x66, 0x73, 0x98, 0x8e, 0x7f, 0x83, 0x77, 0x7b,
	0x89, 0x84, 0x7c, 0x6a, 0x71, 0x74, 0x8f, 0x6c, 0x68, 0x73, 0x79, 0x95,
	0x7e, 0x80, 0x85, 0x81, 0x8a, 0x71, 0x66, 0x7b, 0x8a, 0x76, 0x6e, 0x3b,
	0x87, 0x67, 0x75, 0x76, 0x75, 0x7d, 0x7e, 0x78, 0x79, 0x7b, 0x75, 0x88,
	0x70, 0x77, 0x73, 0x81, 0x71, 0x7b, 0x8c, 0x83, 0x84, 0x72, 0x7f, 0x84,
	0x8f, 0x76, 0x7c, 0x8e, 0x77, 0x81, 0x87, 0x8a, 0x78, 0x8c, 0x80, 0x74,
	0x7f, 0x77, 0x9a, 0x83, 0x79, 0x73, 0x6a, 0x86, 0x76, 0x6b, 0x82, 0x8d,
	0x6c, 0x80, 0x7d, 0x77, 0x9a, 0x85, 0x7d, 0x87, 0x7f, 0x6a, 0x84, 0x6e,
	0x82, 0x8a, 0x95, 0x8f, 0x6f, 0x6d, 0x71, 0x7f, 0x78, 0x7a, 0x71, 0x7a,
	0xa7, 0x7f, 0x68, 0x8c, 0x86, 0x7d, 0x7d, 0x7b, 0x8b, 0x7a, 0x79, 0x9b,
	0x85, 0x73, 0x7e, 0x7e, 0x7e, 0x66, 0x76, 0x7a, 0x6e, 0x90, 0x8c, 0x7b,
	0x6b, 0x87, 0x79, 0x86, 0x84, 0x7e, 0x7b, 0x82, 0x6b, 0x76, 0x90, 0x6c,
	0x87, 0x81, 0x83, 0x77, 0x6e, 0x73, 0x7a, 0x7c, 0x9e, 0x84, 0x70, 0x7a,
	0x86, 0x58, 0x7d, 0x8a, 0x5d, 0x7c, 0x74, 0x83, 0x73, 0x79, 0x7b, 0x93,
	0x77, 0x8b, 0x90, 0x8b, 0x77, 0x86, 0x85, 0x85, 0x7e, 0x87, 0x7d, 0x83,
	0x7b, 0x84, 0x66, 0x89, 0x6d, 0x51, 0x85, 0x65, 0x98, 0x77, 0x7b, 0x83,
	0x7d, 0x78, 0x6a, 0x66, 0x7d, 0x8d, 0x6f, 0x85, 0x6e, 0x66, 0x70, 0x8a,
	0x62, 0x81, 0x76, 0x81, 0x8b, 0x75, 0x73, 0x84, 0x56, 0x92, 0x4c, 0x89,
	0x61, 0x64, 0x71, 0x78, 0x80, 0x72, 0x76, 0x84, 0x6c, 0x6b, 0x73, 0x88,
	0x85, 0x89, 0x61, 0x82, 0x74, 0x7c, 0x8b, 0x74, 0x7c, 0x68, 0x78, 0x94,
	0x72, 0x81, 0x6a, 0x80, 0x83, 0x67, 0x72, 0x8c, 0x73, 0x80, 0x84, 0x77,
	0x7c, 0x7f, 0x7b, 0x60, 0x80, 0x7a, 0x58, 0x8d, 0x79, 0x8a, 0x81, 0x92,
	0x68, 0x82, 0x77, 0x7f, 0x84, 0x80, 0x7e, 0x7f, 0x87, 0x60, 0x61, 0x5d,
	0x84, 0x84, 0x90, 0x7f, 0x75, 0x93, 0x73, 0x8a, 0x81, 0x75, 0x72, 0x78,
	0x81, 0x71, 0x6e, 0x62, 0x7e, 0x85, 0x77, 0x77, 0x89, 0x85, 0x6f, 0xa0,
	0x7e, 0x72, 0x81, 0x8d, 0x87, 0x94, 0x66, 0x82, 0x7b, 0x69, 0x86, 0x80,
	0x84, 0x8c, 0x7a, 0x92, 0x78, 0x88, 0x7f, 0x91, 0x66, 0x8e, 0x7f, 0x6e,
	0x64, 0x85, 0x64, 0x8d, 0x8f, 0x73, 0x79, 0x84, 0x82, 0x85, 0x77, 0x79,
	0x70, 0x89, 0x7d, 0x71, 0x72, 0x89, 0x85, 0x6f, 0x74, 0x65, 0xaf, 0x7a,
	0x5d, 0x7e, 0x87, 0x7c, 0x80, 0x85, 0x92, 0x82, 0x81, 0x7a, 0x9b, 0x7d,
	0x7b, 0x83, 0x5d, 0x5f, 0x8a, 0x83, 0x72, 0x6e, 0x71, 0x81, 0x6d, 0x77,
	0x86, 0x8d, 0x7c, 0x7d, 0x74, 0x81, 0x82, 0x69, 0x7d, 0x71, 0x98, 0x85,
	0x8a, 0x72, 0x7d, 0x88, 0x85, 0x68, 0x79, 0x7d, 0x81, 0x7a, 0x6f, 0x62,
	0x7c, 0x87, 0x90, 0x7b, 0x7b, 0x74, 0x84, 0x7c, 0x84, 0x86, 0x79, 0x65,
	0x85, 0x79, 0x86, 0x64, 0x7b, 0x7a, 0x94, 0x6b, 0x8d, 0x70, 0x7e, 0x82,
	0x9f, 0x80, 0x7b, 0x88, 0x6a, 0x7f, 0x7f, 0x7e, 0x7e, 0x8b, 0x7f, 0x8c,
	0x7f, 0x90, 0x86, 0x5d, 0x87, 0x88, 0x76, 0x77, 0x77, 0x81, 0x79, 0x6a,
	0x89, 0x72, 0x78, 0x79, 0x89, 0x83, 0x81, 0x74, 0x8e, 0x82, 0x6b, 0x87,
	0x94, 0x84, 0x7f, 0x87, 0x7a, 0x75, 0x71, 0x7f, 0x71, 0x5f, 0x87, 0x7b,
	0x72, 0x6d, 0x79, 0x6f, 0x7b, 0x8e, 0x83, 0x7d, 0x8f, 0x84, 0x74, 0x7e,
	0x6e, 0x76, 0x64, 0x73, 0x7c, 0x87, 0x83, 0x76, 0x86, 0x80, 0x74, 0x71,
	0x74, 0x55, 0x7b, 0x84, 0x73, 0x92, 0x72, 0x7e, 0x60, 0x84, 0x9c, 0x7f,
	0x6c, 0x7f, 0x68, 0x8e, 0x6a, 0x7a, 0x83, 0x83, 0x8c, 0x6f, 0x81, 0x86,
	0x7a, 0x86, 0x60, 0x5f, 0x89, 0x89, 0x84, 0x7d, 0x7e, 0x5d, 0x77, 0x71,
	0x7b, 0x94, 0x91, 0x8a, 0x77, 0x7a, 0x85, 0x66, 0x7a, 0x7f, 0x8c, 0x76,
	0x6c, 0x6e, 0x75, 0x6c, 0x93, 0x81, 0x96, 0x7c, 0x91, 0x78, 0x85, 0x6c,
	0x75, 0x66, 0x77, 0x7f, 0x8c, 0x77, 0x83, 0x7e, 0x7a, 0x7f, 0x8c, 0x82,
	0x83, 0x7a, 0x86, 0x7b, 0x7d, 0x6b, 0x89, 0x7d, 0x90, 0x7d, 0x79, 0x78,
	0x63, 0x80, 0x76, 0x70, 0x89, 0x75, 0x72, 0x76, 0x55, 0x80, 0x7b, 0x78,
	0x84, 0x73, 0x6b, 0x91, 0x78, 0x79, 0x72, 0x86, 0x85, 0x84, 0x79, 0x89,
	0x7f, 0x87, 0x8b, 0x8d, 0x75, 0x74, 0x62, 0x86, 0x75, 0x8a, 0x8c, 0x87,
	0x64, 0x78, 0x72, 0x7c, 0x92, 0x88, 0xa7, 0x69, 0x72, 0x8f, 0x78, 0x8d,
	0x78, 0x81, 0x6d, 0x6c, 0x96, 0x79, 0x88, 0x85, 0x7c, 0x73, 0x7b, 0x79,
	0x88, 0x84, 0x85, 0x90, 0x88, 0x7d, 0x7f, 0x76, 0x8b, 0x6f, 0x77, 0x94,
	0x8e, 0x84, 0x85, 0x93, 0x85, 0x74, 0x74, 0x67, 0x6f, 0x7c, 0x73, 0x96,
	0x90, 0x7e, 0x6a, 0x84, 0x84, 0x76, 0x8e, 0x7c, 0x77, 0x7a, 0x7c, 0x7f,
	0x57, 0x7a, 0x75, 0x8a, 0x65, 0x79, 0x97, 0x63, 0x77, 0x93, 0x91, 0x76,
	0x7d, 0x67, 0x89, 0x8b, 0x91, 0x8c, 0x71, 0x7f, 0x71, 0x80, 0x7c, 0x65,
	0x8f, 0x95, 0x8b, 0x80, 0x76, 0x8a, 0x8d, 0x83, 0x78, 0x88, 0x79, 0x86,
	0x87, 0x5c, 0x8f, 0x97, 0x87, 0x88, 0x81, 0x7a, 0x75, 0x85, 0x97, 0x56,
	0x5b, 0xa3, 0x89, 0x86, 0x77, 0x7d, 0x7c, 0x6c, 0x8a, 0x77, 0x7f, 0x7b,
	0x98, 0x81, 0x83, 0x76, 0x7a, 0x78, 0x7b, 0x7c, 0x7f, 0x6f, 0x72, 0x77,
	0x90, 0x7a, 0x87, 0x85, 0x7b, 0x7c, 0x8b, 0x7f, 0x7e, 0x86, 0x68, 0x84,
	0x7f, 0x82, 0x76, 0x7f, 0x6b, 0x6f, 0x8d, 0x88, 0x77, 0x77, 0x7d, 0x8e,
	0x70, 0x78, 0x7d, 0x74, 0x7a, 0x84, 0x75, 0x99, 0x82, 0x64, 0x79, 0x72,
	0x6b, 0x9a, 0x72, 0x86, 0x83, 0x70, 0x89, 0x81, 0x99, 0x83, 0x7b, 0x88,
	0x78, 0x81, 0x68, 0x7b, 0x6a, 0x89, 0x8c, 0x8b, 0x7c, 0x92, 0x88, 0x88,
	0x60, 0x83, 0x7b, 0x7a, 0x75, 0x82, 0x98, 0x89, 0x89, 0x84, 0x9a, 0x7b,
	0x59, 0x84, 0x8c, 0x73, 0x91, 0x8c, 0x8c, 0x83, 0x67, 0x74, 0x82, 0x92,
	0x7b, 0x78, 0xa9, 0x8a, 0x94, 0x86, 0x68, 0x85, 0x65, 0x65, 0x67, 0x72,
	0x6c, 0x7d, 0x82, 0x71, 0x6d, 0x89, 0x87, 0x76, 0x7f, 0x74, 0x5a, 0x7b,
	0x92, 0x53, 0x66, 0x73, 0x64, 0x62, 0x79, 0x79, 0x66, 0x82, 0x7a, 0x79,
	0x8d, 0x4f, 0x7e, 0x74, 0x88, 0x6f, 0x76, 0x91, 0x87, 0x80, 0x7c, 0x93,
	0x89, 0x60, 0x7a, 0x4f, 0x7b, 0x84, 0x87, 0x88, 0x85, 0x82, 0x6c, 0x6b,
	0xe6, 0x82, 0x6d, 0x66, 0x7d, 0x86, 0x78, 0x6f, 0x7a, 0x7b, 0x82, 0x9a,
	0x63, 0x83, 0x70, 0x7f, 0x85, 0x87, 0x74, 0x78, 0x7d, 0x6f, 0x83, 0x81,
	0x61, 0x94, 0x72, 0x7d, 0x88, 0x79, 0x73, 0x82, 0x86, 0x8c, 0x8c, 0x7e,
	0x8b, 0x78, 0x73, 0x79, 0x75, 0x69, 0x8b, 0x7b, 0x83, 0x83, 0x66, 0x74,
	0x78, 0x8e, 0x65, 0x6f, 0x7b, 0x70, 0x7c, 0x7b, 0x7c, 0x8a, 0x6e, 0x8f,
	0x8d, 0x98, 0x8a, 0x7c, 0x8c, 0x6d, 0x93, 0x80, 0x75, 0x92, 0x5e, 0x74,
	0x78, 0x67, 0x93, 0x84, 0x82, 0x76, 0x61, 0x5a, 0x9b, 0x7c, 0x8a, 0x93,
	0x7e, 0x67, 0x6c, 0x82, 0x8e, 0x7f, 0x84, 0x82, 0x69, 0x8a, 0x68, 0x7f,
	0x8c, 0x66, 0x7f, 0x6d, 0x5a, 0x6a, 0x74, 0x71, 0x66, 0x96, 0x67, 0x6d,
	0x6d, 0x7a, 0x75, 0x70, 0x66, 0x75, 0x75, 0x91, 0x73, 0x7b, 0x7e, 0x72,
	0x8a, 0x91, 0x6f, 0x7b, 0x76, 0x78, 0x61, 0x7c, 0x91, 0x7f, 0x8d, 0x94,
	0x74, 0x8c, 0x99, 0x76, 0x86, 0x75, 0x85, 0x83, 0x74, 0x7a, 0x8c, 0x56,
	0x87, 0x85, 0x73, 0x50, 0x71, 0x60, 0x7e, 0x8e, 0x75, 0x75, 0x7a, 0x9a,
	0xb6, 0x81, 0x7c, 0x76, 0x76, 0x72, 0x7b, 0x7f, 0x81, 0x89, 0x4e, 0x98,
	0x2c, 0x8a, 0xa3, 0x82, 0x7f, 0x88, 0x90, 0x97, 0x9a, 0x89, 0x80, 0x70,
	0x80, 0x87, 0x74, 0x78, 0x86, 0x82, 0x7f, 0x87, 0x7e, 0x77, 0x7a, 0x80,
	0x7e, 0x87, 0x87, 0x88, 0x8b, 0x76, 0x77, 0x88, 0x79, 0x86, 0x8c, 0x6d,
	0x7f, 0x81, 0x72, 0x74, 0x84, 0x82, 0x98, 0x37, 0x90, 0x97, 0x95, 0x70,
	0x74, 0x87, 0x6e, 0x7a, 0x9c, 0x3a, 0x74, 0x80, 0x78, 0x64, 0x94, 0x8a,
	0x1c, 0x7f, 0x88, 0x8b, 0x74, 0x7f, 0x88, 0x88, 0x82, 0x8d, 0x79, 0x88,
	0x81, 0x28, 0x74, 0x99, 0x98, 0x87, 0x8d, 0x5c, 0x81, 0x9d, 0x79, 0x70,
	0x8c, 0x92, 0x7f, 0x5f, 0x88, 0x7b, 0x8d, 0x82, 0x85, 0x78, 0x8a, 0x74,
	0x87, 0x87, 0x78, 0x65, 0x7d, 0x90, 0x97, 0x7d, 0xa6, 0x78, 0x76, 0x72,
	0x6f, 0x85, 0x86, 0x80, 0x7a, 0x87, 0x7f, 0x82, 0x85, 0x85, 0x72, 0x8b,
	0x8b, 0x80, 0x3a, 0x8c, 0x90, 0x88, 0x72, 0x9b, 0x82, 0x7e, 0x86, 0x80,
	0x82, 0x85, 0x68, 0x57, 0x87, 0x54, 0x8e, 0x48, 0x79, 0x49, 0x69, 0x8a,
	0x44, 0x82, 0x79, 0x87, 0x7e, 0x80, 0x82, 0x78, 0x7b, 0x99, 0x8d, 0x7a,
	0x70, 0x78, 0x96, 0x77, 0x8b, 0x77, 0x8f, 0x8d, 0x79, 0x8c, 0x7a, 0x75,
	0x7f, 0x73, 0x83, 0x70, 0x7f, 0x79, 0x7a, 0x75, 0x69, 0x70, 0x6c, 0x6f,
	0x75, 0x76, 0x7c, 0x7f, 0x80, 0x8d, 0x88, 0x7c, 0x7c, 0x81, 0x6f, 0x73,
	0x78, 0x87, 0x7a, 0x7d, 0x75, 0x7c, 0x8a, 0x5e, 0x70, 0x93, 0x70, 0x71,
	0x96, 0x6e, 0x81, 0x72, 0x7b, 0x6c, 0x88, 0x7e, 0x79, 0x81, 0x85, 0x77,
	0x67, 0x7e, 0x79, 0x65, 0x73, 0x72, 0x91, 0x7f, 0x84, 0x85, 0x84, 0x83,
	0x80, 0x7d, 0x7f, 0x97, 0x8c, 0x79, 0x9e, 0x65, 0x7b, 0x85, 0x7a, 0x83,
	0x84, 0x71, 0x72, 0x89, 0x93, 0x83, 0x89, 0x7e, 0x7c, 0x72, 0x70, 0x7d,
	0x86, 0x7d, 0x75, 0x6c, 0x84, 0x7a, 0x87, 0x70, 0x76, 0x5c, 0x8a, 0x78,
	0x7d, 0x88, 0x78, 0x76, 0x78, 0x75, 0x85, 0x81, 0x73, 0x7f, 0x90, 0x82,
	0x78, 0x90, 0x71, 0x70, 0x81, 0x81, 0x81, 0x67, 0x8e, 0x92, 0x73, 0x7c,
	0x80, 0x84, 0x6e, 0x88, 0x72, 0x74, 0x86, 0x79, 0x6c, 0x78, 0x87, 0x72,
	0x8f, 0x7f, 0x7d, 0x6f, 0x7f, 0x7d, 0x75, 0x7c, 0x97, 0x81, 0x82, 0x89,
	0x82, 0x7d, 0x82, 0x7b, 0x63, 0x76, 0x80, 0x7c, 0x7f, 0x87, 0x5d, 0x77,
	0x7b, 0x69, 0x6b, 0xad, 0x7e, 0x74, 0x89, 0x79, 0x66, 0x6e, 0x81, 0x92,
	0x62, 0x78, 0x6b, 0x66, 0x79, 0x70, 0x76, 0x75, 0x7c, 0xa3, 0x76, 0x7a,
	0x6f, 0x95, 0x81, 0x81, 0x78, 0x71, 0x7a, 0x7c, 0x6a, 0x81, 0x73, 0x7d,
	0x98, 0x70, 0x8b, 0x80, 0x63, 0x73, 0x92, 0x69, 0x74, 0x93, 0x80, 0x80,
	0x8b, 0x91, 0x85, 0x81, 0x94, 0x78, 0x8c, 0x8b, 0x92, 0x7f, 0x85, 0x63,
	0x76, 0x7b, 0x7d, 0x6d, 0x80, 0x7a, 0x76, 0x84, 0x88, 0x7a, 0x64, 0x74,
	0x75, 0x6c, 0x78, 0x8d, 0x7d, 0x86, 0x7e, 0x93, 0x90, 0x79, 0x6e, 0x86,
	0x84, 0x85, 0x6d, 0x85, 0x77, 0x76, 0x73, 0x8b, 0x95, 0x8a, 0x6f, 0x88,
	0x82, 0x68, 0x74, 0x73, 0x6b, 0x8a, 0x70, 0x76, 0x64, 0x8a, 0xa6, 0x83,
	0x95, 0x91, 0x71, 0x6c, 0x76, 0x73, 0x7b, 0x5e, 0x82, 0x74, 0x6d, 0xa8,
	0x77, 0x77, 0x81, 0x84, 0x80, 0x8b, 0x7a, 0x88, 0x71, 0x84, 0x82, 0x88,
	0x74, 0x7d, 0x86, 0x76, 0x80, 0x83, 0x7f, 0x87, 0x86, 0x86, 0x85, 0x70,
	0x8a, 0x89, 0x79, 0x7e, 0x75, 0x85, 0x6f, 0x7e, 0x76, 0x65, 0x7d, 0x64,
	0x7f, 0x78, 0x70, 0x8a, 0x64, 0x81, 0x86, 0x79, 0x6f, 0x70, 0x6a, 0x88,
	0x84, 0x7e, 0x7a, 0x77, 0x66, 0x71, 0x6b, 0x7f, 0x78, 0x77, 0x84, 0x70,
	0x80, 0x80, 0x9b, 0x7d, 0x85, 0x82, 0x89, 0x7f, 0x8e, 0x8a, 0x81, 0x7c,
	0x75, 0x7d, 0x7c, 0x8f, 0x79, 0x7c, 0x7e, 0x6b, 0x6a, 0x71, 0x6d, 0x6d,
	0x88, 0x89, 0x6c, 0x5b, 0x7a, 0x7f, 0x8f, 0x80, 0x81, 0x8a, 0x92, 0xa1,
	0x6f, 0x81, 0x7a, 0x74, 0x80, 0x7d, 0x7b, 0x7f, 0x78, 0x6f, 0x79, 0x83,
	0x4c, 0x6b, 0x83, 0x7e, 0x77, 0x7e, 0x7f, 0x7d, 0x88, 0x6e, 0x6c, 0x73,
	0x7e, 0x76, 0x7b, 0x73, 0x7c, 0x74, 0x67, 0x76, 0x74, 0x8b, 0x82, 0x8b,
	0x83, 0x65, 0x6f, 0x85, 0x6a, 0x81, 0x72, 0x80, 0x70, 0x68, 0x8c, 0x7e,
	0x87, 0x5a, 0x82, 0x81, 0x87, 0x82, 0x8b, 0x7c, 0x8a, 0x7c, 0x7c, 0x68,
	0x7e, 0x8a, 0x83, 0x89, 0x79, 0x6d, 0x71, 0x80, 0x77, 0x79, 0x70, 0x88,
	0x93, 0x80, 0x7b, 0x85, 0x76, 0x7b, 0x7f, 0x7d, 0x77, 0x8a, 0x83, 0x63,
	0x83, 0x92, 0x7d, 0x86, 0x7a, 0x90, 0x79, 0x6f, 0x7a, 0x79, 0x8d, 0x74,
	0x82, 0x8a, 0x71, 0x7a, 0x8f, 0x7b, 0x86, 0x7d, 0x85, 0x8a, 0x78, 0x89,
	0x77, 0x81, 0x7a, 0x87, 0x82, 0x7f, 0x80, 0x6b, 0x7e, 0x67, 0x6e, 0x7a,
	0x6f, 0x87, 0x6d, 0x94, 0x80, 0x6f, 0x91, 0x73, 0x85, 0x8c, 0x6e, 0x59,
	0x6f, 0x7f, 0x52, 0x6e, 0x55, 0x6b, 0x88, 0x81, 0x74, 0x97, 0x76, 0x88,
	0x73, 0x78, 0x88, 0x85, 0x74, 0x73, 0x74, 0x82, 0x86, 0x8f, 0x88, 0x66,
	0x87, 0x8f, 0x87, 0x75, 0x82, 0x71, 0x80, 0x74, 0x8a, 0x6b, 0x7b, 0x74,
	0x94, 0x7c, 0x8d, 0x86, 0x90, 0x97, 0x6e, 0x75, 0x5e, 0x6f, 0x6f, 0x79,
	0x72, 0x8b, 0x89, 0xa3, 0x84, 0x81, 0x84, 0x6b, 0x6a, 0x7e, 0x71, 0x66,
	0x8d, 0x73, 0x89, 0x7a, 0x83, 0x77, 0x71, 0x76, 0x67, 0x85, 0x76, 0x80,
	0x8c, 0x7d, 0x77, 0x71, 0x73, 0x82, 0x75, 0x77, 0x78, 0x78, 0x8d, 0x82,
	0x83, 0x86, 0x89, 0x93, 0x72, 0x84, 0x96, 0x7f, 0x8d, 0x78, 0x77, 0x72,
	0x83, 0x83, 0x75, 0x8b, 0x87, 0x84, 0x83, 0x81, 0x69, 0x61, 0x6b, 0x72,
	0x70, 0x81, 0x7c, 0x86, 0x76, 0x6c, 0x76, 0x6a, 0x77, 0x76, 0x71, 0x90,
	0x83, 0x77, 0x7e, 0x7a, 0x79, 0x89, 0x7c, 0x84, 0x8b, 0x75, 0x70, 0x78,
	0x72, 0x7a, 0x79, 0x69, 0x87, 0x8c, 0x80, 0x9e, 0x8e, 0x7d, 0x81, 0x77,
	0x53, 0x7c, 0x7f, 0x70, 0x8c, 0x77, 0x7e, 0x75, 0x8c, 0x89, 0x8d, 0x73,
	0x63, 0x85, 0x71, 0x72, 0x7d, 0x79, 0x8f, 0x76, 0x6e, 0x7e, 0x81, 0x75,
	0x76, 0x6d, 0x7a, 0x93, 0x76, 0xa9, 0x83, 0xa0, 0x79, 0x81, 0x73, 0x8a,
	0x7f, 0x6d, 0x6d, 0x8a, 0x79, 0x86, 0x6c, 0x73, 0x88, 0x7b, 0x7e, 0x76,
	0x74, 0x6d, 0x79, 0x54, 0x8a, 0x5e, 0x72, 0x72, 0x5a, 0x7d, 0x7d, 0x6c,
	0x68, 0x88, 0x81, 0x93, 0x77, 0x77, 0x8a, 0x72, 0x7a, 0x88, 0x87, 0x5b,
	0x80, 0x7c, 0x83, 0x7d, 0x9a, 0x66, 0x7a, 0x8b, 0x81, 0x8e, 0x6b, 0x66,
	0x79, 0x83, 0x77, 0x6d, 0x81, 0x7c, 0x7c, 0x88, 0x89, 0x7b, 0x7f, 0x4b,
	0x7e, 0x78, 0x86, 0x75, 0x75, 0x65, 0x75, 0x6f, 0x7b, 0x77, 0x7b, 0x7b,
	0x83, 0x7e, 0x6d, 0x87, 0x7e, 0x7d, 0x73, 0x77, 0x65, 0x7c, 0x89, 0x62,
	0x75, 0x8c, 0x77, 0x8e, 0x64, 0x79, 0x81, 0x87, 0x7e, 0x5f, 0x6a, 0x7f,
	0x74, 0x7b, 0x74, 0x7c, 0x72, 0x8c, 0x97, 0x85, 0x70, 0x6f, 0x8c, 0x87,
	0x63, 0x79, 0x6e, 0x75, 0x7d, 0x78, 0x8e, 0x8b, 0x72, 0x61, 0x81, 0x85,
	0x83, 0x92, 0x7c, 0x8c, 0x83, 0x90, 0x73, 0x86, 0x72, 0x7e, 0x73, 0x79,
	0x80, 0x72, 0x8b, 0x92, 0x71, 0x93, 0x84, 0x72, 0x7d, 0x8e, 0x81, 0x90,
	0x87, 0x7c, 0x87, 0x86, 0x75, 0x5a, 0x82, 0x78, 0x87, 0x87, 0x8b, 0x5e,
	0x84, 0x6d, 0x75, 0x69, 0x70, 0x67, 0x93, 0x6a, 0x68, 0x69, 0x86, 0x8f,
	0x73, 0x8d, 0x8a, 0x8b, 0x8c, 0x8b, 0x68, 0x94, 0x63, 0x5f, 0x87, 0x92,
	0x79, 0x8c, 0x85, 0x81, 0x7f, 0x9e, 0x88, 0x6d, 0x87, 0x72, 0x79, 0x7a,
	0x8a, 0x6b, 0x6e, 0x7b, 0x54, 0x83, 0x77, 0x78, 0x5c, 0x6f, 0x79, 0x81,
	0x78, 0x5f, 0xa8, 0x92, 0x7d, 0x7e, 0xa2, 0x5f, 0x6b, 0x86, 0x87, 0x7a,
	0x6e, 0x80, 0x76, 0x77, 0x7e, 0x7f, 0x7e, 0x76, 0x80, 0x83, 0x6d, 0x8d,
	0x99, 0x7d, 0x59, 0xab, 0x6e, 0x7b, 0x81, 0x7e, 0x74, 0x97, 0x93, 0x99,
	0x77, 0x80, 0x84, 0x78, 0x81, 0x73, 0x77, 0x8a, 0x8d, 0x82, 0x7a, 0x78,
	0x7c, 0x69, 0x8e, 0x83, 0x7f, 0x83, 0x88, 0x63, 0x67, 0x84, 0x85, 0x72,
	0x7f, 0x71, 0x6e, 0x5e, 0x74, 0x80, 0x82, 0x92, 0x63, 0x8b, 0x8b, 0x7f,
	0x7f, 0x6c, 0x78, 0x6e, 0x60, 0x7f, 0x7c, 0x6c, 0x92, 0x7f, 0x7c, 0x86,
	0x87, 0x78, 0x8b, 0x71, 0x6a, 0x6a, 0x57, 0x88, 0x62, 0x6a, 0x86, 0x89,
	0x6e, 0x70, 0x72, 0x8b, 0x74, 0x5d, 0x78, 0x84, 0x95, 0x74, 0x73, 0x5a,
	0x7b, 0x78, 0x67, 0x7f, 0x86, 0x71, 0x7d, 0x80, 0x74, 0x91, 0x7b, 0x58,
	0x7b, 0x7a, 0x8d, 0x84, 0x7a, 0x76, 0x7c, 0x7e, 0x6e, 0x73, 0x74, 0x84,
	0x86, 0x76, 0x6f, 0x80, 0x83, 0x8c, 0x74, 0x8b, 0x85, 0x76, 0x81, 0x75,
	0x7d, 0x79, 0x65, 0x7f, 0x6d, 0x80, 0x7a, 0x7c, 0x6b, 0x78, 0x92, 0x85,
	0x76, 0x8b, 0x77, 0x6f, 0x6a, 0x62, 0x81, 0x83, 0x78, 0x7b, 0x6b, 0x83,
	0x6d, 0x80, 0x63, 0x6f, 0x8b, 0x7b, 0x75, 0x7f, 0x82, 0x72, 0x80, 0x6c,
	0x68, 0x83, 0x7f, 0x80, 0x76, 0x7e, 0x74, 0x7c, 0x7f, 0x8f, 0x6a, 0x67,
	0x6c, 0x8e, 0x99, 0x97, 0x71, 0x88, 0x8d, 0x7c, 0x6f, 0x99, 0x60, 0x99,
	0x96, 0x7d, 0x93, 0x65, 0x7c, 0x8a, 0x80, 0x8b, 0x72, 0x7d, 0x78, 0x7b,
	0x61, 0x82, 0x8a, 0x89, 0x8e, 0x7b, 0x82, 0x8c, 0x65, 0x53, 0x87, 0x87,
	0x70, 0x6b, 0x94, 0x79, 0x82, 0x88, 0x8b, 0x6e, 0x7f, 0x83, 0x94, 0x67,
	0x63, 0x78, 0x5d, 0x70, 0x77, 0x70, 0x90, 0x6f, 0x75, 0x7c, 0x8d, 0x8f,
	0x86, 0x75, 0x6c, 0x94, 0x73, 0x84, 0x7f, 0x8e, 0x6c, 0x81, 0x91, 0x73,
	0x70, 0x7d, 0x8e, 0x88, 0x7f, 0x85, 0x8a, 0x74, 0x8f, 0x6d, 0x91, 0x78,
	0x78, 0x84, 0x62, 0x83, 0x78, 0x70, 0x7f, 0x86, 0x60, 0x7c, 0x66, 0x79,
	0x95, 0x93, 0x82, 0x87, 0x85, 0x7c, 0x87, 0x67, 0x6d, 0x77, 0x79, 0x66,
	0x8f, 0x70, 0x83, 0x7f, 0x8f, 0x6f, 0x80, 0x87, 0x83, 0x83, 0x60, 0x6a,
	0x64, 0x82, 0x8a, 0x60, 0x8d, 0x69, 0x63, 0xb0, 0x89, 0x8d, 0x83, 0x54,
	0x6d, 0x90, 0x84, 0x7f, 0x89, 0x6d, 0x8d, 0x72, 0x7e, 0x5e, 0x7f, 0x81,
	0xdf, 0x82, 0x7b, 0x71, 0x78, 0x7c, 0x7d, 0x7a, 0x92, 0x8c, 0x8e, 0x83,
	0x93, 0x7a, 0x8f, 0x62, 0x7a, 0x8d, 0x81, 0x85, 0x71, 0x7e, 0x7d, 0x6e,
	0x7d, 0x69, 0x84, 0x90, 0x84, 0x73, 0x76, 0x6b, 0x7e, 0x83, 0x74, 0x83,
	0x79, 0x7a, 0x6f, 0x84, 0x68, 0x7c, 0x81, 0x7f, 0x8c, 0x7e, 0x85, 0x7d,
	0x79, 0x86, 0x85, 0x7a, 0x7e, 0x88, 0x6e, 0x67, 0x6f, 0x7f, 0x81, 0x81,
	0x84, 0x75, 0x69, 0x78, 0x70, 0x89, 0x81, 0x74, 0x75, 0x7a, 0x94, 0x6d,
	0x96, 0x6b, 0x8b, 0x82, 0x8a, 0x78, 0x7a, 0x7e, 0x74, 0x85, 0x59, 0x5b,
	0x88, 0x85, 0x72, 0x81, 0x7f, 0x78, 0x75, 0x7f, 0x82, 0x7d, 0x80, 0x75,
	0x81, 0x77, 0x7c, 0x83, 0x61, 0x7d, 0x6b, 0x81, 0x7c, 0x65, 0x7f, 0x86,
	0x6c, 0x84, 0x77, 0x92, 0x92, 0x76, 0x7a, 0x89, 0x7e, 0x87, 0x6e, 0x77,
	0x6f, 0x79, 0x72, 0x76, 0x85, 0x85, 0x8e, 0x7b, 0x7f, 0x7f, 0x95, 0x81,
	0x75, 0x75, 0x7f, 0x7f, 0x78, 0x7b, 0x7d, 0x75, 0x6f, 0x79, 0x80, 0x84,
	0x7c, 0x66, 0x73, 0x84, 0x70, 0x7a, 0x81, 0x84, 0x7b, 0x8a, 0x83, 0x74,
	0x91, 0x80, 0x7a, 0x85, 0x88, 0x83, 0x75, 0x7e, 0x66, 0x83, 0x96, 0x7a,
	0x6a, 0x7b, 0x77, 0x70, 0x81, 0x72, 0x65, 0x81, 0x76, 0x5f, 0x72, 0x67,
	0x7b, 0x75, 0x78, 0x81, 0x5c, 0x7a, 0x77, 0x6f, 0x69, 0x68, 0x81, 0x9b,
	0x8a, 0x6d, 0x67, 0x71, 0x74, 0x7e, 0x7b, 0x7b, 0x7e, 0x8a, 0x8a, 0x75,
	0x96, 0x8d, 0x7c, 0x8f, 0x81, 0x89, 0x7c, 0x79, 0x8f, 0x7e, 0x5d, 0x74,
	0x7f, 0x73, 0x89, 0x77, 0x77, 0x76, 0x86, 0x91, 0x68, 0x8c, 0x76, 0x60,
	0x7e, 0x6f, 0x70, 0x54, 0x75, 0x8b, 0x88, 0x88, 0x83, 0x77, 0x66, 0x8a,
	0x6a, 0x79, 0x7a, 0x6a, 0x75, 0x7a, 0x72, 0x81, 0x7d, 0x6d, 0x88, 0x8d,
	0x83, 0x64, 0xb1, 0x87, 0x70, 0x63, 0x63, 0x82, 0x7d, 0x74, 0xa3, 0x6e,
	0x5b, 0x6b, 0x7e, 0x74, 0x81, 0x73, 0x7f, 0x7e, 0x7c, 0x96, 0x69, 0x75,
	0x79, 0x81, 0x6e, 0x73, 0x6c, 0x8a, 0x77, 0x76, 0x88, 0x70, 0x84, 0x86,
	0x7e, 0x6c, 0x83, 0x6e, 0x77, 0x5b, 0x94, 0x54, 0x70, 0x79, 0x50, 0x82,
	0x94, 0x75, 0x7d, 0x7b, 0x7f, 0x81, 0x79, 0x79, 0x8f, 0x7b, 0x82, 0x82,
	0x55, 0x7d, 0x77, 0x82, 0x94, 0x73, 0x7c, 0x7f, 0x70, 0x8d, 0x7f, 0x79,
	0x87, 0x83, 0x79, 0x81, 0x86, 0x7b, 0x89, 0x7b, 0x8c, 0x78, 0x7f, 0x75,
	0x84, 0x74, 0x70, 0x6c, 0x71, 0x8b, 0x99, 0x79, 0x7a, 0x84, 0x84, 0x85,
	0x84, 0x7c, 0x7b, 0x85, 0x83, 0x87, 0x72, 0x80, 0x5a, 0x88, 0x80, 0x85,
	0x7c, 0x67, 0x87, 0x80, 0x76, 0x7d, 0x84, 0x67, 0x7e, 0x78, 0x73, 0x87,
	0x81, 0x7a, 0x7e, 0x82, 0x61, 0x74, 0x5a, 0x84, 0x7e, 0x69, 0x7b, 0xa1,
	0x7e, 0x8d, 0x87, 0x89, 0x7a, 0x6f, 0x90, 0x90, 0x8a, 0x89, 0x8e, 0x59,
	0x59, 0x7f, 0x6d, 0x6c, 0x78, 0x78, 0x79, 0x7c, 0x68, 0x68, 0x99, 0x5d,
	0x76, 0x8e, 0x67, 0x8c, 0x93, 0x92, 0x76, 0x89, 0x67, 0x85, 0x5b, 0x76,
	0x94, 0x7f, 0x76, 0x8e, 0x81, 0x8f, 0x86, 0x82, 0x70, 0x78, 0x80, 0x89,
	0x74, 0x69, 0x70, 0x92, 0x88, 0x79, 0x78, 0x7a, 0x67, 0x75, 0x6e, 0x6f,
	0x7c, 0x74, 0x7c, 0x7d, 0x61, 0x77, 0xac, 0x62, 0x84, 0x5d, 0x74, 0x86,
	0x87, 0x7b, 0x70, 0x7f, 0x86, 0x7c, 0x90, 0x80, 0x87, 0x75, 0x6e, 0x7b,
	0x77, 0x82, 0x75, 0x8c, 0x81, 0x81, 0x77, 0x7b, 0x7e, 0x6a, 0x6f, 0x78,
	0x63, 0x89, 0x82, 0x80, 0x7a, 0x75, 0x82, 0x75, 0x8b, 0x7a, 0x7d, 0x7e,
	0x90, 0x76, 0x88, 0x89, 0x78, 0x7f, 0x88, 0x73, 0x70, 0x7b, 0x86, 0x75,
	0x6b, 0x7c, 0x83, 0x78, 0x8c, 0x76, 0x77, 0x79, 0x69, 0x7f, 0x84, 0x81,
	0x84, 0x7b, 0x7b, 0x7b, 0x78, 0x7b, 0x80, 0x77, 0x79, 0x7f, 0x70, 0x8c,
	0x8b, 0x77, 0x8a, 0x62, 0x8e, 0x84, 0x7b, 0x7c, 0x6c, 0x73, 0x89, 0x7c,
	0x65, 0x80, 0x78, 0x7d, 0x81, 0x67, 0x78, 0x7f, 0x82, 0x91, 0x58, 0x9b,
	0x82, 0x72, 0x96, 0x58, 0x7f, 0x6d, 0x84, 0x6a, 0x76, 0x89, 0x71, 0x7a,
	0x81, 0x7d, 0x7b, 0x7c, 0x6a, 0x73, 0x76, 0x77, 0x77, 0x8c, 0x93, 0x78,
	0x75, 0x7b, 0x6c, 0x84, 0x88, 0x6a, 0x6a, 0x95, 0x8c, 0x90, 0x72, 0x8a,
	0x87, 0x92, 0x97, 0x8d, 0x76, 0x85, 0x78, 0x7b, 0x78, 0x6f, 0x7d, 0x81,
	0x85, 0x84, 0x8f, 0x77, 0x79, 0x86, 0x5b, 0x65, 0x74, 0x79, 0x68, 0x8f,
	0x82, 0x90, 0x92, 0x8d, 0x81, 0x96, 0x7d, 0x75, 0x73, 0x62, 0x61, 0x7a,
	0xf2, 0x83, 0x72, 0x78, 0x72, 0x74, 0x74, 0x77, 0x85, 0x68, 0x70, 0x56,
	0x7c, 0x76, 0x76, 0x7c, 0x58, 0x80, 0x80, 0x70, 0x7f, 0x88, 0x4d, 0x93,
	0x87, 0x6c, 0x96, 0x72, 0x8f, 0x8c, 0x86, 0x92, 0x89, 0x90, 0x54, 0x5d,
	0x6f, 0x93, 0x83, 0x89, 0x90, 0x89, 0x84, 0x6b, 0x54, 0x75, 0x81, 0x89,
	0x8c, 0x77, 0x71, 0x98, 0x81, 0x72, 0x7c, 0x88, 0x77, 0x88, 0x82, 0x68,
	0x75, 0x76, 0x45, 0x5a, 0x72, 0x8b, 0x6a, 0x75, 0x8c, 0x6e, 0x8c, 0x8b,
	0x78, 0x96, 0x7b, 0x84, 0x89, 0x64, 0x82, 0x87, 0x65, 0x9e, 0x57, 0x73,
	0x8a, 0x8b, 0x7c, 0x8f, 0x82, 0x92, 0x70, 0x73, 0x83, 0x78, 0x6b, 0x79,
	0x77, 0x84, 0x7f, 0x8c, 0x83, 0x91, 0x9a, 0x94, 0x93, 0x60, 0x8a, 0x90,
	0x68, 0x80, 0x73, 0x84, 0x94, 0x76, 0x96, 0x68, 0x79, 0x58, 0x63, 0x4d,
	0x9b, 0x75, 0x90, 0x69, 0x78, 0x74, 0x71, 0x8c, 0x4f, 0x8c, 0x71, 0x5f,
	0x5c, 0x78, 0x85, 0x85, 0x8e, 0x80, 0x60, 0x7f, 0x88, 0xa8, 0x81, 0x93,
	0x67, 0x6d, 0x78, 0x7a, 0x83, 0x79, 0x7f, 0x7e, 0x7d, 0x6f, 0x7d, 0x62,
	0x6d, 0x7d, 0x6c, 0x7f, 0x80, 0x77, 0x74, 0x77, 0x92, 0x68, 0x68, 0x70,
	0x6e, 0x72, 0x6a, 0x85, 0x73, 0x77, 0x76, 0x77, 0x76, 0x7e, 0x70, 0x7c,
	0x80, 0x7e, 0x77, 0x80, 0x77, 0x7c, 0x8e, 0x83, 0x7b, 0x7d, 0x80, 0x85,
	0x71, 0x7c, 0x75, 0x7b, 0x8c, 0x7f, 0x8b, 0x70, 0x7e, 0x82, 0x82, 0x8f,
	0x86, 0x80, 0x84, 0x6f, 0x7c, 0x7e, 0x72, 0x7f, 0x86, 0x85, 0x99, 0x85,
	0x73, 0x82, 0x83, 0xa6, 0x79, 0x5e, 0x7d, 0x78, 0x7f, 0x7d, 0x7d, 0x7b,
	0x92, 0x7d, 0x78, 0x7e, 0x81, 0x82, 0x77, 0x7f, 0x7e, 0x7f, 0x67, 0x81,
	0x80, 0x6a, 0x7a, 0x8b, 0x93, 0x83, 0x6d, 0x89, 0x87, 0x70, 0x74, 0x65,
	0x7e, 0x71, 0x84, 0x70, 0x78, 0x7b, 0x75, 0x75, 0x68, 0x72, 0x8a, 0x71,
	0x72, 0x8c, 0x78, 0x7e, 0x7e, 0x6c, 0x89, 0x8e, 0x7d, 0x96, 0x79, 0x97,
	0x9b, 0x86, 0x88, 0x7b, 0x78, 0x89, 0x89, 0x85, 0x7d, 0x7f, 0x7e, 0x86,
	0x8b, 0x75, 0x7d, 0x75, 0x63, 0x75, 0xa7, 0x87, 0x7e, 0x83, 0x81, 0x84,
	0x83, 0x6d, 0x75, 0x84, 0x89, 0x61, 0x8b, 0x68, 0x7d, 0x88, 0x8a, 0x83,
	0x9a, 0x81, 0x7b, 0x8c, 0x76, 0x7b, 0x76, 0x7c, 0x70, 0x82, 0x7c, 0x66,
	0x83, 0x69, 0x7e, 0x84, 0x73, 0x83, 0x95, 0x90, 0x79, 0x90, 0x66, 0x80,
	0x7c, 0x8b, 0x65, 0x88, 0x61, 0x80, 0x6b, 0x7c, 0x61, 0x6e, 0x7b, 0x9e,
	0x69, 0x75, 0x69, 0x6f, 0x6b, 0x75, 0x75, 0x84, 0x7b, 0x7e, 0x6a, 0x80,
	0x6c, 0x87, 0x75, 0x81, 0x7c, 0x72, 0x8f, 0x70, 0x8b, 0x7e, 0x87, 0x99,
	0x74, 0x81, 0x6b, 0x8f, 0x7f, 0x90, 0x6f, 0x7b, 0x68, 0x92, 0x73, 0x7d,
	0x8b, 0x6f, 0x8d, 0x6d, 0x88, 0x7f, 0x92, 0x7f, 0x8c, 0x90, 0xa2, 0x66,
	0x5b, 0x8d, 0x90, 0x6e, 0x78, 0x85, 0x67, 0x9c, 0x68, 0x78, 0x73, 0x77,
	0x89, 0x65, 0xa8, 0x8b, 0x8a, 0x5f, 0x6b, 0x82, 0x75, 0x87, 0x65, 0x75,
	0x89, 0x70, 0x6d, 0x81, 0x75, 0x85, 0x97, 0x73, 0x99, 0x86, 0x5a, 0xa1,
	0x78, 0x79, 0x68, 0x6c, 0x82, 0x86, 0x71, 0x7d, 0x7d, 0x7b, 0x75, 0x7b,
	0x6b, 0x86, 0x8a, 0x86, 0x7e, 0x67, 0x8e, 0x8a, 0x9a, 0x7f, 0x6f, 0x68,
	0x6d, 0x71, 0x75, 0x80, 0x6e, 0x7f, 0x7c, 0x7e, 0x7a, 0x89, 0x97, 0x64,
	0xc2, 0x80, 0x7f, 0x66, 0x83, 0x7a, 0x7a, 0x79, 0x77, 0x5f, 0x7a, 0x66,
	0x82, 0x79, 0x80, 0x89, 0x6e, 0x8d, 0x73, 0x69, 0x7a, 0x83, 0x70, 0x86,
	0x81, 0x8e, 0x78, 0x80, 0x9b, 0x89, 0x8b, 0x73, 0x78, 0x87, 0x7e, 0x74,
	0x89, 0x79, 0x81, 0x8d, 0x8f, 0x92, 0x73, 0x9e, 0x78, 0x77, 0x95, 0x83,
	0x6f, 0x83, 0x7b, 0x8f, 0x70, 0x8a, 0x7e, 0x84, 0x78, 0x8f, 0x90, 0x70,
	0x57, 0x8f, 0x61, 0x6e, 0x71, 0x75, 0x78, 0x84, 0x80, 0x94, 0x6c, 0x78,
	0x7f, 0x8f, 0x85, 0x8d, 0x78, 0x78, 0x78, 0x7e, 0x9b, 0x74, 0x88, 0x78,
	0x61, 0x78, 0x7b, 0x62, 0x91, 0x76, 0x7f, 0x8d, 0x6e, 0x65, 0x9e, 0x7a,
	0x6e, 0x71, 0x69, 0x8b, 0x81, 0x84, 0x8d, 0x80, 0x77, 0x65, 0x6d, 0x8c,
	0x93, 0x69, 0x81, 0x87, 0x65, 0x7b, 0x73, 0x66, 0x79, 0x7d, 0x8b, 0x8c,
	0x87, 0x5a, 0x81, 0x8b, 0x84, 0x6c, 0x7d, 0x70, 0x6d, 0x80, 0x80, 0x76,
	0x80, 0x75, 0x84, 0x83, 0x79, 0x84, 0x6c, 0x86, 0x82, 0x84, 0x7a, 0x71,
	0x6b, 0x6d, 0x79, 0x64, 0x7a, 0x7f, 0x83, 0x85, 0x72, 0x72, 0x8c, 0x8c,
	0x51, 0x7f, 0x84, 0x5e, 0x74, 0x88, 0x73, 0x7e, 0x91, 0x74, 0x82, 0x6b,
	0x92, 0x6a, 0x7b, 0x7c, 0x7d, 0x79, 0x7b, 0x6e, 0x72, 0x86, 0x79, 0x85,
	0x86, 0x7d, 0x65, 0x93, 0x7f, 0x77, 0x8a, 0x6e, 0x98, 0x6e, 0x80, 0x71,
	0x94, 0x72, 0x81, 0x85, 0x72, 0x8f, 0x95, 0x85, 0x86, 0x8a, 0x90, 0x70,
	0x9a, 0x95, 0x7f, 0x7c, 0x6d, 0x7d, 0x7c, 0x89, 0x6b, 0x7c, 0x95, 0x98,
	0x8a, 0x87, 0x70, 0x6a, 0x92, 0x74, 0x8a, 0x81, 0x81, 0x7d, 0x8f, 0x7c,
	0x91, 0x74, 0x89, 0x70, 0x89, 0x87, 0x80, 0x87, 0x82, 0x6b, 0x6b, 0x86,
	0x92, 0x99, 0x87, 0x82, 0x82, 0x80, 0x70, 0x92, 0x88, 0x7a, 0x77, 0x78,
	0x85, 0x84, 0x73, 0x8c, 0x82, 0x87, 0x76, 0x83, 0x80, 0x73, 0x7f, 0x89,
	0x5f, 0x81, 0x80, 0x93, 0x7c, 0x5e, 0x81, 0x78, 0x7b, 0x70, 0x7e, 0x88,
	0x7f, 0x7c, 0x7d, 0x84, 0x85, 0x95, 0x94, 0x83, 0x7f, 0x6e, 0x97, 0x8f,
	0x7e, 0x80, 0x84, 0x6a, 0x7c, 0x88, 0x60, 0x70, 0x92, 0x66, 0x84, 0x8a,
	0x8e, 0x82, 0x7a, 0x7a, 0x80, 0x87, 0x7e, 0x8a, 0x7e, 0x7c, 0x8f, 0x7f,
	0x7f, 0x80, 0x69, 0x8c, 0x80, 0x7c, 0x79, 0x7c, 0x87, 0x79, 0x8d, 0x77,
	0x7c, 0x84, 0x78, 0x88, 0x8c, 0x88, 0x85, 0x9b, 0x7d, 0x7c, 0x79, 0x80,
	0x8c, 0x7b, 0x75, 0x82, 0x7f, 0x78, 0x79, 0x7a, 0x7c, 0x78, 0x78, 0x9b,
	0x85, 0x7e, 0x7f, 0x7c, 0x8d, 0x8f, 0x5e, 0x75, 0x70, 0x80, 0x84, 0x80,
	0x7f, 0x7d, 0x8c, 0x79, 0x86, 0x88, 0x7f, 0x73, 0x70, 0x7d, 0xa4, 0x7e,
	0x82, 0x77, 0x88, 0x99, 0x85, 0x78, 0x75, 0x89, 0x86, 0x93, 0x61, 0x81,
	0x7d, 0x81, 0x71, 0x71, 0x77, 0x94, 0x99, 0x9a, 0x89, 0x69, 0x9f, 0x7c,
	0x6f, 0x7d, 0x92, 0x9a, 0x65, 0x72, 0xa3, 0x5f, 0x90, 0x5c, 0x8d, 0x6c,
	0x81, 0x62, 0x3c, 0x75, 0x9d, 0x81, 0x71, 0x74, 0x70, 0x77, 0x61, 0x61,
	0x86, 0x82, 0x87, 0x78, 0x5b, 0x84, 0x7f, 0x7c, 0x6e, 0x7c, 0x73, 0x88,
	0x8d, 0x7e, 0x7e, 0x83, 0x6b, 0x7a, 0x75, 0x7b, 0x8c, 0x7b, 0x7a, 0x70,
	0x77, 0x83, 0x8e, 0x7e, 0x66, 0x7e, 0x77, 0x5f, 0x7d, 0x76, 0x82, 0x7f,
	0x7e, 0x76, 0x82, 0x6f, 0x7c, 0x65, 0x87, 0x6d, 0x87, 0x80, 0x6e, 0x77,
	0x94, 0x7e, 0x7c, 0x74, 0x64, 0x74, 0x7b, 0x7d, 0x77, 0x51, 0x74, 0x7d,
	0x8f, 0x79, 0x75, 0x92, 0x7b, 0x63, 0x7c, 0x8c, 0x8c, 0x87, 0x5e, 0x84,
	0x7c, 0x76, 0x7f, 0x8c, 0x91, 0x84, 0x6f, 0x89, 0x8b, 0x97, 0x67, 0x8a,
	0x71, 0x8a, 0x7a, 0x98, 0x93, 0x84, 0x8e, 0x81, 0x67, 0x69, 0x8a, 0x82,
	0x7a, 0x66, 0x77, 0x78, 0x90, 0x89, 0x88, 0x71, 0x8f, 0x65, 0x93, 0x6a,
	0x7b, 0x79, 0x81, 0x8d, 0x89, 0x7b, 0x67, 0x89, 0x8a, 0x61, 0x81, 0x84,
	0x78, 0x7b, 0x7a, 0x7a, 0x94, 0x81, 0x6b, 0x88, 0x64, 0x5e, 0x7a, 0x76,
	0x96, 0x50, 0x6e, 0xa3, 0x6d, 0x79, 0x94, 0x6f, 0x82, 0x8a, 0x7d, 0x7b,
	0x7f, 0x95, 0x6c, 0x57, 0x8e, 0x71, 0x8d, 0x83, 0x8e, 0x83, 0x97, 0x73,
	0x78, 0x60, 0x90, 0x53, 0x9e, 0x84, 0x7d, 0x66, 0x89, 0x7b, 0x65, 0x6a,
	0x91, 0x7d, 0x8b, 0x7e, 0x82, 0x80, 0x63, 0x9b, 0x7e, 0x81, 0x80, 0x5d,
	0x81, 0x79, 0x7a, 0x90, 0x79, 0x8a, 0x96, 0x6a, 0x6d, 0x94, 0x94, 0x87,
	0x7e, 0x73, 0x80, 0x57, 0x8b, 0x87, 0x7e, 0x80, 0x90, 0x73, 0x7d, 0x74,
	0x9c, 0x80, 0x62, 0x90, 0x76, 0x78, 0x78, 0x7d, 0x81, 0x75, 0x8b, 0x81,
	0x76, 0x7c, 0x85, 0x8b, 0x79, 0x77, 0x8a, 0x8c, 0x7d, 0x82, 0x70, 0x81,
	0x80, 0x77, 0x8a, 0x91, 0x8b, 0x75, 0x6e, 0x76, 0x74, 0x79, 0x84, 0x7c,
	0x7a, 0x6d, 0x75, 0x7b, 0x71, 0x7a, 0x7d, 0x64, 0x93, 0x85, 0x70, 0x91,
	0x80, 0x82, 0x78, 0x79, 0x77, 0x7a, 0x7b, 0x6b, 0x76, 0x84, 0x80, 0x72,
	0x8a, 0x77, 0x80, 0x7d, 0x93, 0x6c, 0x86, 0x88, 0x77, 0x6f, 0x7d, 0x90,
	0x83, 0x89, 0x81, 0x78, 0x8b, 0x89, 0x89, 0x63, 0x8e, 0x90, 0x69, 0x89,
	0x7a, 0x75, 0x7f, 0x7e, 0x7e, 0x6e, 0x7b, 0x8a, 0x83, 0x84, 0x76, 0x78,
	0x87, 0x80, 0x88, 0x6a, 0x85, 0x58, 0x7c, 0x75, 0x71, 0x89, 0x6c, 0x7b,
	0x90, 0x8d, 0x6c, 0x7f, 0x76, 0x7b, 0x76, 0x65, 0x8a, 0x78, 0x80, 0x7d,
	0x7c, 0x77, 0x6c, 0x73, 0x93, 0x77, 0x85, 0x7c, 0x96, 0x8f, 0x7f, 0x6e,
	0x7c, 0x91, 0x89, 0x93, 0x73, 0x81, 0x97, 0x6e, 0x87, 0x7f, 0x74, 0x74,
	0x7d, 0x6e, 0x6f, 0x75, 0x64, 0x7e, 0x74, 0x7a, 0x82, 0x8a, 0x8b, 0x66,
	0x77, 0x80, 0x6f, 0x7d, 0x7c, 0x79, 0x77, 0x74, 0x78, 0x8c, 0x7e, 0x6b,
	0x89, 0x83, 0x6b, 0x82, 0x75, 0x89, 0x86, 0x7a, 0x73, 0x81, 0x78, 0x93,
	0x7e, 0x6f, 0x7a, 0x87, 0x6e, 0x7e, 0x75, 0x83, 0x79, 0x90, 0x62, 0x55,
	0x7c, 0x85, 0x76, 0x88, 0x8a, 0x96, 0xb3, 0x86, 0x6b, 0x7f, 0x87, 0x7a,
	0x82, 0x62, 0x6a, 0x76, 0x81, 0x8f, 0x7e, 0x8c, 0x72, 0x81, 0x84, 0x7e,
	0x85, 0x8e, 0x71, 0x8c, 0x7e, 0x85, 0x5a, 0x78, 0x99, 0x3f, 0x9f, 0x7d,
	0x80, 0x75, 0x7b, 0x79, 0x88, 0x86, 0x62, 0x86, 0x63, 0x5f, 0x38, 0x7f,
	0xa4, 0x86, 0x85, 0x56, 0x7e, 0x83, 0x84, 0x7c, 0x80, 0x94, 0xaa, 0x8d,
	0x6e, 0xc3, 0x51, 0x8c, 0x88, 0x75, 0x88, 0x8a, 0x88, 0x82, 0x9b, 0x85,
	0x6f, 0x61, 0x6d, 0x62, 0x86, 0x80, 0x72, 0x80, 0x74, 0x7d, 0x95, 0x75,
	0x8c, 0x7b, 0x8e, 0x94, 0x8d, 0x81, 0x9a, 0x7c, 0x7c, 0x7e, 0x6e, 0x79,
	0x59, 0x63, 0x7e, 0x7b, 0x89, 0x80, 0x96, 0x85, 0x8a, 0x76, 0x77, 0x87,
	0x95, 0x6e, 0x7b, 0x7d, 0x85, 0x7b, 0x76, 0x85, 0x8b, 0x7f, 0x7c, 0x6b,
	0xc0, 0x82, 0x79, 0x6d, 0x78, 0x75, 0x72, 0x74, 0x6e, 0x78, 0x71, 0x82,
	0x90, 0x70, 0x63, 0x7b, 0x6b, 0x72, 0x8d, 0x7d, 0x7d, 0x88, 0x74, 0x85,
	0x75, 0x77, 0x77, 0x83, 0x83, 0x85, 0x64, 0x93, 0x79, 0x87, 0x77, 0x5a,
	0x7c, 0x79, 0x76, 0x80, 0x74, 0x7a, 0x85, 0x93, 0x77, 0x7c, 0x75, 0xa6,
	0x6b, 0x92, 0x76, 0x83, 0x7a, 0x87, 0x74, 0x7f, 0x86, 0x86, 0x57, 0x74,
	0x7a, 0x94, 0x80, 0x82, 0x69, 0x75, 0x74, 0x8c, 0x77, 0x5a, 0x81, 0x91,
	0x72, 0x7c, 0x93, 0x92, 0x92, 0x86, 0x8c, 0x7d, 0x80, 0x7c, 0x60, 0x56,
	0x8e, 0x82, 0x7c, 0x74, 0x7c, 0x73, 0x7b, 0x89, 0x70, 0xa1, 0x73, 0x77,
	0x69, 0x5e, 0x82, 0x81, 0x82, 0x75, 0x7e, 0x82, 0x93, 0x80, 0x7e, 0x91,
	0x6b, 0x60, 0x7e, 0x85, 0x86, 0x7d, 0x8c, 0x63, 0x74, 0x6e, 0x88, 0x7a,
	0x90, 0x7d, 0x81, 0x66, 0x86, 0x7e, 0x56, 0xb5, 0x6e, 0x84, 0x88, 0x78,
	0x7d, 0x76, 0x77, 0x88, 0x58, 0x94, 0x83, 0x8a, 0x91, 0x86, 0x79, 0x84,
	0x90, 0x58, 0x72, 0x6d, 0x8c, 0x83, 0x84, 0x82, 0x83, 0x8a, 0x7c, 0x66,
	0xb4, 0x82, 0x78, 0x86, 0x70, 0x7f, 0x7a, 0x79, 0x74, 0x6c, 0x92, 0x73,
	0x7e, 0x6b, 0x7d, 0x6f, 0x7e, 0x7f, 0x8b, 0x93, 0x79, 0x84, 0x67, 0x87,
	0x78, 0x73, 0x7f, 0x7e, 0x77, 0x73, 0x89, 0x77, 0x74, 0x7a, 0x69, 0x7f,
	0x7d, 0x77, 0x6a, 0x7c, 0x6d, 0x7d, 0x74, 0x60, 0x76, 0x81, 0x82, 0x84,
	0x7a, 0x7c, 0x78, 0x72, 0x74, 0x87, 0x75, 0x7d, 0x86, 0x74, 0x7e, 0x6e,
	0x7b, 0x87, 0x74, 0x75, 0x75, 0x95, 0x7f, 0x6e, 0x8b, 0x77, 0x92, 0x7a,
	0x74, 0x6b, 0x7a, 0x6d, 0x7d, 0x8b, 0x8a, 0x81, 0x6f, 0x66, 0x68, 0x81,
	0x80, 0x6b, 0x76, 0x9b, 0x76, 0x74, 0x78, 0x86, 0x7e, 0x74, 0x9c, 0x9d,
	0x57, 0x89, 0x68, 0x66, 0x88, 0x74, 0x86, 0x75, 0x91, 0x70, 0x7b, 0x65,
	0x78, 0x72, 0x6c, 0x62, 0x89, 0x70, 0x78, 0x71, 0x8d, 0x76, 0x62, 0x65,
	0x92, 0x85, 0x7c, 0x91, 0x71, 0x77, 0x91, 0x93, 0x84, 0x74, 0x80, 0x52,
	0x72, 0x63, 0x98, 0x7f, 0x7e, 0x6c, 0x86, 0x63, 0x95, 0x8f, 0x6b, 0x73,
	0x8b, 0x77, 0x8d, 0x81, 0x71, 0x65, 0x7d, 0x89, 0x81, 0x8c, 0x83, 0x6f,
	0x80, 0x7f, 0x85, 0x82, 0x88, 0x7a, 0x80, 0x84, 0x74, 0x76, 0x8b, 0x79,
	0x7f, 0x7b, 0x77, 0x8f, 0x8c, 0x77, 0x7d, 0x8f, 0x74, 0x89, 0x77, 0x71,
	0x78, 0x73, 0x89, 0x8e, 0x78, 0x81, 0x66, 0x6f, 0x81, 0x73, 0x70, 0x7c,
	0x75, 0x7e, 0x70, 0x79, 0x75, 0x7c, 0x80, 0x9a, 0x88, 0x87, 0x7a, 0x7f,
	0x86, 0x8e, 0x62, 0x85, 0x71, 0x84, 0x7c, 0x7f, 0x66, 0x5f, 0x7b, 0x7e,
	0x82, 0x75, 0x7b, 0x83, 0x87, 0x75, 0x85, 0x79, 0x81, 0x8b, 0x70, 0x81,
	0x72, 0x6e, 0x72, 0x79, 0x69, 0x93, 0x88, 0x77, 0x76, 0x7c, 0x65, 0x87,
	0x8a, 0x77, 0x8f, 0x84, 0x73, 0x7c, 0x80, 0x75, 0x6f, 0x8e, 0x81, 0x78,
	0x78, 0x70, 0x7c, 0x62, 0x7b, 0x63, 0x6b, 0x71, 0x6f, 0x70, 0x8c, 0x64,
	0x72, 0x7a, 0x74, 0x76, 0x81, 0x88, 0x6f, 0x8e, 0x84, 0x71, 0x80, 0x6c,
	0x78, 0x79, 0x67, 0x88, 0x8d, 0x77, 0x7d, 0x7e, 0x81, 0x75, 0x71, 0x81,
	0x75, 0x7b, 0x77, 0x75, 0x69, 0x8b, 0x7a, 0x66, 0x7e, 0x78, 0x6f, 0x63,
	0x77, 0x6f, 0x72, 0x75, 0x80, 0x7a, 0x64, 0x90, 0x77, 0x7a, 0x8e, 0x6c,
	0xc6, 0x80, 0x7a, 0x7c, 0x67, 0x6d, 0x74, 0x6d, 0x86, 0x87, 0x85, 0x63,
	0x8a, 0x79, 0x7b, 0x7d, 0x7a, 0x83, 0x91, 0x87, 0x7a, 0x88, 0x62, 0x7c,
	0x79, 0x8a, 0x75, 0x67, 0x7c, 0x84, 0x7c, 0x88, 0x87, 0x8b, 0x71, 0x6b,
	0x66, 0x85, 0x80, 0x80, 0x60, 0x70, 0x62, 0x88, 0x8f, 0x6b, 0x7c, 0x8b,
	0x7d, 0x7a, 0x6d, 0x98, 0x81, 0x8c, 0x7e, 0x71, 0x76, 0x85, 0x89, 0x6c,
	0x88, 0x8c, 0x7c, 0x83, 0x6d, 0x77, 0xa7, 0x72, 0x73, 0x84, 0x88, 0x83,
	0x6d, 0x75, 0x7a, 0x74, 0x85, 0x70, 0x88, 0x80, 0x78, 0x81, 0x61, 0x7a,
	0x7f, 0x7f, 0x88, 0x83, 0x7c, 0x7f, 0x8b, 0x80, 0x58, 0x84, 0x88, 0x99,
	0x68, 0x6c, 0x5c, 0x6e, 0x81, 0x90, 0x81, 0x77, 0x8f, 0x71, 0x7d, 0x84,
	0x80, 0x7f, 0x70, 0x8d, 0x85, 0x7c, 0x89, 0x91, 0x7c, 0x6d, 0x88, 0x8d,
	0x7d, 0x8c, 0x8e, 0x69, 0x84, 0x72, 0x7f, 0x89, 0x67, 0x8d, 0x72, 0x7f,
	0x5f, 0x5f, 0xaa, 0x8f, 0x9b, 0x79, 0x82, 0x72, 0x90, 0x93, 0x8a, 0x7d,
	0x5f, 0x6c, 0x7c, 0x77, 0x70, 0x89, 0x8a, 0x7f, 0x78, 0x7c, 0x7f, 0x6a,
	0x9e, 0x80, 0x7f, 0x75, 0x81, 0x7c, 0x7b, 0x84, 0x7d, 0x87, 0x85, 0x89,
	0x7c, 0x7e, 0x65, 0x5c, 0x6f, 0x86, 0x81, 0x72, 0x70, 0x8b, 0x8a, 0x79,
	0x73, 0x85, 0x61, 0x7a, 0x76, 0x70, 0x7f, 0x81, 0x82, 0x7c, 0x5b, 0x5f,
	0x8c, 0x72, 0x7d, 0x7d, 0x75, 0x85, 0x82, 0x6a, 0x94, 0x77, 0x8a, 0x67,
	0x7d, 0x73, 0x8b, 0x85, 0x89, 0x65, 0x82, 0x76, 0x84, 0x7f, 0x71, 0x7a,
	0x7e, 0x8e, 0x6c, 0x81, 0x79, 0x7b, 0x87, 0x76, 0x6f, 0x75, 0x88, 0x77,
	0x81, 0x6c, 0x7b, 0x6e, 0x80, 0x80, 0x78, 0x76, 0x70, 0x70, 0x60, 0x7d,
	0x71, 0x7e, 0x74, 0x6c, 0x82, 0x83, 0x71, 0x81, 0x7f, 0x6c, 0x69, 0x88,
	0x74, 0x84, 0x8d, 0x7c, 0x8b, 0x77, 0x8d, 0x85, 0x72, 0x88, 0x6d, 0x80,
	0x6c, 0x85, 0x88, 0x75, 0x8e, 0x74, 0x5f, 0x6d, 0x77, 0x73, 0x84, 0x7c,
	0x86, 0x71, 0x80, 0x8a, 0x80, 0x86, 0x70, 0x7d, 0x7d, 0x66, 0x91, 0x81,
	0x7c, 0x87, 0x77, 0x82, 0x76, 0x64, 0x80, 0x79, 0x6a, 0x79, 0x94, 0x81,
	0x8c, 0x89, 0x7c, 0x81, 0x75, 0x89, 0x6c, 0x90, 0x64, 0x72, 0x77, 0x86,
	0x59, 0x7f, 0x89, 0x7e, 0x83, 0x7c, 0x7f, 0x81, 0x6a, 0x7a, 0x78, 0x64,
	0x84, 0x8b, 0x77, 0x76, 0x6d, 0x7e, 0x6e, 0x7f, 0x7c, 0x73, 0x81, 0x80,
	0x82, 0x77, 0x6e, 0x72, 0x91, 0x71, 0x81, 0x79, 0x7f, 0x8f, 0x53, 0x7a,
	0x88, 0x7a, 0x75, 0x78, 0x92, 0x70, 0x7e, 0x7b, 0x85, 0x58, 0x7f, 0x7c,
	0x7b, 0x8b, 0x7d, 0x6a, 0x83, 0x78, 0x83, 0x81, 0x86, 0x60, 0x71, 0x68,
	0x76, 0x7b, 0x7f, 0x74, 0x87, 0x7e, 0x86, 0x7a, 0x7f, 0x89, 0x6f, 0x80,
	0x6d, 0x69, 0x80, 0x7b, 0x71, 0x84, 0x75, 0x8a, 0x55, 0x6f, 0x74, 0x7d,
	0x8a, 0x8e, 0x79, 0x76, 0x60, 0x67, 0x86, 0x5b, 0x83, 0x9a, 0x6f, 0x82,
	0x70, 0x80, 0x70, 0x71, 0x8a, 0x81, 0x89, 0x6e, 0x85, 0x71, 0x96, 0x64,
	0x76, 0x84, 0x8c, 0x6f, 0x73, 0x97, 0x68, 0x76, 0x6b, 0x8b, 0x91, 0x71,
	0x82, 0x87, 0x7c, 0x77, 0x8e, 0x7c, 0x79, 0x80, 0x77, 0x88, 0x8c, 0x79,
	0x86, 0x7b, 0x79, 0x84, 0x7d, 0x88, 0x9b, 0x60, 0x7e, 0x6f, 0x82, 0x6d,
	0x82, 0x7f, 0x84, 0x81, 0x78, 0x83, 0x7b, 0x7f, 0x71, 0x81, 0x4e, 0x7d,
	0x0c, 0x82, 0x82, 0x7e, 0x7d, 0x82, 0x7d, 0x7f, 0x67, 0x78, 0x6b, 0x6d,
	0x7d, 0x7a, 0x74, 0x7c, 0x57, 0x80, 0x77, 0x72, 0x7b, 0x86, 0x7a, 0x76,
	0x71, 0x73, 0x91, 0x81, 0x77, 0x81, 0x88, 0x6b, 0x89, 0x85, 0x87, 0x88,
	0x97, 0x7b, 0x7c, 0x9b, 0x77, 0x8c, 0x98, 0x8a, 0x62, 0x8a, 0x7b, 0x72,
	0x94, 0x81, 0x83, 0xa9, 0x8b, 0x87, 0x69, 0x84, 0x83, 0x82, 0x8f, 0x84,
	0x77, 0x6f, 0x7a, 0x67, 0x9b, 0x75, 0x66, 0x86, 0x83, 0x6c, 0x7a, 0x75,
	0x87, 0x7c, 0x88, 0x6c, 0x97, 0x6a, 0x7e, 0x74, 0x6f, 0x7b, 0x86, 0x51,
	0x91, 0x8b, 0x80, 0x76, 0x7c, 0x92, 0x73, 0x79, 0x7e, 0x64, 0x83, 0x69,
	0x9a, 0x8b, 0x9a, 0x95, 0x81, 0x84, 0x64, 0x85, 0x79, 0x67, 0x90, 0x7f,
	0x6c, 0x8a, 0x88, 0x84, 0x95, 0x89, 0x87, 0x8a, 0x8d, 0x7b, 0x8a, 0x91,
	0x5d, 0x8d, 0x85, 0x85, 0x79, 0x79, 0x96, 0x6e, 0x68, 0x6a, 0x78, 0x67,
	0x7e, 0x7e, 0x78, 0x5a, 0x70, 0x72, 0x97, 0x85, 0x7c, 0x7d, 0x79, 0x8a,
	0x6f, 0x55, 0x5f, 0x88, 0x89, 0x77, 0x78, 0x6f, 0x8a, 0x75, 0x66, 0x83,
	0x60, 0x7e, 0x73, 0x80, 0x7f, 0x71, 0x76, 0x76, 0x54, 0x88, 0x82, 0x96,
	0x92, 0x88, 0x8c, 0x7c, 0x9c, 0x81, 0x85, 0x85, 0x6d, 0x89, 0x7f, 0x80,
	0x8a, 0x7a, 0x90, 0x61, 0x82, 0x77, 0x7e, 0x6b, 0x8c, 0x7d, 0x7e, 0x85,
	0x82, 0x74, 0x7c, 0x7f, 0x7a, 0x8c, 0x8a, 0x8d, 0x71, 0x6d, 0x7b, 0x84,
	0x71, 0x68, 0x76, 0x67, 0x7f, 0x7a, 0x85, 0x80, 0x96, 0x53, 0x84, 0x95,
	0x84, 0x79, 0x96, 0x87, 0x87, 0x85, 0x7e, 0x91, 0x83, 0x6a, 0x97, 0x81,
	0x66, 0x6f, 0x6c, 0x78, 0x80, 0x93, 0x7c, 0x78, 0x6b, 0x66, 0x93, 0x88,
	0x8b, 0x8a, 0x83, 0x84, 0x68, 0x84, 0x86, 0x6b, 0x80, 0x8e, 0x86, 0x81,
	0x69, 0x85, 0x70, 0x61, 0x92, 0x5b, 0x6f, 0x64, 0x7a, 0x96, 0x7e, 0x70,
	0x80, 0x3f, 0x8f, 0x4c, 0x90, 0x7f, 0x85, 0x7a, 0x7a, 0x76, 0x84, 0x89,
	0x77, 0x8c, 0x85, 0x7b, 0x88, 0x7a, 0x78, 0x71, 0x91, 0x84, 0x76, 0x78,
	0x6d, 0x82, 0x7a, 0x7d, 0x8d, 0x79, 0x81, 0x7b, 0x73, 0x79, 0x7a, 0x60,
	0x85, 0x80, 0x8d, 0x72, 0x71, 0x94, 0x6c, 0x88, 0x79, 0x88, 0x7d, 0x82,
	0x41, 0x80, 0x73, 0x7f, 0x8a, 0x7e, 0x7d, 0x7e, 0x84, 0x85, 0x58, 0x7b,
	0x6a, 0x75, 0x59, 0x68, 0x9c, 0x76, 0x71, 0x60, 0x71, 0x71, 0x9b, 0x64,
	0x79, 0x71, 0x9e, 0x83, 0x78, 0x87, 0x8d, 0x71, 0x78, 0x74, 0x73, 0x8c,
	0x84, 0x7c, 0x78, 0x85, 0x84, 0x93, 0x91, 0x84, 0x86, 0x7d, 0x8d, 0x7c,
	0x8a, 0x90, 0x7f, 0x7d, 0x84, 0x8b, 0x72, 0x8f, 0x7b, 0x91, 0x80, 0x92,
	0x67, 0x7b, 0x60, 0x64, 0x64, 0x72, 0x66, 0x7a, 0x8a, 0x93, 0x8b, 0x6a,
	0x83, 0x6c, 0x72, 0x76, 0x88, 0x8a, 0x61, 0x7e, 0x75, 0x5c, 0x81, 0x78,
	0x79, 0x81, 0x7e, 0x72, 0x76, 0x8d, 0x7b, 0x84, 0x7b, 0x81, 0x88, 0x6a,
	0x89, 0x85, 0x81, 0x78, 0x72, 0x8b, 0x5c, 0x7c, 0x79, 0x88, 0x85, 0x69,
	0x86, 0x6e, 0x84, 0x85, 0x9a, 0x7e, 0x83, 0x93, 0x89, 0x75, 0x93, 0x7e,
	0x75, 0x8c, 0x8c, 0xa0, 0x8b, 0x91, 0x88, 0x70, 0x8e, 0x68, 0x88, 0x80,
	0x88, 0x7a, 0x8a, 0x87, 0x6f, 0x7d, 0x7a, 0x64, 0x72, 0x71, 0x7a, 0x8b,
	0x93, 0x89, 0x84, 0x97, 0x68, 0x64, 0x8e, 0x5e, 0x68, 0x65, 0x79, 0x8b,
	0xb6, 0x80, 0x7e, 0x72, 0x8e, 0x88, 0x7e, 0x7e, 0x89, 0x77, 0x6f, 0x7b,
	0x82, 0x80, 0x7f, 0x7b, 0x7c, 0x7f, 0x77, 0x7b, 0x6c, 0x82, 0x7b, 0x87,
	0x7d, 0x6f, 0x7b, 0x73, 0x74, 0x7c, 0x75, 0x6f, 0x77, 0x6d, 0x7e, 0x6b,
	0x70, 0x74, 0x7c, 0x71, 0x80, 0x82, 0x7e, 0x6c, 0x84, 0x6f, 0x7a, 0x74,
	0x6e, 0x7a, 0x7e, 0x7e, 0x79, 0x6f, 0x7b, 0x8e, 0x7d, 0x83, 0x80, 0x85,
	0x78, 0x70, 0x6f, 0x6b, 0x8c, 0x8e, 0x7d, 0x73, 0x7e, 0x72, 0x8c, 0x8a,
	0x74, 0x86, 0x86, 0x75, 0x7f, 0x58, 0x6e, 0x6b, 0x63, 0x6d, 0x80, 0x84,
	0x87, 0x83, 0x86, 0x7a, 0x73, 0x8b, 0x6d, 0x8a, 0x75, 0x71, 0x7b, 0x95,
	0x79, 0x87, 0x69, 0x67, 0x75, 0x8a, 0x8e, 0x73, 0x8e, 0x95, 0x83, 0x81,
	0x7a, 0x87, 0x85, 0x69, 0x7b, 0x86, 0x7b, 0x77, 0x85, 0x74, 0x76, 0x8d,
	0x72, 0x82, 0x83, 0x73, 0x74, 0x74, 0x89, 0x6e, 0x6b, 0x6f, 0x85, 0x6d,
	0x80, 0x7a, 0x7e, 0x75, 0x8f, 0x6c, 0x72, 0x84, 0x7d, 0x83, 0x81, 0x78,
	0x65, 0x70, 0x7c, 0x81, 0x8a, 0x8b, 0x75, 0x83, 0x85, 0x85, 0x85, 0x84,
	0x5b, 0x7f, 0x66, 0x89, 0x9e, 0x77, 0x82, 0x7d, 0x83, 0x8e, 0x91, 0x77,
	0x73, 0x7a, 0x70, 0x86, 0x73, 0x7b, 0x75, 0x70, 0x7e, 0x77, 0x6f, 0x7a,
	0x87, 0x72, 0x88, 0x89, 0x70, 0x7f, 0x85, 0x7b, 0x7b, 0x88, 0x86, 0x83,
	0x7b, 0x7f, 0x85, 0x87, 0x75, 0x83, 0x87, 0x7e, 0x75, 0x83, 0x7e, 0x81,
	0x7d, 0x7a, 0x87, 0x79, 0x84, 0x7f, 0x80, 0x73, 0x87, 0x77, 0x85, 0x6a,
	0x85, 0x74, 0x86, 0x5d, 0x71, 0x7a, 0x79, 0x79, 0x7f, 0x6d, 0x7d, 0x81,
	0x80, 0x83, 0x71, 0x6c, 0x7e, 0x83, 0x90, 0x8b, 0x83, 0x8c, 0x88, 0x7f,
	0x8e, 0x7e, 0x75, 0x8c, 0x79, 0x79, 0x6d, 0x88, 0x7b, 0x83, 0x8b, 0x83,
	0x70, 0x83, 0x71, 0x8c, 0x6c, 0x7b, 0x70, 0x7d, 0x86, 0x7d, 0x88, 0x78,
	0x75, 0x86, 0x6b, 0x79, 0x77, 0x6d, 0x76, 0x84, 0x8e, 0x81, 0x79, 0x79,
	0x80, 0x7b, 0x7c, 0x81, 0x79, 0x7f, 0x85, 0x83, 0x78, 0x77, 0x82, 0x74,
	0x7e, 0x7f, 0x87, 0x82, 0x6f, 0x81, 0x8c, 0x73, 0x89, 0x7f, 0x75, 0x87,
	0x71, 0x77, 0x80, 0x79, 0x7c, 0x7c, 0x8f, 0x75, 0x6d, 0x6c, 0x82, 0x8d,
	0x4f, 0x7f, 0x76, 0x8a, 0x85, 0x82, 0x75, 0x87, 0x77, 0x66, 0x91, 0x7d,
	0x8c, 0x69, 0xa0, 0x7c, 0x7e, 0x7f, 0x85, 0x91, 0x88, 0x71, 0x6b, 0x83,
	0x80, 0x90, 0x7d, 0x63, 0x90, 0x7e, 0x94, 0x89, 0x7f, 0x75, 0x65, 0x78,
	0x8d, 0x7d, 0x89, 0x87, 0x7c, 0x8d, 0x8d, 0x78, 0x8c, 0x86, 0x8c, 0x7b,
	0x87, 0x76, 0x86, 0x74, 0x82, 0x91, 0x7c, 0x86, 0x77, 0x79, 0x9b, 0x82,
	0x83, 0x81, 0x85, 0x8e, 0x7a, 0x79, 0x6e, 0x76, 0x87, 0x83, 0x85, 0x6e,
	0x50, 0x82, 0x83, 0x79, 0x72, 0x90, 0x60, 0x8f, 0x85, 0x73, 0x89, 0x83,
	0x8e, 0x6d, 0xa7, 0x5d, 0x87, 0x55, 0x83, 0x63, 0x88, 0x7a, 0x77, 0x73,
	0x77, 0x91, 0x7e, 0x75, 0x6a, 0x75, 0x73, 0x83, 0x74, 0x85, 0x77, 0x8a,
	0x70, 0x7a, 0x83, 0x7b, 0x8e, 0x6c, 0x6a, 0x8b, 0x8d, 0x8b, 0x74, 0x8d,
	0x73, 0x8b, 0x83, 0x7e, 0x89, 0x76, 0x7d, 0x77, 0x95, 0x6f, 0x76, 0x8a,
	0x70, 0x75, 0x6b, 0x78, 0x90, 0x93, 0x57, 0x53, 0x62, 0x7c, 0x8d, 0x88,
	0x8d, 0x92, 0x7d, 0x81, 0x74, 0x80, 0x8b, 0x7b, 0x89, 0x74, 0x7b, 0x72,
	0xbe, 0x7f, 0x7c, 0x72, 0x80, 0x7f, 0x7c, 0x7a, 0x7d, 0x89, 0x90, 0x77,
	0x73, 0x7a, 0x7c, 0x6c, 0x82, 0x79, 0x8c, 0x80, 0x81, 0x8c, 0x70, 0x64,
	0x80, 0x81, 0x95, 0x80, 0x84, 0x76, 0x84, 0x7b, 0x81, 0x79, 0x6a, 0x65,
	0x7d, 0x7d, 0x7a, 0x86, 0x7f, 0x86, 0x97, 0x9f, 0x76, 0x67, 0x83, 0x9b,
	0x73, 0x7d, 0x7a, 0x83, 0x8c, 0x76, 0x81, 0x74, 0x78, 0x79, 0x6b, 0x7d,
	0x7a, 0x7c, 0x70, 0x70, 0x7c, 0x84, 0x7b, 0x8f, 0x6e, 0x70, 0x8f, 0x6b,
	0x71, 0x7d, 0x7b, 0x86, 0x82, 0x7b, 0x7f, 0x80, 0x6e, 0x7c, 0x71, 0x69,
	0x81, 0x7f, 0x82, 0x87, 0x8d, 0x7e, 0x81, 0x5f, 0x6f, 0x70, 0x69, 0x77,
	0x67, 0x89, 0x73, 0x7e, 0x81, 0x83, 0x85, 0x7e, 0x8f, 0x73, 0x8e, 0x81,
	0x8a, 0x5d, 0x76, 0x75, 0x95, 0x79, 0x82, 0x7e, 0x7c, 0x70, 0x6e, 0x71,
	0x7a, 0x76, 0x6b, 0x81, 0x7e, 0x7c, 0x75, 0x77, 0x75, 0x82, 0x8c, 0x6d,
	0x7c, 0x82, 0x6d, 0x7c, 0x71, 0x68, 0x78, 0x69, 0x89, 0x7d, 0x8b, 0x73,
	0x82, 0x63, 0x6b, 0x7f, 0x7a, 0x7b, 0x6f, 0x7a, 0x85, 0x7e, 0x80, 0x72,
	0x50, 0x81, 0x6f, 0x8e, 0x6e, 0x76, 0x7e, 0x7e, 0x89, 0x6f, 0x5d, 0x70,
	0x7f, 0x82, 0x80, 0x75, 0x74, 0x8a, 0x81, 0x69, 0x69, 0x8b, 0x74, 0x77,
	0x84, 0x8b, 0x7d, 0x5a, 0x75, 0x91, 0x7d, 0x88, 0x7d, 0x6b, 0x7b, 0x7f,
	0x78, 0x96, 0x8a, 0x82, 0x6c, 0x7f, 0x5e, 0x81, 0x6b, 0x75, 0x84, 0x88,
	0x8a, 0x77, 0x79, 0x87, 0x8d, 0x8c, 0x92, 0x95, 0x80, 0x8b, 0x95, 0x79,
	0x58, 0x80, 0x62, 0x6d, 0x7b, 0x7c, 0x63, 0x65, 0x72, 0x6c, 0x8e, 0x84,
	0x99, 0x8e, 0x76, 0x7e, 0x77, 0x72, 0x8b, 0x86, 0x79, 0x85, 0x7d, 0x70,
	0x93, 0x79, 0x7d, 0x86, 0x81, 0x8e, 0x63, 0x7b, 0x68, 0x67, 0x84, 0x83,
	0x80, 0x91, 0x5d, 0x8c, 0x80, 0x81, 0x94, 0x8c, 0x82, 0x74, 0x83, 0x8e,
	0x8b, 0x94, 0x79, 0x9d, 0x7a, 0x73, 0x83, 0x6b, 0x83, 0x81, 0x77, 0x8a,
	0x7e, 0x64, 0x78, 0x7c, 0x6b, 0x8a, 0x66, 0x6f, 0x7a, 0x6f, 0x70, 0x57,
	0x6f, 0x57, 0x88, 0x99, 0x96, 0x8a, 0x6b, 0x8b, 0x8c, 0x79, 0x80, 0x79,
	0x54, 0x70, 0x60, 0x8e, 0x76, 0x80, 0x98, 0x85, 0x6b, 0x6b, 0x92, 0x76,
	0x57, 0x83, 0x6e, 0x87, 0x78, 0x84, 0x70, 0x76, 0x82, 0x62, 0x92, 0x89,
	0x92, 0x5c, 0x84, 0x88, 0x79, 0x7b, 0x6e, 0xa2, 0x8a, 0x88, 0x67, 0x87,
	0x70, 0x81, 0x6d, 0x71, 0x7c, 0x7c, 0x79, 0x77, 0x81, 0x76, 0x8d, 0x82,
	0x83, 0x79, 0x77, 0x82, 0x8f, 0x85, 0x76, 0x77, 0x81, 0x83, 0x75, 0x7f,
	0x5f, 0x83, 0x93, 0x74, 0x7b, 0x71, 0x82, 0x7a, 0x7d, 0x68, 0x9b, 0x6b,
	0x80, 0x7a, 0xa3, 0xa0, 0x6b, 0x70, 0x7b, 0x77, 0x60, 0x7c, 0x76, 0x6f,
	0x92, 0x79, 0x82, 0x72, 0x76, 0x92, 0x81, 0x85, 0x8d, 0x80, 0x9b, 0x71,
	0x6e, 0x66, 0x6e, 0xa9, 0x62, 0x6e, 0x92, 0x7f, 0x8b, 0x84, 0x83, 0x7f,
	0x78, 0x6f, 0x8b, 0x71, 0x87, 0x70, 0x75, 0x6c, 0x6b, 0x57, 0x80, 0x6b,
	0x74, 0x7c, 0x94, 0x85, 0x6f, 0x72, 0x67, 0x98, 0x97, 0x82, 0x74, 0x71,
	0x75, 0x96, 0x7e, 0x7b, 0x95, 0x6b, 0x67, 0x74, 0x79, 0x86, 0x68, 0x83,
	0x8a, 0x89, 0x69, 0x75, 0x85, 0x6a, 0x72, 0x88, 0x80, 0x81, 0x7c, 0x6f,
	0x92, 0x7b, 0x81, 0x79, 0x6d, 0x6f, 0x88, 0x72, 0x8d, 0x8c, 0x93, 0x95,
	0x47, 0x81, 0x79, 0x82, 0x82, 0x84, 0x7d, 0x74, 0x7d, 0x7c, 0x71, 0x7d,
	0x7c, 0x66, 0x83, 0x5b, 0x79, 0x68, 0x7a, 0x73, 0x7f, 0x88, 0x89, 0x65,
	0x8a, 0x59, 0x71, 0x91, 0x5b, 0x6e, 0x99, 0x79, 0x3a, 0x5b, 0x84, 0x74,
	0x8d, 0x5f, 0x59, 0x59, 0x69, 0x86, 0x81, 0x6e, 0x7c, 0x84, 0x8e, 0x7f,
	0x72, 0x76, 0x73, 0x82, 0x6e, 0x80, 0x7b, 0x91, 0x81, 0x77, 0x70, 0xa2,
	0x7e, 0x87, 0x75, 0x83, 0x86, 0x9a, 0x82, 0x77, 0x73, 0x6e, 0x98, 0x78,
	0x84, 0x8e, 0x6a, 0x60, 0x77, 0x7d, 0x77, 0x85, 0x81, 0x83, 0x7a, 0x80,
	0x5e, 0x8a, 0x75, 0x6b, 0x86, 0x8e, 0x5d, 0x85, 0x86, 0x8d, 0x8e, 0x9f,
	0x4d, 0x94, 0x82, 0x87, 0x5f, 0x8a, 0x87, 0x8b, 0x67, 0x5a, 0x43, 0x9c,
	0x86, 0x7e, 0x5a, 0x72, 0x8d, 0x8a, 0x81, 0x84, 0x94, 0x90, 0x76, 0x8f,
	0x9d, 0x76, 0x62, 0x8d, 0x6f, 0x82, 0x83, 0x7c, 0x7a, 0x55, 0x8d, 0x7f,
	0x74, 0x7c, 0x8d, 0x81, 0x8a, 0x5a, 0x83, 0x87, 0x8d, 0x8d, 0x34, 0x9e,
	0x90, 0x83, 0x89, 0x74, 0x78, 0x7d, 0x68, 0x8a, 0x72, 0x7a, 0x89, 0x7b,
	0x9f, 0x7f, 0x7e, 0x6b, 0x80, 0x84, 0x78, 0x7a, 0x5a, 0x89, 0x7f, 0x95,
	0x6b, 0x7b, 0x83, 0x63, 0x76, 0x72, 0x7a, 0x7b, 0x7b, 0x7e, 0x7b, 0x6b,
	0x72, 0x84, 0x7d, 0x80, 0x67, 0x76, 0x75, 0x7a, 0x79, 0x7b, 0x8d, 0x90,
	0x6f, 0x88, 0x7f, 0x73, 0x85, 0x82, 0x7e, 0x84, 0x7f, 0x80, 0x75, 0x86,
	0x77, 0x85, 0x74, 0x79, 0x7c, 0x7c, 0x8e, 0x67, 0x91, 0x81, 0x6f, 0x81,
	0x7a, 0x79, 0x92, 0x71, 0x84, 0x69, 0x84, 0x84, 0x76, 0x74, 0x82, 0x78,
	0x65, 0x71, 0x79, 0x68, 0x80, 0x7c, 0x7c, 0x78, 0x76, 0x73, 0x7b, 0x66,
	0x6b, 0x82, 0x6d, 0x70, 0x85, 0x82, 0x80, 0x56, 0x7a, 0x87, 0x6c, 0x55,
	0x9b, 0x73, 0x8f, 0x82, 0x8a, 0x85, 0x90, 0x8b, 0x92, 0x72, 0x8e, 0x87,
	0x73, 0x70, 0x8b, 0x78, 0x8d, 0x71, 0x75, 0x84, 0x6e, 0x70, 0x63, 0x76,
	0x7a, 0x81, 0x7b, 0x76, 0x77, 0x82, 0x69, 0x7b, 0x72, 0x72, 0x8e, 0x81,
	0x79, 0x83, 0x74, 0x80, 0x6e, 0x6f, 0x81, 0x92, 0x72, 0x77, 0x7f, 0x8b,
	0x94, 0x80, 0x46, 0x6a, 0x72, 0x71, 0x7e, 0x77, 0x77, 0x7f, 0x69, 0x7b,
	0x7b, 0x81, 0x54, 0x7f, 0x7d, 0x6a, 0x72, 0x73, 0x80, 0x98, 0x8c, 0x8d,
	0x89, 0x68, 0x96, 0x6b, 0x9d, 0x5b, 0x93, 0x91, 0x72, 0x87, 0x69, 0x7b,
	0x77, 0x67, 0x82, 0x8b, 0x73, 0x75, 0x86, 0x69, 0x82, 0x88, 0x7e, 0x82,
	0x83, 0x6c, 0x71, 0x6c, 0x67, 0x6e, 0x89, 0x96, 0x97, 0x74, 0x73, 0x5c,
	0x78, 0x78, 0x69, 0x93, 0x66, 0x61, 0x9c, 0x7b, 0x95, 0x6d, 0x83, 0x85,
	0x94, 0x67, 0x8e, 0x81, 0x90, 0x83, 0xa6, 0x76, 0x7d, 0x86, 0x89, 0x67,
	0x8e, 0x88, 0x7b, 0x81, 0x7b, 0x79, 0x6e, 0x77, 0x8b, 0x8e, 0x73, 0x8e,
	0x82, 0x8d, 0x8b, 0x7e, 0x64, 0x82, 0x77, 0x91, 0x7f, 0x8e, 0x54, 0x8a,
	0x91, 0x7a, 0xa2, 0x90, 0x74, 0x9b, 0x77, 0x83, 0x75, 0x87, 0x6b, 0x8c,
	0x8b, 0x94, 0x68, 0x86, 0x9a, 0x7c, 0x79, 0x8e, 0x8e, 0x84, 0x64, 0x76,
	0x5a, 0x82, 0x7c, 0x7b, 0x6a, 0x8e, 0x72, 0x7c, 0x7d, 0x8a, 0x92, 0x92,
	0x7b, 0x94, 0x8d, 0x6f, 0x8f, 0x7f, 0x70, 0x82, 0x6b, 0x64, 0x6a, 0x80,
	0x81, 0x89, 0x82, 0x79, 0x70, 0x84, 0x6d, 0x81, 0x85, 0x8e, 0x99, 0x81,
	0x8e, 0x83, 0x71, 0x9d, 0x74, 0x83, 0x7c, 0x7d, 0x82, 0x83, 0x79, 0x89,
	0x82, 0x71, 0x6f, 0x75, 0x78, 0x83, 0x7f, 0x69, 0x78, 0x83, 0x97, 0x7f,
	0x82, 0x87, 0x76, 0x81, 0x72, 0x86, 0x75, 0x86, 0x81, 0x7f, 0x7c, 0x74,
	0x73, 0x76, 0x82, 0x80, 0x82, 0x85, 0x91, 0x6f, 0x86, 0x84, 0x78, 0x80,
	0x75, 0x66, 0x90, 0x7f, 0x6d, 0x82, 0x7e, 0x6f, 0x73, 0x7a, 0x78, 0x6d,
	0x68, 0x7e, 0x6a, 0x77, 0x59, 0x5d, 0x88, 0x6b, 0x8a, 0x68, 0x8a, 0x6f,
	0x6f, 0x6e, 0x78, 0x71, 0x7d, 0x7d, 0x74, 0x86, 0x64, 0x80, 0x68, 0x76,
	0x80, 0x8e, 0x94, 0x69, 0x77, 0x92, 0x79, 0x88, 0x9a, 0x73, 0x7f, 0x7b,
	0x83, 0x8b, 0x6d, 0x6e, 0x89, 0x90, 0x75, 0x7e, 0x8a, 0x73, 0x94, 0x7a,
	0x98, 0x88, 0x68, 0x7c, 0x94, 0x81, 0x82, 0x7f, 0x6f, 0x6e, 0x8a, 0x7b,
	0x79, 0x6e, 0x7d, 0x6c, 0x7d, 0x86, 0x81, 0x81, 0x77, 0x7d, 0x97, 0x71,
	0x76, 0x75, 0x79, 0x7e, 0x7d, 0x76, 0x6d, 0x83, 0x85, 0x83, 0x6c, 0x8c,
	0x86, 0x7a, 0x77, 0x87, 0x74, 0x76, 0x89, 0x77, 0x81, 0x63, 0x6c, 0x76,
	0x90, 0x7f, 0x81, 0x83, 0x9a, 0x85, 0x7a, 0x7a, 0x78, 0x5d, 0x65, 0x64,
	0x85, 0x6f, 0x81, 0x84, 0x82, 0x61, 0x82, 0x6e, 0x77, 0x83, 0x83, 0x6d,
	0x78, 0x7c, 0x57, 0x54, 0x7f, 0x9b, 0x74, 0x77, 0x6c, 0x6a, 0x86, 0x81,
	0x63, 0x7b, 0x86, 0x71, 0x7f, 0x96, 0x89, 0x77, 0x63, 0x61, 0x82, 0x78,
	0x6e, 0x7a, 0x82, 0x7b, 0x6b, 0x84, 0x81, 0x77, 0x75, 0x7b, 0x69, 0x7b,
	0x7b, 0x7c, 0x7a, 0x72, 0x86, 0x70, 0x68, 0x7a, 0x79, 0x7b, 0x85, 0x86,
	0x82, 0x89, 0x7a, 0x7f, 0x6d, 0x82, 0x8f, 0x76, 0x6a, 0x7c, 0x96, 0x8c,
	0x73, 0x91, 0x92, 0x75, 0x7a, 0x84, 0x6d, 0x93, 0x79, 0x66, 0x84, 0x77,
	0x68, 0x8e, 0x60, 0x83, 0x71, 0x63, 0x72, 0x6e, 0x63, 0x89, 0x72, 0x76,
	0x80, 0x72, 0x88, 0x6f, 0x82, 0x7b, 0x7c, 0x88, 0x8b, 0x84, 0x7e, 0x79,
	0x80, 0x7e, 0x76, 0x7d, 0x74, 0x73, 0x7d, 0x78, 0x8a, 0x5e, 0x66, 0x6a,
	0x7b, 0x69, 0x8c, 0x7a, 0x89, 0x80, 0x7b, 0x76, 0x89, 0x70, 0x7c, 0x79,
	0x77, 0x6d, 0x84, 0x87, 0x81, 0x8c, 0x87, 0x85, 0x74, 0x69, 0x7d, 0x87,
	0x63, 0x81, 0x88, 0x6a, 0x7e, 0x82, 0x7d, 0x81, 0x7b, 0x62, 0x6c, 0x72,
	0x71, 0x85, 0x6a, 0x64, 0x5b, 0x62, 0x77, 0x6e, 0x74, 0x8a, 0x85, 0x75,
	0x7f, 0x7c, 0x52, 0x91, 0x6f, 0x7b, 0x85, 0x7a, 0x75, 0x73, 0x9b, 0x8b,
	0x74, 0x7a, 0x7e, 0x70, 0x86, 0x80, 0x81, 0x81, 0x78, 0x95, 0x89, 0x7a,
	0x8b, 0x74, 0x8e, 0x72, 0x6d, 0x80, 0x75, 0x86, 0x92, 0x7b, 0x62, 0x8f,
	0x76, 0x8a, 0x73, 0x88, 0x68, 0x86, 0x77, 0x7b, 0x86, 0x78, 0x7d, 0x8c,
	0x6f, 0x61, 0x6d, 0x6e, 0x64, 0x7e, 0x81, 0x62, 0x9c, 0x71, 0x8d, 0x82,
	0x86, 0x80, 0x67, 0x63, 0x8c, 0x8a, 0x64, 0x9c, 0x7b, 0x76, 0x89, 0x88,
	0x7d, 0x84, 0x8f, 0x6c, 0x7d, 0x5e, 0x79, 0x75, 0x5f, 0x89, 0x7b, 0x74,
	0x62, 0x65, 0x8c, 0x7c, 0x8a, 0x85, 0x73, 0x81, 0x6d, 0x81, 0x88, 0x8a,
	0x84, 0x9d, 0x7f, 0x7f, 0x78, 0x8b, 0x8d, 0x77, 0x88, 0x6e, 0x70, 0x8a,
	0x91, 0x7f, 0x88, 0x6a, 0x86, 0x69, 0x83, 0x94, 0x76, 0x75, 0x84, 0x82,
	0x96, 0x93, 0x86, 0x99, 0x87, 0x77, 0x75, 0x8a, 0x74, 0x76, 0x7a, 0x94,
	0x86, 0x80, 0x77, 0x7a, 0x7f, 0x73, 0x6f, 0x7c, 0x8a, 0x8e, 0x77, 0x82,
	0x7d, 0x82, 0x77, 0x91, 0x72, 0x79, 0x78, 0x72, 0x80, 0x7c, 0x76, 0x87,
	0x80, 0x7b, 0x6a, 0x93, 0x87, 0x7d, 0x8c, 0x7e, 0x74, 0x83, 0x6e, 0x85,
	0x7f, 0x79, 0x7a, 0x7a, 0x74, 0x87, 0x78, 0x79, 0x8e, 0x86, 0x85, 0x7f,
	0x78, 0x80, 0x95, 0x82, 0x87, 0x6f, 0x99, 0x7f, 0x75, 0x8e, 0x98, 0x78,
	0x77, 0x77, 0x7f, 0x67, 0x61, 0x62, 0x86, 0x65, 0x79, 0x70, 0x75, 0x75,
	0x9a, 0x75, 0x7b, 0x72, 0x79, 0x8a, 0x89, 0x80, 0x71, 0x84, 0x90, 0x78,
	0x78, 0x79, 0x84, 0x86, 0x90, 0x8f, 0x7b, 0x88, 0x87, 0x82, 0x80, 0x75,
	0x7f, 0x70, 0x79, 0x8e, 0x7e, 0x83, 0x74, 0x7f, 0x86, 0x63, 0x73, 0x78,
	0x8c, 0x85, 0x67, 0x82, 0x81, 0x55, 0x84, 0x76, 0x81, 0x72, 0x7b, 0x87,
	0x84, 0x6c, 0x76, 0x80, 0x80, 0x89, 0x7e, 0x89, 0x7b, 0x86, 0x90, 0x78,
	0x8e, 0x84, 0x7e, 0x7c, 0x8d, 0x8b, 0x56, 0x59, 0x83, 0x87, 0x75, 0x92,
	0x8c, 0x8c, 0x8b, 0x90, 0x80, 0x6c, 0x6e, 0x80, 0x7a, 0x70, 0x87, 0x87,
	0x5c, 0x7e, 0x73, 0x8e, 0x82, 0x89, 0x7e, 0x7f, 0x80, 0x74, 0x81, 0x7a,
	0x93, 0x85, 0x7e, 0x70, 0x7a, 0x83, 0x7c, 0x85, 0x7f, 0x7f, 0x7e, 0x82,
	0x7e, 0x73, 0x6b, 0x8c, 0x77, 0x75, 0x88, 0x7a, 0x79, 0x73, 0x85, 0x93,
	0x83, 0x85, 0x78, 0x7a, 0x6b, 0x7e, 0x7a, 0x78, 0x88, 0x66, 0x81, 0x74,
	0x70, 0x73, 0x69, 0x71, 0x77, 0x79, 0x75, 0x7b, 0x8d, 0x80, 0x90, 0x86,
	0x80, 0x7d, 0x76, 0x84, 0x7f, 0x72, 0x77, 0x74, 0x72, 0x71, 0x7d, 0x84,
	0x74, 0x71, 0x75, 0x6f, 0x7b, 0x89, 0x7c, 0x87, 0x82, 0x7d, 0x78, 0x8c,
	0x61, 0x61, 0x76, 0x94, 0x7a, 0x77, 0x87, 0x5e, 0x7a, 0x6b, 0x77, 0x8a,
	0x6e, 0x78, 0x7e, 0x60, 0x98, 0x64, 0x70, 0x89, 0x68, 0x71, 0x60, 0x77,
	0x7f, 0x7d, 0x70, 0x87, 0x87, 0x83, 0x79, 0x68, 0x6e, 0x5d, 0x68, 0x7d,
	0x6d, 0x77, 0x6c, 0x7e, 0x77, 0x7f, 0x76, 0x7b, 0x86, 0x70, 0x7d, 0x7a,
	0x81, 0x71, 0x92, 0x8c, 0x8b, 0x6a, 0x93, 0x75, 0x89, 0x7e, 0x70, 0x7f,
	0x8f, 0x8c, 0x78, 0x7b, 0x7c, 0x79, 0x77, 0x7d, 0x82, 0x85, 0x6b, 0x6c,
	0xb9, 0x83, 0x76, 0x7d, 0x7c, 0x78, 0x77, 0x78, 0x50, 0x5b, 0x88, 0x66,
	0x87, 0x76, 0x94, 0x92, 0x7d, 0x86, 0x8c, 0x83, 0x8c, 0x6d, 0x7f, 0x85,
	0x7c, 0x91, 0x6f, 0x62, 0x93, 0x92, 0x72, 0x7d, 0x89, 0x8b, 0x52, 0x7f,
	0x8b, 0x87, 0x7d, 0x8b, 0x82, 0x8e, 0x76, 0x95, 0x81, 0x5f, 0x83, 0x9e,
	0x61, 0x75, 0x68, 0x72, 0x7e, 0x6f, 0x7f, 0x73, 0x91, 0x77, 0x7c, 0x74,
	0x5b, 0x8f, 0x57, 0x98, 0x7e, 0x8a, 0x83, 0x85, 0x82, 0x7f, 0x83, 0x76,
	0x4f, 0x70, 0x89, 0x86, 0x73, 0x8a, 0x84, 0x7a, 0x55, 0x6b, 0x8b, 0x77,
	0x7d, 0x74, 0x8f, 0x81, 0x70, 0x62, 0x9d, 0x59, 0x74, 0x85, 0x6a, 0x87,
	0x89, 0x73, 0x95, 0x76, 0x90, 0x76, 0x70, 0x75, 0x7e, 0x5f, 0x75, 0x81,
	0x5a, 0x7d, 0x96, 0x6e, 0x83, 0x7a, 0x7e, 0x5a, 0x65, 0x56, 0x7a, 0x76,
	0x96, 0x7f, 0x7e, 0x6d, 0x88, 0x93, 0x78, 0x8e, 0x88, 0x84, 0x85, 0x4e,
	0x7b, 0x8c, 0x83, 0x92, 0x82, 0x65, 0x8b, 0x7d, 0x86, 0x97, 0x8a, 0x7c,
	0x8e, 0x70, 0x6f, 0x67, 0x6c, 0x7d, 0x86, 0x81, 0x8e, 0x80, 0x74, 0x66,
	0xc4, 0x82, 0x85, 0x65, 0x7d, 0x83, 0x7f, 0x7e, 0x8f, 0x8a, 0x78, 0x76,
	0x80, 0x74, 0x70, 0x77, 0x73, 0x73, 0x7b, 0x79, 0x84, 0x6c, 0x66, 0x84,
	0x77, 0x77, 0x8a, 0x84, 0x85, 0x77, 0x73, 0x84, 0x69, 0x7f, 0x88, 0x90,
	0x67, 0x83, 0x7d, 0x80, 0x6a, 0x70, 0x79, 0x7e, 0x6f, 0x76, 0x73, 0x82,
	0x80, 0x8e, 0x79, 0x80, 0x8e, 0x80, 0x80, 0x75, 0x83, 0x8e, 0x78, 0x72,
	0x94, 0x79, 0x80, 0x71, 0x68, 0x8a, 0x7d, 0x80, 0x7c, 0x8e, 0x77, 0x6d,
	0x6c, 0x8a, 0x7e, 0x7b, 0x80, 0x6c, 0x8d, 0x79, 0x7e, 0x82, 0x90, 0x5e,
	0x65, 0x72, 0x83, 0x96, 0x7e, 0x73, 0x90, 0x71, 0x75, 0x82, 0x70, 0x86,
	0x67, 0x76, 0x89, 0x7d, 0x9a, 0x81, 0x8f, 0x8b, 0x76, 0x75, 0x6c, 0x76,
	0x77, 0x6e, 0x80, 0x60, 0x76, 0x83, 0x7a, 0x6c, 0x75, 0x70, 0x74, 0x83,
	0x7b, 0x6e, 0x73, 0x77, 0x6a, 0x77, 0x6b, 0x76, 0x74, 0x81, 0x79, 0x74,
	0x7c, 0x7e, 0x6b, 0x75, 0x8a, 0x6e, 0x74, 0x7e, 0x78, 0x87, 0x79, 0x7c,
	0x71, 0x63, 0x6a, 0x6a, 0x81, 0x77, 0x6e, 0x7e, 0x7d, 0x86, 0x76, 0x62,
	0xaf, 0x7f, 0x7f, 0x79, 0x78, 0x83, 0x82, 0x7c, 0x7e, 0x64, 0x6a, 0x5f,
	0x7a, 0x7a, 0x7c, 0x81, 0x62, 0x86, 0x76, 0x82, 0x82, 0x7a, 0x7a, 0x80,
	0x7f, 0x90, 0x79, 0x6b, 0x7e, 0x89, 0x77, 0x76, 0x8b, 0x81, 0x7f, 0x77,
	0x79, 0x98, 0x83, 0x74, 0x79, 0x70, 0x6b, 0x54, 0x75, 0x72, 0x90, 0x72,
	0x85, 0x73, 0x6a, 0x70, 0x71, 0x86, 0x65, 0x7c, 0x70, 0x81, 0x81, 0x71,
	0x5f, 0x7d, 0x6c, 0x7d, 0x76, 0x71, 0x6f, 0x8d, 0x76, 0x7a, 0x76, 0x6d,
	0x84, 0x82, 0x89, 0x7a, 0x83, 0x7b, 0x75, 0x81, 0x68, 0x74, 0xa2, 0x7d,
	0x6a, 0x75, 0x7d, 0x85, 0x6b, 0x75, 0x67, 0x73, 0x82, 0x8e, 0x6b, 0x77,
	0x9c, 0x80, 0x8e, 0x78, 0x6c, 0x80, 0x88, 0x89, 0x81, 0x83, 0x6c, 0x92,
	0x7e, 0x86, 0x93, 0x89, 0x80, 0x61, 0x71, 0x77, 0x77, 0x7a, 0x79, 0x8a,
	0x6d, 0x7d, 0x65, 0x66, 0x68, 0x7d, 0x7d, 0x73, 0x80, 0x6a, 0x78, 0x79,
	0x76, 0x63, 0x91, 0x86, 0x68, 0x7b, 0x7d, 0x75, 0x69, 0x7c, 0x93, 0x7a,
	0x5d, 0x73, 0x84, 0x98, 0x89, 0x72, 0x97, 0x7e, 0x71, 0x70, 0x7a, 0x82,
	0x55, 0x7f, 0x81, 0x87, 0x73, 0x7c, 0x80, 0x80, 0x82, 0x8f, 0x7f, 0x81,
	0x6e, 0x91, 0x78, 0x7a, 0x7c, 0x95, 0x78, 0x69, 0x68, 0x90, 0x82, 0x7b,
	0x87, 0x7a, 0x7b, 0x78, 0x7e, 0x87, 0x7f, 0x79, 0x7c, 0x82, 0x72, 0x6d,
	0x88, 0x8a, 0x74, 0x86, 0x80, 0x78, 0x73, 0x91, 0x82, 0x83, 0x82, 0x77,
	0x86, 0x7a, 0x7b, 0x8b, 0x82, 0x89, 0x6e, 0x6d, 0x71, 0x93, 0x7a, 0x70,
	0x77, 0x8f, 0x70, 0x76, 0x74, 0x6c, 0x6e, 0x73, 0x77, 0x7d, 0x6c, 0x82,
	0x7d, 0x6e, 0x7a, 0x7d, 0x7b, 0x80, 0x92, 0x7d, 0x81, 0x84, 0x7e, 0x77,
	0x74, 0x86, 0x79, 0x95, 0x80, 0x8b, 0x7e, 0x79, 0x83, 0x7a, 0x84, 0x6f,
	0x98, 0x6b, 0x71, 0x73, 0x89, 0x7b, 0x86, 0x74, 0x74, 0x80, 0x6e, 0x84,
	0x92, 0x81, 0x82, 0x80, 0x6f, 0x91, 0x7c, 0x81, 0x89, 0x7c, 0x8b, 0x82,
	0x7e, 0x84, 0x6f, 0x85, 0x84, 0x81, 0x71, 0x7b, 0x80, 0x7b, 0x80, 0x70,
	0x85, 0x7a, 0x86, 0x76, 0x68, 0x84, 0x75, 0x7f, 0x9c, 0x86, 0x6e, 0x78,
	0x7a, 0x74, 0x72, 0x83, 0x7d, 0x78, 0x91, 0x7a, 0x7e, 0x73, 0x7f, 0x7c,
	0x52, 0x80, 0x70, 0x88, 0x7d, 0x76, 0x77, 0x7e, 0x92, 0x65, 0xa1, 0x82,
	0x83, 0x79, 0x8b, 0x7a, 0x70, 0x85, 0x72, 0x8c, 0x81, 0x7c, 0x84, 0x6c,
	0x76, 0x81, 0x83, 0x74, 0x8a, 0x7e, 0x67, 0x70, 0x91, 0x8c, 0x73, 0x68,
	0x6d, 0x80, 0x77, 0x74, 0x98, 0x75, 0x78, 0x8f, 0x77, 0x89, 0x7b, 0x71,
	0x77, 0x73, 0x67, 0x82, 0x8b, 0x74, 0x95, 0x7b, 0xb5, 0x75, 0x7d, 0x68,
	0x83, 0x7d, 0x69, 0x84, 0x75, 0x85, 0x7d, 0x72, 0x71, 0x5d, 0x73, 0x6d,
	0x81, 0x6c, 0x80, 0x81, 0x61, 0x7f, 0x5d, 0x80, 0x6c, 0x96, 0x90, 0x7a,
	0x53, 0x7a, 0x7b, 0x8f, 0x7b, 0x7e, 0x82, 0x77, 0x73, 0x76, 0x80, 0x88,
	0x5c, 0x80, 0x8a, 0x76, 0x80, 0x7c, 0x8f, 0x88, 0x6d, 0x88, 0x71, 0x83,
	0x71, 0x8c, 0x93, 0x91, 0x73, 0x7c, 0x7a, 0x78, 0x82, 0x81, 0x87, 0x88,
	0x69, 0x6f, 0x7e, 0x79, 0x8a, 0x87, 0x73, 0x70, 0x7c, 0x94, 0x94, 0x74,
	0x84, 0x64, 0x88, 0x87, 0x90, 0x59, 0x7e, 0x9c, 0x7c, 0x67, 0xa1, 0x6c,
	0x74, 0x83, 0x85, 0x84, 0x7f, 0x7f, 0x72, 0x7a, 0x89, 0x85, 0x7d, 0x84,
	0x68, 0x7e, 0x73, 0x93, 0x72, 0x78, 0x7a, 0x7f, 0x84, 0x87, 0x7d, 0x76,
	0x62, 0x78, 0x66, 0x6f, 0x80, 0x82, 0x7d, 0x7f, 0x83, 0x5f, 0x89, 0x72,
	0x7d, 0x76, 0x7e, 0x87, 0x78, 0x79, 0x6c, 0x77, 0x7b, 0x81, 0x87, 0x8e,
	0x86, 0x77, 0x7b, 0x63, 0x87, 0x77, 0x72, 0x7c, 0x78, 0x77, 0x6d, 0x6f,
	0x85, 0x9f, 0x85, 0x83, 0x78, 0x87, 0x7b, 0x7d, 0x7a, 0x7c, 0x5c, 0x71,
	0x7c, 0x73, 0x85, 0x63, 0x92, 0x7d, 0x7f, 0x82, 0x86, 0x9b, 0x6e, 0x8d,
	0xa1, 0x7d, 0x84, 0x85, 0x74, 0x76, 0x78, 0x7b, 0x8c, 0x7e, 0x8f, 0x84,
	0x6d, 0x7a, 0x7c, 0x6b, 0x73, 0x78, 0x70, 0x9d, 0x78, 0x7d, 0x77, 0x88,
	0x7c, 0x67, 0x88, 0x7d, 0x55, 0x92, 0x6f, 0x7a, 0x76, 0x97, 0x9d, 0x80,
	0x6c, 0x7a, 0x7e, 0x77, 0x7d, 0x82, 0x87, 0x87, 0x95, 0x76, 0x83, 0x6e,
	0x85, 0x7c, 0x94, 0x7a, 0x7b, 0x82, 0x7a, 0x73, 0x83, 0x89, 0x77, 0x7f,
	0x9f, 0x72, 0x89, 0x6a, 0x70, 0x78, 0x8a, 0x68, 0x6c, 0x88, 0x75, 0x74,
	0x56, 0x8c, 0x85, 0x83, 0x7b, 0x86, 0x84, 0x80, 0x77, 0x85, 0x8f, 0x92,
	0x01, 0x7f, 0x78, 0x99, 0x74, 0x7a, 0x72, 0x7d, 0x8d, 0x8b, 0x5e, 0x74,
	0x82, 0x7d, 0x97, 0x78, 0x66, 0x87, 0x78, 0x80, 0x7b, 0x86, 0x85, 0x73,
	0x8e, 0x71, 0x7b, 0x82, 0x88, 0x77, 0x7e, 0x6a, 0x82, 0x73, 0x74, 0x7c,
	0x75, 0x78, 0x71, 0x6d, 0x85, 0x76, 0x82, 0x87, 0x75, 0x8a, 0x7c, 0x7d,
	0x80, 0x7d, 0x7a, 0x83, 0x89, 0x8d, 0x82, 0x7c, 0x95, 0x8b, 0x79, 0x76,
	0x79, 0x66, 0x5b, 0x5c, 0x51, 0x8c, 0x83, 0x7b, 0x8a, 0x7c, 0x7a, 0x86,
	0x96, 0x91, 0x72, 0x81, 0x78, 0x7f, 0x6e, 0x81, 0x72, 0x80, 0x73, 0x84,
	0x8c, 0x99, 0x7d, 0x8a, 0x7e, 0x85, 0x78, 0x7f, 0x89, 0x66, 0x76, 0x94,
	0x95, 0x8c, 0x9d, 0x99, 0x7b, 0x7d, 0x89, 0x88, 0x86, 0x7d, 0x89, 0x83,
	0x61, 0x7f, 0x89, 0x7b, 0x83, 0x5c, 0x85, 0x77, 0x70, 0x70, 0x83, 0x72,
	0x83, 0x7c, 0x7b, 0x8a, 0x63, 0x89, 0x80, 0x7e, 0x6c, 0x8e, 0x7e, 0x7b,
	0x80, 0x7f, 0x97, 0x8c, 0x86, 0x79, 0x70, 0x7f, 0x7a, 0x7a, 0x78, 0x99,
	0x79, 0x7b, 0x86, 0x93, 0x76, 0x74, 0x81, 0x76, 0x79, 0x61, 0x86, 0x8e,
	0xa3, 0x82, 0x77, 0x87, 0x80, 0x74, 0x77, 0x74, 0x88, 0x92, 0x87, 0x7e,
	0x4c, 0x88, 0x83, 0x74, 0x6e, 0x8a, 0x8f, 0x72, 0x73, 0x90, 0x67, 0x76,
	0x8c, 0x79, 0x98, 0x73, 0x7f, 0x7f, 0x85, 0x76, 0x68, 0x73, 0x86, 0x7f,
	0x7a, 0x7d, 0x7b, 0x75, 0x8b, 0x7b, 0x8a, 0x70, 0x7e, 0x7b, 0x91, 0x88,
	0x87, 0x8c, 0x9b, 0x6b, 0x61, 0x7b, 0x76, 0x9c, 0x74, 0x99, 0x6c, 0x84,
	0x89, 0x74, 0x81, 0x69, 0x7b, 0x72, 0x78, 0x97, 0x7e, 0x81, 0x7e, 0x85,
	0x70, 0x59, 0x80, 0x83, 0x87, 0x96, 0x96, 0x92, 0x8b, 0x6d, 0x90, 0x6e,
	0x85, 0x72, 0x7b, 0x70, 0x88, 0x88, 0x8a, 0x6f, 0x8d, 0x74, 0x89, 0x7c,
	0x8c, 0x79, 0x90, 0x8f, 0x7f, 0x74, 0x77, 0x7e, 0x84, 0x78, 0x7a, 0x75,
	0x77, 0x73, 0x87, 0x71, 0x75, 0x74, 0x83, 0x85, 0x78, 0x74, 0x70, 0x6a,
	0x85, 0x8d, 0x74, 0x78, 0x88, 0x78, 0x8c, 0x76, 0x7b, 0x81, 0x78, 0x85,
	0x65, 0x75, 0x82, 0x85, 0x7b, 0x7e, 0x66, 0x79, 0x8a, 0x79, 0x7d, 0x8c,
	0x7c, 0x6d, 0x92, 0x8e, 0x7f, 0x53, 0x86, 0x82, 0x69, 0x61, 0x85, 0x80,
	0x55, 0x81, 0x7f, 0x87, 0x6d, 0x79, 0x78, 0x7f, 0x7c, 0x65, 0x63, 0x64,
	0x6c, 0x7d, 0x6c, 0x85, 0x68, 0x82, 0x71, 0x7c, 0x7e, 0x93, 0x72, 0x69,
	0x7b, 0x89, 0x83, 0x7a, 0x7b, 0x70, 0x8e, 0x84, 0x77, 0x73, 0x68, 0x86,
	0x7d, 0x7b, 0x7a, 0x71, 0x77, 0x8d, 0x92, 0x6a, 0x7c, 0x66, 0x7e, 0x95,
	0x7b, 0x80, 0x84, 0x6b, 0x66, 0x79, 0x6e, 0x91, 0x5a, 0x85, 0x88, 0x66,
	0x5e, 0x91, 0x5e, 0x69, 0x7b, 0x89, 0x87, 0x81, 0x91, 0x69, 0x7a, 0x85,
	0x8f, 0x85, 0x7c, 0x7d, 0x8f, 0x83, 0x9e, 0x6a, 0x6c, 0x74, 0x86, 0x8f,
	0x75, 0x5f, 0x68, 0xa2, 0x9b, 0x92, 0x65, 0x8f, 0x98, 0x77, 0x73, 0x8d,
	0x78, 0x93, 0x7b, 0x65, 0x88, 0x87, 0x84, 0x80, 0x8a, 0x7e, 0x67, 0x72,
	0x7b, 0x95, 0x77, 0x5b, 0x83, 0x77, 0x7a, 0x68, 0x86, 0x70, 0x86, 0x8b,
	0x90, 0x6b, 0x75, 0x7b, 0x85, 0x8e, 0x8c, 0x96, 0x90, 0x4b, 0x79, 0x6e,
	0x60, 0x7f, 0x79, 0x8c, 0x7d, 0x73, 0x6c, 0x99, 0x81, 0x85, 0x7b, 0x75,
	0x83, 0x87, 0x7b, 0x7a, 0x7f, 0x70, 0x7d, 0x77, 0x83, 0x75, 0x89, 0x5e,
	0xff, 0x7d, 0x84, 0x76, 0x78, 0x7a, 0x81, 0x7f, 0x86, 0x86, 0x71, 0x73,
	0x77, 0x71, 0x7d, 0x87, 0x80, 0x72, 0x73, 0x76, 0x81, 0x79, 0x6f, 0x7b,
	0x73, 0x8a, 0x80, 0x8b, 0x83, 0x86, 0x6a, 0x7d, 0x8d, 0x7e, 0x7b, 0x8f,
	0x6a, 0x80, 0x71, 0x79, 0x6a, 0x72, 0x76, 0x8c, 0x65, 0x7a, 0x6f, 0x88,
	0x6c, 0x8d, 0x5d, 0x83, 0x8f, 0x57, 0x72, 0x87, 0x80, 0x83, 0x6f, 0x67,
	0x7b, 0x7c, 0x79, 0x64, 0x89, 0x7f, 0x7d, 0x7f, 0x70, 0x74, 0x86, 0x72,
	0x69, 0x84, 0x83, 0x80, 0x85, 0x81, 0x74, 0x6f, 0x60, 0x89, 0x7d, 0x89,
	0x71, 0x5d, 0x89, 0x72, 0x85, 0x76, 0x78, 0x6f, 0x62, 0x72, 0x6f, 0x87,
	0x54, 0x79, 0x87, 0x81, 0x90, 0x85, 0x88, 0x84, 0x7b, 0x7d, 0x89, 0x87,
	0x70, 0x87, 0x80, 0x66, 0x88, 0x82, 0x7d, 0x7e, 0x7c, 0x70, 0x6f, 0x7c,
	0x73, 0x6c, 0x61, 0x70, 0x7f, 0x77, 0x66, 0x72, 0x84, 0x77, 0x81, 0x72,
	0x7d, 0x7a, 0x75, 0x91, 0x7c, 0x7d, 0x83, 0x6f, 0x70, 0x85, 0x79, 0x66,
	0x72, 0x6a, 0x6c, 0x58, 0x81, 0x7e, 0x68, 0x72, 0x84, 0x86, 0x73, 0x56,
	0xaa, 0x81, 0x7c, 0x74, 0x73, 0x81, 0x70, 0x77, 0x86, 0x6e, 0x7c, 0xa0,
	0x84, 0x7c, 0x64, 0x8c, 0x88, 0x6e, 0x7a, 0x88, 0x7c, 0x7f, 0x6e, 0x85,
	0x7a, 0x87, 0x97, 0x76, 0x7b, 0x6e, 0x81, 0x83, 0x7f, 0x85, 0x68, 0x85,
	0x9d, 0x81, 0x7d, 0x6c, 0x83, 0x6f, 0x70, 0x82, 0x86, 0x5f, 0x72, 0x7d,
	0x6d, 0x8c, 0x85, 0x7e, 0x6c, 0x7a, 0x66, 0x97, 0x6e, 0x7d, 0xa0, 0x93,
	0x7e, 0x87, 0x89, 0x84, 0x8d, 0x76, 0x7e, 0x66, 0x7e, 0x92, 0x76, 0x78,
	0x9c, 0x97, 0x7f, 0x74, 0x7d, 0x79, 0x8e, 0x6e, 0x6c, 0x7e, 0x71, 0x80,
	0x7d, 0x63, 0x90, 0x9d, 0x89, 0x8e, 0x79, 0x88, 0x72, 0x73, 0x7a, 0x90,
	0x6f, 0x63, 0x83, 0x7c, 0x67, 0x84, 0x6f, 0x78, 0x85, 0x73, 0x89, 0x7c,
	0x7b, 0x79, 0x7e, 0x74, 0x83, 0x61, 0x78, 0x78, 0x8f, 0x83, 0x80, 0x80,
	0x87, 0x80, 0x80, 0x71, 0x76, 0x7e, 0x68, 0x72, 0x88, 0x77, 0x81, 0x70,
	0x90, 0x75, 0x7d, 0x81, 0x84, 0x76, 0x73, 0x59, 0x84, 0x80, 0x73, 0x7e,
	0x79, 0x85, 0x76, 0x7c, 0x81, 0x72, 0x7b, 0x77, 0x70, 0x91, 0x7b, 0x88,
	0x1f, 0x7f, 0x7f, 0x71, 0x7a, 0x70, 0x7b, 0x7c, 0x90, 0x93, 0x8c, 0x95,
	0x80, 0x84, 0x89, 0x6a, 0x8f, 0x71, 0x94, 0x87, 0x82, 0x88, 0x7e, 0x90,
	0x87, 0x6b, 0x83, 0x8e, 0x91, 0x86, 0x96, 0x84, 0x7f, 0x85, 0x76, 0x83,
	0x71, 0x88, 0x7f, 0x7b, 0x96, 0x75, 0x67, 0x88, 0x64, 0x75, 0x93, 0x7e,
	0x7a, 0x8b, 0x86, 0x92, 0x72, 0x88, 0x6a, 0x97, 0x62, 0x84, 0x6d, 0x77,
	0x8e, 0x69, 0x7e, 0x79, 0x6b, 0x7a, 0x82, 0x80, 0x8f, 0x84, 0x83, 0x7f,
	0x8d, 0x7d, 0x82, 0x8f, 0x88, 0x72, 0x7d, 0x9b, 0x61, 0x76, 0x72, 0x72,
	0x89, 0x86, 0x84, 0x91, 0x61, 0x66, 0x79, 0x7b, 0x95, 0x74, 0x73, 0x76,
	0x8f, 0x71, 0x7e, 0x8d, 0x8a, 0x96, 0x82, 0xa1, 0x93, 0x73, 0x8f, 0x98,
	0x7a, 0x98, 0x7d, 0x7c, 0x87, 0x87, 0x6b, 0x91, 0x8c, 0x91, 0x61, 0x76,
	0x72, 0x72, 0x70, 0x71, 0x70, 0x81, 0x66, 0x73, 0x73, 0x84, 0xa7, 0x6e,
	0x86, 0x8f, 0x85, 0x72, 0x6c, 0x86, 0x8c, 0x4e, 0x72, 0x7c, 0x89, 0x97,
	0x82, 0x5a, 0x96, 0x90, 0x6b, 0x85, 0x76, 0x79, 0x8b, 0x74, 0x8a, 0x92,
	0x64, 0x83, 0x7c, 0x80, 0x85, 0x86, 0x75, 0x81, 0x84, 0x6f, 0x66, 0x83,
	0x6c, 0x85, 0x7a, 0x78, 0x67, 0x74, 0x77, 0x85, 0x6c, 0x80, 0x91, 0x87,
	0x77, 0x82, 0x6d, 0x7d, 0x78, 0x70, 0x88, 0x76, 0x88, 0x86, 0x6b, 0x7a,
	0x6d, 0x89, 0x72, 0x85, 0x7f, 0x6e, 0x75, 0x74, 0x9f, 0x79, 0x76, 0x73,
	0x84, 0x9d, 0x77, 0x87, 0x74, 0x76, 0x7a, 0x6c, 0x88, 0x8b, 0x9b, 0x81,
	0x77, 0x69, 0x8b, 0x7e, 0x7a, 0x6b, 0x8c, 0x7f, 0x83, 0x92, 0x76, 0x6b,
	0x83, 0x89, 0x8c, 0x7b, 0x83, 0x76, 0x67, 0x6c, 0x7d, 0x82, 0x69, 0x7b,
	0x74, 0x77, 0x8f, 0x7e, 0x81, 0x7e, 0x71, 0x80, 0x82, 0x8d, 0x6f, 0x80,
	0x7b, 0x6f, 0xa0, 0x6c, 0x62, 0x86, 0x73, 0x7c, 0x7a, 0x78, 0x7f, 0x86,
	0x7d, 0x82, 0x8c, 0x7d, 0x7f, 0x61, 0x80, 0x7a, 0x81, 0x7d, 0x9d, 0x78,
	0x96, 0x8f, 0x8b, 0x7a, 0x6e, 0x92, 0x76, 0x85, 0x7c, 0x79, 0x71, 0x8f,
	0x7a, 0x95, 0x7e, 0x7e, 0x63, 0x79, 0x85, 0x74, 0x81, 0x7e, 0x7a, 0x75,
	0x85, 0x77, 0x75, 0x72, 0x7d, 0x76, 0x7f, 0x7d, 0x76, 0x7a, 0x7c, 0x81,
	0x7d, 0x7f, 0x69, 0x99, 0x8f, 0x6f, 0x79, 0x79, 0x74, 0x77, 0x6e, 0x7f,
	0x79, 0x90, 0x73, 0x86, 0x71, 0x88, 0x76, 0x71, 0x86, 0x8e, 0x76, 0x6d,
	0x7d, 0x7c, 0x7a, 0x85, 0x7e, 0x80, 0x8a, 0x86, 0x85, 0x75, 0x76, 0x8b,
	0x71, 0x85, 0x76, 0x8b, 0x8a, 0x7c, 0x87, 0x7f, 0x77, 0x87, 0x82, 0x6c,
	0x7b, 0x74, 0x75, 0x82, 0x7d, 0x77, 0x67, 0x8b, 0x7c, 0x87, 0x76, 0x7c,
	0x87, 0x73, 0x7b, 0x71, 0x7c, 0x89, 0x79, 0x78, 0x8a, 0x6f, 0x72, 0x73,
	0x7e, 0x7d, 0x79, 0x86, 0x75, 0x6e, 0x76, 0x77, 0x7c, 0x7d, 0x90, 0x74,
	0x89, 0x73, 0x85, 0x84, 0x85, 0x80, 0x89, 0x90, 0x85, 0x75, 0x6e, 0x78,
	0x77, 0x89, 0x84, 0x7c, 0x8e, 0x87, 0x82, 0x8d, 0x6b, 0x7d, 0x81, 0x7b,
	0x76, 0x85, 0x6e, 0x7f, 0x73, 0x5d, 0x8a, 0x7e, 0x7b, 0x70, 0x73, 0x87,
	0x77, 0x79, 0x75, 0x93, 0x7e, 0x80, 0x7f, 0x71, 0x73, 0x7c, 0x73, 0x72,
	0x76, 0x6e, 0x7a, 0x81, 0x7a, 0x7e, 0x59, 0x94, 0x7f, 0x72, 0x79, 0x96,
	0x87, 0x6e, 0x8f, 0x6d, 0x75, 0x84, 0x85, 0x7a, 0x7a, 0x6b, 0x7f, 0x6d,
	0x5c, 0x7e, 0x48, 0x9d, 0x91, 0x8c, 0x78, 0x80, 0x83, 0x77, 0x82, 0x76,
	0x78, 0x82, 0x62, 0x9a, 0x7c, 0x76, 0x86, 0x7b, 0x81, 0x8d, 0x6a, 0x80,
	0x80, 0x7f, 0x90, 0x61, 0x86, 0x7e, 0x82, 0x88, 0x7d, 0x7c, 0x6c, 0x6d,
	0x6e, 0x85, 0x91, 0x82, 0x78, 0x8b, 0x5c, 0x69, 0x76, 0x7e, 0x85, 0x78,
	0x79, 0x6f, 0x9d, 0x7c, 0x5f, 0x7d, 0x6c, 0x82, 0x6e, 0x79, 0x7e, 0x76,
	0x8a, 0x82, 0x63, 0x63, 0x86, 0x84, 0x79, 0x85, 0x6f, 0x85, 0x62, 0x8f,
	0x80, 0x7d, 0x87, 0x8f, 0x7d, 0x7c, 0x7c, 0x82, 0x82, 0x7b, 0xa1, 0x8e,
	0x52, 0x80, 0x7d, 0x8c, 0x76, 0x90, 0x7a, 0x7b, 0x83, 0x76, 0x87, 0x76,
	0x6c, 0x54, 0x66, 0x83, 0x76, 0x84, 0x82, 0x80, 0x7b, 0x7f, 0x78, 0x88,
	0xa0, 0x74, 0x88, 0x80, 0x71, 0x81, 0x85, 0x84, 0x72, 0x7c, 0x74, 0x86,
	0x86, 0x7e, 0x7c, 0x86, 0x77, 0x8d, 0x81, 0x71, 0x75, 0x7d, 0x7c, 0x7d,
	0x6b, 0x7f, 0x7f, 0x7e, 0x87, 0x88, 0x8d, 0x7a, 0x8f, 0x86, 0x7f, 0x5b,
	0x60, 0x8e, 0x8a, 0x77, 0x78, 0x78, 0x73, 0x76, 0x85, 0x65, 0x7a, 0x78,
	0x59, 0x82, 0x6b, 0x88, 0x86, 0x7f, 0x82, 0x6f, 0x9a, 0x6f, 0x91, 0x5e,
	0x7f, 0x7f, 0x9a, 0x9d, 0x6b, 0x7f, 0x90, 0x80, 0x87, 0x6a, 0x9f, 0x7a,
	0x77, 0x91, 0x78, 0x65, 0x7f, 0x7f, 0x75, 0x7f, 0x6e, 0x7f, 0x76, 0x61,
	0x76, 0x83, 0x8d, 0x77, 0x7f, 0x81, 0x82, 0x84, 0x67, 0x6e, 0x87, 0x8c,
	0x81, 0x7b, 0x7a, 0x86, 0x77, 0x85, 0x77, 0x6f, 0x7c, 0x7c, 0x7a, 0x82,
	0x7a, 0x8d, 0x77, 0x9f, 0x70, 0x5f, 0x83, 0x7c, 0x80, 0x8a, 0x74, 0x84,
	0x8a, 0x88, 0x7c, 0x7e, 0x7f, 0x85, 0x6a, 0x7a, 0x76, 0x7b, 0x75, 0x71,
	0x75, 0xa1, 0x90, 0x59, 0x8a, 0x63, 0x8c, 0x74, 0x86, 0x72, 0x78, 0x60,
	0x7a, 0x7e, 0x83, 0x8c, 0x72, 0x85, 0x72, 0x7e, 0x65, 0x8e, 0x7d, 0x87,
	0x86, 0x83, 0x7b, 0x82, 0x7f, 0x82, 0x86, 0x85, 0x80, 0x95, 0x74, 0x85,
	0x8f, 0x91, 0x85, 0x92, 0x8c, 0x77, 0x6e, 0x73, 0x7a, 0x7e, 0x6e, 0x88,
	0x8c, 0x82, 0x8f, 0x8e, 0x63, 0x8f, 0x81, 0x6a, 0x84, 0x82, 0x91, 0x83,
	0x6f, 0x65, 0x73, 0x8a, 0x62, 0x89, 0x77, 0x8b, 0x92, 0x8a, 0x71, 0x8a,
	0x0c, 0x7f, 0x79, 0x6f, 0x79, 0x7d, 0x76, 0x6f, 0x79, 0x95, 0xa0, 0x90,
	0x82, 0x86, 0x6d, 0x61, 0x85, 0x81, 0x67, 0x90, 0x81, 0x69, 0xa2, 0x6c,
	0x7e, 0x63, 0x9a, 0x95, 0x70, 0x74, 0x92, 0x6a, 0x71, 0x71, 0x85, 0x89,
	0x8f, 0x69, 0x75, 0x87, 0x84, 0x70, 0x76, 0x82, 0x91, 0x8d, 0x75, 0x77,
	0x89, 0x8c, 0x87, 0x7b, 0x76, 0x9b, 0x71, 0x8c, 0x70, 0x76, 0x83, 0x95,
	0x90, 0x72, 0x8d, 0x81, 0x79, 0x80, 0x7e, 0x98, 0x86, 0x91, 0x7c, 0x68,
	0x7d, 0x5a, 0x70, 0x6d, 0x7b, 0x79, 0x99, 0x5e, 0x86, 0x6a, 0x7f, 0x8d,
	0x6f, 0x8b, 0x54, 0x82, 0x74, 0x7b, 0x7e, 0x6e, 0x82, 0x6c, 0x81, 0x82,
	0x75, 0x81, 0x85, 0x75, 0x7e, 0x85, 0x6c, 0x61, 0x73, 0x76, 0x71, 0x7f,
	0x85, 0x86, 0x87, 0x7a, 0x7c, 0x91, 0x6a, 0x96, 0x74, 0x85, 0x91, 0x85,
	0x64, 0x86, 0x76, 0x93, 0x6b, 0x7c, 0x7d, 0x75, 0x84, 0x6e, 0x94, 0x96,
	0x71, 0x86, 0x81, 0x69, 0x76, 0x78, 0x92, 0x66, 0x70, 0x75, 0x76, 0x9a,
	0x88, 0x9b, 0x8c, 0x89, 0x7a, 0x76, 0x74, 0x82, 0x72, 0x84, 0x8c, 0xa1,
	0x01, 0x83, 0x7b, 0x78, 0x86, 0x77, 0x7b, 0x7c, 0x88, 0x8d, 0x89, 0x7f,
	0x93, 0x71, 0x87, 0x86, 0x8b, 0x6f, 0x80, 0x8c, 0x5e, 0x88, 0x8a, 0x62,
	0x74, 0x74, 0x78, 0x87, 0x5d, 0x83, 0x7e, 0x74, 0x6b, 0x7f, 0x88, 0x7a,
	0x8a, 0x65, 0x68, 0x81, 0x7c, 0x94, 0x90, 0x86, 0x91, 0x8a, 0x90, 0x81,
	0x8a, 0x77, 0x8e, 0x8d, 0x95, 0x89, 0x55, 0x79, 0x76, 0x7a, 0x91, 0x88,
	0x76, 0x94, 0x7f, 0x98, 0x92, 0x6f, 0x79, 0x7b, 0x8b, 0x70, 0x82, 0x7e,
	0x81, 0x8e, 0x59, 0x69, 0x77, 0x89, 0x8f, 0x75, 0x91, 0x69, 0x65, 0x76,
	0x9b, 0x7a, 0x78, 0x8e, 0x87, 0x7d, 0x71, 0x74, 0x85, 0x8f, 0x8c, 0x6a,
	0x9b, 0x9a, 0x79, 0x78, 0x71, 0x86, 0x74, 0x71, 0x80, 0x89, 0x76, 0x8e,
	0x7a, 0x66, 0x80, 0x92, 0x95, 0x83, 0x75, 0x86, 0x74, 0x88, 0x82, 0x8d,
	0x83, 0x90, 0x7a, 0x83, 0x8b, 0x96, 0x9d, 0x8a, 0x8e, 0x69, 0x75, 0x8e,
	0x7f, 0x91, 0x75, 0x78, 0x4b, 0x7c, 0x8c, 0x93, 0x81, 0x69, 0x70, 0x8b,
	0x8a, 0x74, 0x72, 0x8b, 0x7a, 0x8d, 0x81, 0x80, 0x8c, 0x90, 0x7b, 0x7f,
	0x84, 0x80, 0x85, 0x76, 0x6a, 0x69, 0x78, 0x74, 0x78, 0x6a, 0x7d, 0x7b,
	0xb4, 0x7a, 0x85, 0x95, 0x62, 0x67, 0x59, 0x81, 0x73, 0x77, 0x72, 0x91,
	0x74, 0x7b, 0x82, 0x7e, 0x56, 0x86, 0x86, 0x83, 0x5b, 0x61, 0x8b, 0x7b,
	0x6c, 0x80, 0x82, 0x7b, 0x68, 0x7f, 0x61, 0x8d, 0x7d, 0x8a, 0x78, 0x6d,
	0x76, 0x8f, 0x81, 0x82, 0x6a, 0x78, 0x75, 0x75, 0x74, 0x6e, 0x74, 0x7f,
	0x83, 0x78, 0x8b, 0x9f, 0x78, 0x76, 0x82, 0x80, 0x71, 0x87, 0x6e, 0x85,
	0x7d, 0x8a, 0x5b, 0x73, 0x65, 0x59, 0x7d, 0x80, 0x8d, 0x90, 0x89, 0x8b,
	0x7e, 0x6a, 0x84, 0x6a, 0x67, 0x66, 0x8e, 0x4f, 0x76, 0x81, 0x7a, 0x8d,
	0x7b, 0x66, 0x80, 0x76, 0x81, 0x7c, 0x73, 0x7d, 0x7c, 0x7e, 0x6f, 0x8f,
	0x6c, 0x82, 0x67, 0x8b, 0x6c, 0x93, 0x6c, 0x8c, 0x5e, 0x73, 0x7b, 0x95,
	0x8b, 0x85, 0x71, 0x82, 0x70, 0x92, 0x69, 0x7a, 0x61, 0x79, 0x82, 0x89,
	0x9b, 0x87, 0x86, 0x67, 0x89, 0x83, 0x95, 0x79, 0x74, 0x7a, 0x59, 0x81,
	0x7c, 0x95, 0x8d, 0x85, 0x93, 0x82, 0x81, 0x74, 0x8b, 0x80, 0x63, 0x7f,
	0x01, 0x80, 0x85, 0x78, 0x7d, 0x7f, 0x82, 0x81, 0x7f, 0x79, 0x83, 0x72,
	0x83, 0x7a, 0x6c, 0x79, 0x74, 0x8b, 0x7c, 0x76, 0x83, 0x90, 0x78, 0x89,
	0x8a, 0x7e, 0x7f, 0x76, 0x8f, 0x82, 0x88, 0x84, 0x90, 0x91, 0x64, 0x83,
	0x75, 0x8d, 0x8a, 0x8a, 0x8e, 0x78, 0x7d, 0x5f, 0x7b, 0x6d, 0x88, 0x7d,
	0x86, 0x77, 0x91, 0x6b, 0x77, 0x93, 0x70, 0x88, 0x60, 0x88, 0x82, 0x6f,
	0x80, 0x75, 0x7c, 0x6c, 0x84, 0x76, 0x80, 0x7b, 0x91, 0x79, 0x6a, 0x7c,
	0x8d, 0x81, 0x83, 0x81, 0x8d, 0x86, 0x9b, 0x8c, 0x85, 0x8c, 0x77, 0x86,
	0x8b, 0x7e, 0x7c, 0x8c, 0x7d, 0x80, 0x7b, 0x84, 0x8b, 0x76, 0x8c, 0x81,
	0x7c, 0x6e, 0x6a, 0x83, 0x82, 0x7e, 0x7f, 0x85, 0x8f, 0x7f, 0x93, 0x69,
	0x9a, 0x97, 0x7c, 0x89, 0x59, 0x72, 0x89, 0x84, 0x87, 0x8b, 0x8a, 0x87,
	0x74, 0x7b, 0x91, 0x68, 0x80, 0x80, 0x88, 0x7e, 0x81, 0x8a, 0x86, 0x7d,
	0x87, 0x70, 0x87, 0x82, 0x7a, 0x95, 0x7b, 0x65, 0x85, 0x7d, 0x80, 0x80,
	0x85, 0x7d, 0x8b, 0x80, 0x7f, 0x7c, 0x72, 0x7f, 0x7d, 0x74, 0x8b, 0x89,
	0x01, 0x82, 0x84, 0x7b, 0x85, 0x82, 0x80, 0x87, 0x82, 0x7c, 0x8b, 0x74,
	0x84, 0x82, 0x8e, 0x8a, 0x84, 0x84, 0x88, 0x81, 0x88, 0x78, 0x94, 0x80,
	0x88, 0x7f, 0x87, 0x7a, 0x82, 0x73, 0x8e, 0x89, 0x7e, 0x79, 0x6f, 0x7a,
	0x74, 0x7c, 0x7e, 0x7e, 0x7c, 0x7e, 0x83, 0x92, 0x85, 0x78, 0x7a, 0x85,
	0x75, 0x7d, 0x75, 0x7e, 0x88, 0x7e, 0x7d, 0x85, 0x7d, 0x7f, 0x7b, 0x6b,
	0x7e, 0x78, 0x79, 0x89, 0x7c, 0x8a, 0x79, 0x7c, 0x77, 0x79, 0x82, 0x88,
	0x7b, 0x77, 0x84, 0x8f, 0x7b, 0x80, 0x76, 0x86, 0x8a, 0x7a, 0x7a, 0x80,
	0x75, 0x8d, 0x81, 0x81, 0x82, 0x6e, 0x80, 0x73, 0x89, 0x7a, 0x7d, 0x89,
	0x72, 0x7d, 0x84, 0x7a, 0x84, 0x81, 0x7c, 0x87, 0x79, 0x84, 0x6e, 0x86,
	0x7d, 0x7a, 0x79, 0x78, 0x8a, 0x7b, 0x7c, 0x77, 0x7c, 0x79, 0x83, 0x7a,
	0x8a, 0x7e, 0x6f, 0x70, 0x7f, 0x77, 0x73, 0x84, 0x84, 0x80, 0x80, 0x88,
	0x8a, 0x6e, 0x8e, 0x86, 0x79, 0x75, 0x7b, 0x6c, 0x7e, 0x83, 0x7b, 0x8f,
	0x76, 0x90, 0x91, 0x86, 0x76, 0x7b, 0x78, 0x85, 0x84, 0x81, 0x71, 0x72,
	0xb0, 0x81, 0x79, 0x6a, 0x69, 0x7e, 0x7a, 0x76, 0x5d, 0x8c, 0x89, 0x95,
	0x71, 0x89, 0x79, 0x8b, 0x91, 0x85, 0x7e, 0x8b, 0x68, 0x74, 0x81, 0x96,
	0x7d, 0x8a, 0x86, 0xa5, 0x77, 0x92, 0x63, 0x78, 0x78, 0x7f, 0xa1, 0x93,
	0x7d, 0x94, 0x7f, 0x7b, 0x8c, 0x6c, 0x58, 0x81, 0x77, 0x9d, 0x8a, 0x76,
	0x8a, 0x8b, 0x7d, 0x8c, 0x91, 0x8c, 0x73, 0x75, 0x77, 0x63, 0x8b, 0x82,
	0xa1, 0x82, 0x95, 0x89, 0x75, 0x80, 0x70, 0x97, 0x7e, 0x7e, 0x62, 0x7e,
	0x68, 0x76, 0x78, 0x89, 0x7d, 0x81, 0x75, 0x87, 0x85, 0x89, 0x85, 0x85,
	0x68, 0x7e, 0x85, 0x7d, 0x6c, 0x80, 0x79, 0x56, 0x74, 0x82, 0x7c, 0x73,
	0x7e, 0x6c, 0x71, 0x79, 0x7a, 0x6b, 0x7a, 0x7f, 0xac, 0x84, 0x91, 0x8e,
	0x60, 0x56, 0x7b, 0x7a, 0x78, 0x88, 0x73, 0x9b, 0x7d, 0x7c, 0x62, 0x8f,
	0x75, 0x88, 0x76, 0x7c, 0x7b, 0x70, 0x72, 0x75, 0x77, 0x68, 0x90, 0x8a,
	0x8a, 0x75, 0x76, 0x8a, 0x6c, 0x6b, 0x88, 0x82, 0x6b, 0x8d, 0x75, 0x8c,
	0x76, 0x6e, 0x7c, 0x71, 0x92, 0x83, 0x71, 0x75, 0x7c, 0x81, 0x7c, 0x98,
	0x6f, 0x7f, 0x83, 0x85, 0x6f, 0x75, 0x78, 0x7f, 0x78, 0x59, 0x78, 0x5c,
	0x8e, 0x7e, 0x81, 0x88, 0x6c, 0x85, 0x77, 0x72, 0x7e, 0x85, 0x7a, 0x89,
	0x7c, 0x87, 0x77, 0x64, 0x7f, 0x94, 0x72, 0x80, 0x93, 0x90, 0x5e, 0x79,
	0x63, 0x8a, 0x9b, 0x8d, 0x78, 0x88, 0x4c, 0x7a, 0x5f, 0x8a, 0x74, 0x71,
	0x7d, 0x87, 0x6a, 0x7c, 0x99, 0x86, 0x8e, 0x8c, 0x98, 0x86, 0x94, 0x61,
	0x61, 0x89, 0x53, 0x70, 0x7b, 0x89, 0x59, 0x84, 0x6e, 0x75, 0x7c, 0x8e,
	0x8f, 0x66, 0x7f, 0x7e, 0x77, 0x7f, 0x97, 0x7c, 0x7c, 0x6f, 0x74, 0x82,
	0x6f, 0x83, 0x76, 0x86, 0x8c, 0x81, 0x74, 0x96, 0x63, 0x63, 0x79, 0x89,
	0x5f, 0x6a, 0x8d, 0x75, 0x7d, 0x81, 0x88, 0x77, 0x82, 0x78, 0x6c, 0x77,
	0x9e, 0x64, 0x66, 0x6a, 0x77, 0x85, 0x77, 0x74, 0x7b, 0x88, 0x8d, 0x8a,
	0x8e, 0x68, 0x83, 0x68, 0x8f, 0x79, 0x71, 0x6d, 0x79, 0x88, 0x6a, 0x66,
	0x7a, 0x50, 0x92, 0x8d, 0x88, 0x79, 0x85, 0x88, 0x8d, 0x99, 0x70, 0x77,
	0x61, 0x8b, 0x99, 0x6c, 0x6c, 0x8b, 0x87, 0x81, 0x8a, 0x87, 0x85, 0x89,
	0x1a, 0x80, 0x81, 0x87, 0x95, 0x70, 0x79, 0x7e, 0x82, 0x7a, 0x85, 0x7f,
	0x86, 0x95, 0x7d, 0x8e, 0x74, 0x98, 0x7f, 0x77, 0x7c, 0x75, 0x81, 0x79,
	0x80, 0x7d, 0x76, 0x83, 0x69, 0x88, 0x8b, 0x6e, 0x75, 0x79, 0x75, 0x8b,
	0xa0, 0x6e, 0x67, 0x72, 0x81, 0x88, 0x70, 0x69, 0x87, 0x85, 0x8b, 0x70,
	0x65, 0x86, 0x93, 0x6f, 0x65, 0x7b, 0x78, 0x73, 0x7f, 0x8d, 0x9c, 0x86,
	0x7f, 0x82, 0x74, 0x75, 0x64, 0x7c, 0x5b, 0x69, 0x7b, 0x7f, 0x62, 0x6e,
	0x82, 0x82, 0x7f, 0x5f, 0x7e, 0xa2, 0x7e, 0x96, 0x78, 0x5d, 0x94, 0x89,
	0x86, 0x83, 0x8a, 0x90, 0x89, 0x84, 0x90, 0x7d, 0x94, 0x68, 0x8e, 0x66,
	0x7a, 0x75, 0x60, 0x85, 0x8b, 0x5f, 0x8a, 0x71, 0x6a, 0x68, 0x67, 0x5f,
	0x93, 0x7d, 0x83, 0x6c, 0x67, 0x66, 0x8d, 0x6e, 0x64, 0x80, 0x98, 0x72,
	0x86, 0x75, 0x7e, 0x8b, 0x83, 0x87, 0x8b, 0x7f, 0x88, 0x66, 0x81, 0x69,
	0x83, 0x89, 0x73, 0x75, 0x7a, 0x8d, 0x7e, 0x83, 0x84, 0x7d, 0x85, 0x6c,
	0x87, 0x8e, 0x83, 0x72, 0x5a, 0x74, 0x8a, 0x89, 0x8d, 0x7a, 0x78, 0x80,
	0x77, 0x81, 0x65, 0x92, 0x87, 0x85, 0x7a, 0x85, 0x74, 0x83, 0x7c, 0x81,
	0x7a, 0x85, 0x65, 0x6a, 0x67, 0x8a, 0x66, 0x68, 0x6b, 0x6a, 0x8d, 0x70,
	0x7f, 0x78, 0x7f, 0x81, 0x81, 0x80, 0x65, 0x6c, 0x74, 0x7d, 0x81, 0x83,
	0x7e, 0x83, 0x73, 0x7a, 0x79, 0x95, 0x74, 0x9f, 0x84, 0x85, 0x88, 0x77,
	0xa1, 0x96, 0x53, 0xa3, 0x73, 0x8b, 0x66, 0x7f, 0x83, 0x89, 0x65, 0x80,
	0x87, 0x88, 0x78, 0x76, 0x71, 0x9d, 0x71, 0x8a, 0x6e, 0x89, 0x7f, 0x64,
	0x90, 0x6f, 0x8e, 0x71, 0x88, 0x67, 0x72, 0x63, 0x77, 0x7c, 0x8b, 0x62,
	0x6c, 0x80, 0x68, 0x5a, 0x8d, 0x7e, 0x70, 0x8d, 0x6e, 0x6c, 0x8c, 0x86,
	0x72, 0x81, 0x92, 0x79, 0x41, 0x90, 0x75, 0x71, 0x66, 0x70, 0x87, 0x88,
	0x60, 0x66, 0x8d, 0x96, 0x6e, 0x87, 0x7b, 0x84, 0x7e, 0x9a, 0x9c, 0x6d,
	0x80, 0x95, 0x85, 0x7c, 0x7a, 0x90, 0x83, 0x91, 0x7b, 0x72, 0x72, 0x85,
	0x7a, 0x83, 0x8d, 0x8f, 0x71, 0x5a, 0x8a, 0x7e, 0x82, 0x84, 0x6a, 0x79,
	0x80, 0x80, 0x71, 0x6e, 0x8e, 0x85, 0x8d, 0x8f, 0x76, 0x69, 0x67, 0x86,
	0x8a, 0x7e, 0x75, 0x7a, 0x86, 0x81, 0x7e, 0x7a, 0x68, 0x88, 0x6f, 0x7d,
	0x8a, 0x6b, 0x90, 0x7e, 0x7b, 0x7e, 0x7e, 0x80, 0x80, 0x62, 0x79, 0x87,
	0x79, 0x9c, 0x7b, 0x61, 0x7c, 0x76, 0x7d, 0x80, 0x72, 0x72, 0x7b, 0x77,
	0x78, 0x75, 0x7d, 0x6d, 0x70, 0x66, 0x85, 0x85, 0x88, 0x7a, 0x7a, 0x74,
	0x6b, 0x64, 0x77, 0x7c, 0x6c, 0x78, 0x89, 0x6e, 0x9a, 0x63, 0x70, 0x6f,
	0x67, 0x8c, 0x66, 0x96, 0x88, 0x88, 0x7e, 0x62, 0x81, 0x76, 0x77, 0x88,
	0x81, 0x85, 0x78, 0x7f, 0x6d, 0x6e, 0x6a, 0x8b, 0x7f, 0x6e, 0x97, 0x6e,
	0x6c, 0x8b, 0x7b, 0x8a, 0x74, 0x79, 0x6c, 0x6b, 0x7d, 0x8d, 0x78, 0x86,
	0x73, 0x7b, 0x95, 0x92, 0x53, 0x96, 0x5b, 0x7b, 0x5a, 0x7c, 0x5a, 0x85,
	0x6a, 0x7a, 0x91, 0x76, 0x81, 0x88, 0x7a, 0x6b, 0x7f, 0x7c, 0x79, 0x7d,
	0x85, 0x65, 0x7e, 0x81, 0x72, 0x76, 0x75, 0x79, 0x74, 0x6f, 0x87, 0x86,
	0x83, 0x7f, 0x7a, 0x74, 0x80, 0x75, 0x99, 0x75, 0x67, 0x7a, 0x8f, 0x77,
	0x7c, 0x97, 0x7a, 0x7f, 0x6d, 0x8a, 0x72, 0x7d, 0x7a, 0x7d, 0x7c, 0x7b,
	0x53, 0x80, 0x83, 0x75, 0x83, 0x88, 0x78, 0x76, 0x80, 0x74, 0x64, 0x68,
	0x7f, 0x7e, 0x77, 0x58, 0x7a, 0x76, 0x77, 0x69, 0x6e, 0x8a, 0x7d, 0x66,
	0x82, 0x6e, 0x6a, 0x72, 0x70, 0x75, 0x81, 0x6c, 0x67, 0x6e, 0x77, 0x7d,
	0x84, 0x68, 0x6f, 0x67, 0x66, 0x73, 0x82, 0x86, 0x92, 0x74, 0x6d, 0x6b,
	0x72, 0x97, 0x91, 0x95, 0x7a, 0x71, 0x77, 0x81, 0x76, 0x92, 0x7d, 0x8a,
	0x6f, 0x7d, 0x6e, 0x87, 0x7f, 0x7b, 0xa1, 0x75, 0x6d, 0x9d, 0x74, 0x69,
	0x80, 0x75, 0x6e, 0x51, 0x73, 0x77, 0x7f, 0x73, 0x7b, 0x89, 0x60, 0x86,
	0x92, 0x82, 0x6f, 0x80, 0x86, 0x8a, 0x73, 0x81, 0x7c, 0x82, 0x6a, 0x8a,
	0x76, 0x7c, 0x91, 0x72, 0x7e, 0x83, 0x79, 0x82, 0x7d, 0x73, 0x72, 0x88,
	0x69, 0x7e, 0x73, 0x8b, 0x7f, 0x73, 0x80, 0x74, 0x7e, 0x78, 0x86, 0x83,
	0x7d, 0x7a, 0x71, 0x8d, 0x7d, 0x7c, 0x73, 0x8c, 0x88, 0x78, 0x7e, 0x9a,
	0x72, 0x73, 0x9c, 0x65, 0x8d, 0x8c, 0x7b, 0x80, 0x80, 0x6a, 0x5d, 0x7c,
	0x6e, 0x8a, 0x92, 0x7d, 0x75, 0x8d, 0x75, 0x8a, 0x71, 0x87, 0x86, 0x7a,
	0x5d, 0x80, 0x7e, 0x7a, 0x75, 0x89, 0x7a, 0x7c, 0x79, 0x80, 0x58, 0x82,
	0x5d, 0x8f, 0x82, 0x94, 0x7b, 0x83, 0x76, 0x70, 0x7b, 0x7a, 0x71, 0x83,
	0x8a, 0x89, 0x5e, 0x7d, 0x74, 0x8a, 0x81, 0x8f, 0x78, 0x72, 0x88, 0x80,
	0x80, 0x74, 0x7e, 0x8f, 0x7c, 0x8b, 0x5f, 0x7a, 0x86, 0x78, 0x89, 0x74,
	0x73, 0x79, 0x56, 0x91, 0x8c, 0x74, 0x95, 0x95, 0x8e, 0x9e, 0x7f, 0x7d,
	0x72, 0x74, 0x67, 0x8a, 0x94, 0x88, 0xa4, 0x6a, 0x83, 0x71, 0x69, 0x83,
	0x67, 0x89, 0x78, 0x81, 0x67, 0x87, 0x76, 0x8e, 0x83, 0x82, 0x8f, 0x94,
	0x6c, 0x6c, 0x94, 0x69, 0xa3, 0x89, 0x83, 0x69, 0x67, 0x65, 0x85, 0x9b,
	0x5c, 0x83, 0x76, 0x8f, 0x97, 0x81, 0x6e, 0x86, 0x65, 0x88, 0x62, 0x71,
	0x83, 0x76, 0x7c, 0x8a, 0x71, 0x36, 0x8d, 0x7b, 0x58, 0x6d, 0x77, 0x99,
	0x80, 0x9b, 0x84, 0x7e, 0x7a, 0x6d, 0x7a, 0x6f, 0x92, 0x81, 0x82, 0x7a,
	0x84, 0x6d, 0x8e, 0x85, 0x8c, 0x83, 0x3a, 0x84, 0x76, 0x7d, 0x81, 0x65,
	0x7f, 0x82, 0x8f, 0x76, 0x84, 0x78, 0x6f, 0x75, 0x82, 0x82, 0x5c, 0x6b,
	0x38, 0x7d, 0x7e, 0x83, 0x78, 0x7f, 0x7d, 0x7e, 0x83, 0x7c, 0x7f, 0x5f,
	0x83, 0x93, 0x80, 0x95, 0x7b, 0x99, 0x7f, 0x7c, 0x88, 0x76, 0x80, 0x7a,
	0x7e, 0x8f, 0x72, 0x78, 0x86, 0x78, 0x64, 0x89, 0x8a, 0x7e, 0x93, 0x8f,
	0x7d, 0x76, 0x78, 0x75, 0x92, 0x76, 0x8d, 0x87, 0x67, 0x97, 0x73, 0x88,
	0x8c, 0x84, 0x84, 0x81, 0x71, 0x7d, 0xa0, 0x68, 0x8c, 0x84, 0x78, 0x5a,
	0x81, 0x6b, 0x76, 0x7f, 0x8f, 0x63, 0x77, 0x7b, 0x71, 0x95, 0x81, 0x8c,
	0x5f, 0x85, 0x7f, 0x84, 0x78, 0x89, 0x85, 0x70, 0x8b, 0x7f, 0x8b, 0x62,
	0x65, 0x77, 0x8c, 0x81, 0x75, 0x77, 0x7e, 0x7b, 0x71, 0x85, 0x76, 0x4d,
	0x8a, 0x7e, 0x97, 0x7d, 0x7b, 0x7c, 0x8a, 0x83, 0x71, 0x91, 0x8a, 0x7b,
	0x77, 0x7e, 0x7e, 0x69, 0x88, 0x85, 0x8e, 0x71, 0x7d, 0x7d, 0x87, 0x8c,
	0x8b, 0x74, 0x90, 0x7f, 0x98, 0x7f, 0x6b, 0x87, 0x70, 0x8a, 0x71, 0x8a,
	0x97, 0x95, 0x6e, 0x7b, 0x71, 0x76, 0x84, 0x82, 0x7d, 0x7d, 0x85, 0x74,
	0x6c, 0x82, 0x52, 0x82, 0x8b, 0x83, 0x85, 0x80, 0x80, 0x83, 0x80, 0x90,
	0xef, 0x7e, 0x73, 0x75, 0x63, 0x76, 0x6f, 0x6f, 0x5a, 0x7a, 0x7c, 0x7e,
	0x87, 0x6d, 0x87, 0x71, 0x90, 0x63, 0x82, 0x83, 0x89, 0x7f, 0x8c, 0x6b,
	0x7b, 0x81, 0x78, 0x70, 0x7b, 0x82, 0x7f, 0x73, 0x7a, 0x7b, 0x92, 0x8a,
	0x84, 0x77, 0x81, 0x7c, 0x89, 0x73, 0x70, 0x7d, 0x67, 0x82, 0x80, 0x76,
	0x71, 0x7a, 0x68, 0x88, 0x8d, 0x71, 0x9f, 0x8e, 0x9d, 0x63, 0x6d, 0x80,
	0x72, 0x77, 0x86, 0x89, 0x96, 0xa5, 0x97, 0x73, 0x76, 0x78, 0x7b, 0x80,
	0x81, 0x70, 0x8c, 0x7e, 0x71, 0x9b, 0x7a, 0x87, 0x81, 0x7f, 0x93, 0x8b,
	0x6a, 0x93, 0x8b, 0x71, 0x63, 0x6b, 0x7a, 0x7b, 0x6e, 0x6c, 0x85, 0x9a,
	0x69, 0x80, 0x95, 0x77, 0x76, 0x66, 0x51, 0x61, 0x62, 0x84, 0x6d, 0x6f,
	0x7d, 0x89, 0x88, 0x7d, 0x73, 0x8a, 0x68, 0x77, 0x75, 0x7b, 0x70, 0x75,
	0x71, 0x8b, 0x6f, 0x81, 0x82, 0x65, 0x96, 0x77, 0x90, 0x7f, 0x64, 0x75,
	0x8a, 0x7b, 0x7a, 0x75, 0x98, 0x74, 0x7e, 0x71, 0x7e, 0x6a, 0x89, 0x79,
	0x80, 0x77, 0x89, 0x6c, 0x84, 0x87, 0x76, 0x7e, 0x7f, 0x79, 0x83, 0x80,
	0x5d, 0x7e, 0x8b, 0x6b, 0x7e, 0x82, 0x7a, 0x84, 0x85, 0x86, 0x79, 0x8a,
	0x70, 0x7e, 0x76, 0x80, 0x80, 0x72, 0x7e, 0x8f, 0x7d, 0x81, 0x89, 0x7f,
	0x7a, 0x7c, 0x7e, 0x6e, 0x79, 0x7a, 0x6d, 0x76, 0x7c, 0x77, 0x77, 0x88,
	0x8a, 0x83, 0x75, 0x84, 0x86, 0x87, 0x89, 0x8e, 0x6b, 0x6a, 0x8e, 0x80,
	0x82, 0x65, 0x84, 0x82, 0x83, 0x86, 0x55, 0x6a, 0x84, 0x7c, 0x7f, 0x83,
	0x87, 0x78, 0x8a, 0x93, 0x7a, 0x5e, 0x5f, 0x8b, 0x7a, 0x66, 0x95, 0x7b,
	0x79, 0x77, 0x82, 0x74, 0x76, 0x90, 0x77, 0x82, 0x6a, 0x71, 0x8b, 0x81,
	0x81, 0x80, 0x7b, 0x8a, 0x6b, 0x70, 0x8e, 0x75, 0x86, 0x7c, 0x7a, 0x51,
	0x88, 0x93, 0x6e, 0x71, 0x6e, 0x7b, 0x75, 0x79, 0x58, 0x66, 0x5c, 0x70,
	0x69, 0x60, 0x8c, 0x75, 0x8c, 0x7a, 0x6e, 0x80, 0x81, 0x78, 0x89, 0x7a,
	0x7e, 0x93, 0x7e, 0x83, 0x83, 0x81, 0x6a, 0x7a, 0x9d, 0x6f, 0x7e, 0x7c,
	0x86, 0x89, 0x74, 0x79, 0x5a, 0x7d, 0x8c, 0x69, 0x76, 0x75, 0x79, 0x6c,
	0x89, 0x73, 0x7c, 0x75, 0x72, 0x6f, 0x88, 0x68, 0x7b, 0x79, 0x6b, 0x7d,
	0xb3, 0x80, 0x77, 0x6a, 0x7a, 0x7f, 0x72, 0x73, 0x72, 0x8c, 0x7a, 0x7b,
	0x88, 0x9f, 0x86, 0x93, 0x6e, 0x83, 0x94, 0x82, 0x89, 0x68, 0x73, 0x87,
	0x82, 0x72, 0x71, 0x80, 0x8b, 0x79, 0x7f, 0x88, 0x82, 0x86, 0x7c, 0x8c,
	0x6e, 0x88, 0x82, 0x7f, 0x7b, 0x76, 0x79, 0x66, 0x71, 0x69, 0x7c, 0x6f,
	0x7e, 0x7f, 0x80, 0x72, 0x70, 0x73, 0x86, 0x83, 0x5a, 0x7e, 0x62, 0x78,
	0x8f, 0x5f, 0x8f, 0x7b, 0x8e, 0x75, 0x82, 0x6d, 0x75, 0x6e, 0x7d, 0x83,
	0x85, 0x90, 0x96, 0x7a, 0x7a, 0x5d, 0x79, 0x79, 0x67, 0x80, 0x78, 0x85,
	0x86, 0x95, 0x90, 0x42, 0x73, 0x6b, 0x8f, 0x85, 0x81, 0x89, 0x70, 0x85,
	0x8d, 0x81, 0x60, 0xa1, 0x8b, 0x64, 0x8b, 0x6d, 0x8d, 0x8f, 0x7e, 0x73,
	0x91, 0x84, 0x7c, 0x7a, 0x7c, 0x80, 0x64, 0x7d, 0x83, 0x81, 0x78, 0x6f,
	0x6c, 0x68, 0x8c, 0x7a, 0x79, 0x7a, 0x78, 0x7a, 0x79, 0x79, 0x87, 0x8a,
	0x74, 0x7f, 0x93, 0x6f, 0x84, 0x92, 0x96, 0x6f, 0x65, 0x95, 0x88, 0x88,
	0x61, 0x82, 0x8b, 0x82, 0x74, 0x88, 0x84, 0x75, 0x7b, 0x7a, 0x65, 0x70,
	0x38, 0x82, 0x8c, 0x70, 0x58, 0x8f, 0x81, 0x85, 0x84, 0x6e, 0x79, 0x8a,
	0x6c, 0x84, 0x6c, 0x76, 0x7a, 0x7b, 0x7a, 0x64, 0x77, 0x7b, 0x74, 0x72,
	0x77, 0x77, 0x70, 0x89, 0x74, 0x7b, 0x8e, 0x79, 0x79, 0x76, 0x8e, 0x84,
	0x95, 0x79, 0x7a, 0x7b, 0x79, 0x79, 0x76, 0x7b, 0x86, 0x7a, 0x82, 0x78,
	0x81, 0x87, 0x78, 0x89, 0x77, 0x81, 0x76, 0x7a, 0x72, 0x8c, 0x85, 0x8f,
	0x8e, 0x78, 0x79, 0x6f, 0x76, 0x7d, 0x73, 0x7a, 0x79, 0x9b, 0x7e, 0x71,
	0x8b, 0x8c, 0x78, 0x73, 0x7a, 0x7b, 0x76, 0x74, 0x92, 0x6e, 0x74, 0x95,
	0x7f, 0x70, 0x82, 0x7e, 0x84, 0x90, 0x75, 0x91, 0x76, 0x8e, 0x72, 0x85,
	0x88, 0x7e, 0x83, 0x82, 0x71, 0x75, 0x7f, 0x73, 0x7e, 0x6c, 0x79, 0x84,
	0x82, 0x7b, 0x77, 0x80, 0x7e, 0x59, 0x6b, 0x84, 0x76, 0x70, 0x75, 0x88,
	0x7f, 0x7e, 0x80, 0x85, 0x70, 0x9b, 0x7c, 0x7c, 0x86, 0x76, 0x90, 0x8c,
	0x77, 0x82, 0x7b, 0x7b, 0x7f, 0x84, 0x6a, 0x84, 0x73, 0x75, 0x77, 0x78,
	0x88, 0xa5, 0x80, 0x7c, 0x79, 0x78, 0x86, 0x79, 0x79, 0x7e, 0x7c, 0x8d,
	0x77, 0x7e, 0x72, 0x80, 0x86, 0x81, 0x71, 0x7f, 0x63, 0x76, 0x72, 0x72,
	0x8c, 0x55, 0x93, 0x64, 0x89, 0x7a, 0x84, 0x89, 0x85, 0x8f, 0x7d, 0x5f,
	0x88, 0x79, 0x87, 0x53, 0x7f, 0x6d, 0x83, 0x7f, 0x80, 0x95, 0x3c, 0x5c,
	0x8b, 0x77, 0x81, 0x81, 0x75, 0x88, 0x8b, 0x7d, 0x83, 0x84, 0x78, 0x95,
	0x67, 0x63, 0x8b, 0x68, 0x74, 0x83, 0x81, 0x71, 0x85, 0x69, 0x72, 0x8c,
	0x5c, 0x78, 0x5f, 0x81, 0x87, 0x88, 0x81, 0x64, 0x86, 0x72, 0x93, 0x83,
	0x7e, 0x5b, 0x8b, 0x7e, 0x8b, 0x9f, 0x85, 0x73, 0x66, 0x85, 0x4d, 0x7e,
	0x99, 0x8e, 0x64, 0x9e, 0x74, 0x6f, 0x70, 0x80, 0x8e, 0x98, 0x88, 0x72,
	0x7e, 0x8a, 0x6c, 0x52, 0x6a, 0x85, 0x7a, 0x81, 0x62, 0x75, 0x71, 0x62,
	0x8b, 0x8b, 0x6d, 0x6a, 0x9a, 0x7e, 0x8f, 0x6d, 0x82, 0x8e, 0x8e, 0x6b,
	0x7f, 0x7b, 0x82, 0x85, 0x8e, 0x76, 0x78, 0x8e, 0x90, 0x97, 0x7a, 0x6c,
	0x6a, 0x8e, 0x6f, 0x80, 0x7e, 0x95, 0x99, 0x69, 0x9b, 0x84, 0x8c, 0x76,
	0xa9, 0x79, 0x7f, 0x81, 0x7b, 0x76, 0x82, 0x7f, 0x90, 0x74, 0x85, 0x51,
	0x10, 0x80, 0x86, 0x7d, 0x87, 0x88, 0x80, 0x81, 0x93, 0x73, 0x6a, 0x7d,
	0x7a, 0x8a, 0x6b, 0x7d, 0x7a, 0x76, 0x6e, 0x70, 0x80, 0x77, 0x8e, 0x7a,
	0x7c, 0x7a, 0x86, 0x77, 0x8e, 0x7f, 0x7b, 0x72, 0x71, 0x7d, 0x7e, 0x72,
	0x8a, 0x77, 0x73, 0x7b, 0x7b, 0x78, 0x69, 0x88, 0x82, 0x7c, 0x83, 0x7f,
	0x7c, 0x93, 0x72, 0x99, 0x7b, 0x5f, 0x74, 0x83, 0x77, 0x73, 0x8b, 0x6a,
	0x74, 0x88, 0x7b, 0x73, 0x93, 0x6d, 0x82, 0x60, 0x77, 0x9a, 0x89, 0x8b,
	0xac, 0x79, 0x81, 0x7f, 0x8a, 0x77, 0x89, 0x74, 0x7b, 0x64, 0x81, 0x7f,
	0x76, 0x91, 0x77, 0x97, 0x7d, 0x80, 0x6f, 0x93, 0x6c, 0x81, 0x74, 0x7e,
	0x73, 0x82, 0x85, 0x86, 0x6b, 0x80, 0x83, 0x72, 0x87, 0x7a, 0x88, 0x7d,
	0x88, 0x6b, 0x7e, 0x79, 0x71, 0x65, 0x81, 0x7c, 0x8c, 0x86, 0x8d, 0x6c,
	0x94, 0x6b, 0x88, 0x80, 0x7c, 0x6d, 0x81, 0x7e, 0x80, 0x86, 0x87, 0x7f,
	0x7a, 0x91, 0x8b, 0x6f, 0x79, 0x7f, 0x83, 0x7b, 0x71, 0x82, 0x82, 0x68,
	0x7e, 0x7f, 0x6f, 0x73, 0x77, 0x72, 0x80, 0x8e, 0x72, 0x86, 0x7d, 0x8d,
	0x64, 0x82, 0x76, 0x8b, 0x7f, 0x78, 0x7b, 0x80, 0x80, 0x7a, 0x6a, 0x5d,
	0x7b, 0x75, 0x7e, 0x8b, 0x60, 0x76, 0x82, 0x6b, 0x89, 0x85, 0x79, 0x8a,
	0x75, 0x89, 0x89, 0x7a, 0x81, 0x7e, 0x85, 0x80, 0x7b, 0x8a, 0x71, 0x76,
	0x6f, 0x7c, 0x77, 0x6d, 0x71, 0x87, 0x93, 0x72, 0x8c, 0x7f, 0x6f, 0x8d,
	0x7b, 0x8a, 0x92, 0x85, 0x6b, 0x6f, 0x87, 0x75, 0x65, 0x86, 0x66, 0x6b,
	0x7b, 0x83, 0x71, 0x72, 0x81, 0x79, 0x8f, 0x69, 0x8c, 0x9f, 0x7b, 0x81,
	0x84, 0x73, 0x87, 0x6f, 0x73, 0x7e, 0x8a, 0x6a, 0xa0, 0x5e, 0x70, 0x82,
	0x8a, 0x84, 0x82, 0x73, 0x72, 0x67, 0x76, 0x7e, 0x79, 0x82, 0x67, 0x73,
	0x6e, 0x69, 0x6f, 0x98, 0x81, 0x75, 0x73, 0x7b, 0x69, 0x8b, 0x5f, 0x73,
	0x80, 0x8e, 0x67, 0x6a, 0x85, 0x75, 0x64, 0x6a, 0x84, 0x83, 0x75, 0x74,
	0x8a, 0x5f, 0x77, 0x7d, 0x8b, 0x8b, 0x70, 0x92, 0x71, 0x86, 0x86, 0x82,
	0x7e, 0xa0, 0x65, 0x67, 0x61, 0x7b, 0x89, 0x96, 0x8a, 0x98, 0x79, 0x6f,
	0x8f, 0x9a, 0x7f, 0x75, 0x7e, 0x6a, 0x88, 0x8b, 0x71, 0x83, 0x81, 0x86,
	0xab, 0x82, 0x7b, 0x87, 0x7b, 0x78, 0x7c, 0x7c, 0x7e, 0x70, 0x77, 0x70,
	0x82, 0x7b, 0x77, 0x73, 0x84, 0x69, 0x79, 0x81, 0x7e, 0x7d, 0x7a, 0x73,
	0x78, 0x75, 0x6a, 0x6e, 0x6e, 0x81, 0x8f, 0x7a, 0x70, 0x72, 0x95, 0x80,
	0x93, 0x72, 0x77, 0x7b, 0x84, 0x9c, 0x82, 0x92, 0x7b, 0x87, 0x8d, 0x7b,
	0x75, 0x72, 0x83, 0x74, 0x7a, 0x85, 0x6f, 0x7c, 0x89, 0x67, 0x6f, 0x88,
	0x7d, 0x7d, 0x70, 0x75, 0x8a, 0x7a, 0x66, 0x8b, 0x79, 0x6c, 0x87, 0x6d,
	0x86, 0x6d, 0x78, 0x66, 0x73, 0x83, 0x78, 0x82, 0x84, 0x75, 0x7c, 0x73,
	0x87, 0x80, 0x82, 0x66, 0x8b, 0x73, 0x73, 0x8d, 0x80, 0x7b, 0x8e, 0x82,
	0x56, 0x89, 0x69, 0x81, 0x78, 0x76, 0x70, 0x82, 0x62, 0x81, 0x74, 0x72,
	0x77, 0x72, 0x7e, 0x90, 0x63, 0x8c, 0x6e, 0x7f, 0x89, 0x7a, 0x72, 0x77,
	0x74, 0x86, 0x76, 0xa1, 0x7e, 0x7c, 0x80, 0x77, 0x8c, 0x73, 0x6d, 0x77,
	0x7e, 0x6a, 0x76, 0x87, 0x8c, 0x6c, 0x81, 0x69, 0x8e, 0x75, 0x6e, 0x74,
	0x94, 0x7c, 0x7a, 0x70, 0x72, 0x7a, 0x70, 0x86, 0x7b, 0x7d, 0x86, 0x82,
	0x6d, 0x7d, 0x8a, 0x4e, 0xa6, 0x7c, 0x84, 0x8c, 0x72, 0x5d, 0x52, 0x6b,
	0x7b, 0x66, 0x5e, 0x69, 0x71, 0x84, 0x7c, 0x57, 0x7f, 0x71, 0x7c, 0x84,
	0x85, 0x9c, 0x61, 0x6d, 0x79, 0x86, 0x7d, 0x84, 0x86, 0x7b, 0x77, 0x7c,
	0x79, 0x8e, 0x8e, 0x80, 0x71, 0x84, 0x93, 0x84, 0x87, 0x7e, 0x8a, 0x80,
	0x7f, 0x76, 0x67, 0x85, 0x8f, 0x8f, 0x75, 0x8c, 0x7f, 0x79, 0x58, 0x7b,
	0x62, 0x8d, 0x5a, 0x65, 0x80, 0x8a, 0x88, 0x8d, 0x78, 0x75, 0x8b, 0x75,
	0x85, 0x79, 0x8d, 0x7b, 0x82, 0x85, 0x81, 0x83, 0x69, 0x74, 0x7c, 0x7a,
	0x7e, 0x73, 0x77, 0x53, 0x85, 0x8a, 0x62, 0x94, 0x78, 0x7d, 0x80, 0x80,
	0x84, 0x96, 0x6f, 0x89, 0x53, 0x7e, 0x6c, 0x78, 0x7b, 0x77, 0x73, 0x83,
	0x8c, 0x84, 0x93, 0x70, 0x7f, 0x67, 0x8f, 0x67, 0x83, 0x80, 0x98, 0x95,
	0x79, 0x5f, 0x82, 0x75, 0x78, 0x83, 0x7a, 0x77, 0x88, 0x83, 0x6f, 0x6d,
	0x81, 0x7e, 0x7c, 0x7c, 0x87, 0x74, 0x7a, 0x75, 0x84, 0x84, 0x8d, 0x7e,
	0x6e, 0x94, 0x80, 0x7a, 0x87, 0x79, 0x93, 0x87, 0x59, 0x6d, 0x81, 0x69,
	0x5f, 0x82, 0x6c, 0x86, 0x7c, 0x81, 0x77, 0x71, 0x81, 0x6e, 0x77, 0x7f,
	0x6f, 0x8b, 0x69, 0x7b, 0x81, 0x7a, 0x6b, 0x5e, 0x78, 0x83, 0x72, 0x72,
	0x83, 0x84, 0x66, 0x72, 0x81, 0x83, 0x80, 0x85, 0x74, 0x7d, 0x92, 0x79,
	0x8d, 0x84, 0x8f, 0x85, 0x85, 0x86, 0x83, 0x82, 0x8e, 0x8a, 0x82, 0x88,
	0x8d, 0x6b, 0x76, 0x84, 0x80, 0x88, 0x71, 0x78, 0x7b, 0x6d, 0x81, 0x91,
	0x8a, 0x79, 0x87, 0x59, 0x73, 0x7f, 0x96, 0x8a, 0x84, 0x6d, 0x8b, 0x7e,
	0x75, 0x81, 0x6b, 0x73, 0x6f, 0x79, 0x66, 0x71, 0x7f, 0x64, 0x74, 0x7c,
	0x92, 0x7b, 0x72, 0x8a, 0x7e, 0x90, 0x7d, 0x86, 0x7f, 0x8c, 0x7c, 0x55,
	0xa1, 0x83, 0x87, 0x8e, 0x89, 0x7d, 0x7e, 0x76, 0x6b, 0x7a, 0x6b, 0x94,
	0x6d, 0x77, 0x73, 0x8c, 0x9a, 0x44, 0x8f, 0x72, 0x6b, 0x5b, 0x7f, 0x81,
	0x85, 0x8a, 0x86, 0x8a, 0x7a, 0x81, 0x85, 0x8a, 0x80, 0x68, 0x6d, 0x99,
	0x78, 0x93, 0x7d, 0x76, 0x6b, 0x76, 0x71, 0x92, 0x79, 0x83, 0x71, 0x80,
	0x92, 0x9a, 0x74, 0x87, 0x8d, 0x6a, 0x8c, 0x6a, 0x64, 0x6e, 0x84, 0x7a,
	0x68, 0x82, 0x70, 0x85, 0x7f, 0x7c, 0x7a, 0x77, 0x5e, 0x89, 0x81, 0x73,
	0x78, 0x8c, 0x81, 0x75, 0x8f, 0x75, 0x85, 0x93, 0x8b, 0x88, 0x77, 0x7b,
	0x88, 0x7a, 0x91, 0x76, 0x83, 0x7d, 0x90, 0x7e, 0x73, 0x89, 0x7b, 0x6e,
	0x85, 0x6f, 0x86, 0x85, 0x83, 0x79, 0x89, 0x75, 0x84, 0x73, 0x8d, 0x90,
	0x81, 0x74, 0x72, 0x85, 0x8d, 0x7c, 0x78, 0x85, 0x5c, 0x77, 0x6e, 0x8c,
	0x7b, 0x7b, 0x83, 0x83, 0x6c, 0x84, 0x8e, 0x74, 0x81, 0x73, 0xa1, 0x8e,
	0x75, 0x7e, 0x7d, 0x7a, 0x83, 0x5f, 0x82, 0x75, 0x66, 0x88, 0x5b, 0x64,
	0x7e, 0x70, 0x5c, 0x92, 0x82, 0x7c, 0x93, 0x74, 0x8a, 0x6c, 0x7c, 0x7a,
	0x84, 0x85, 0x63, 0x5a, 0x82, 0x9b, 0x7c, 0x74, 0x87, 0x72, 0x7d, 0x7b,
	0x92, 0x98, 0x78, 0x93, 0x80, 0x9f, 0x88, 0x8c, 0x7c, 0x82, 0x71, 0x79,
	0x79, 0x9f, 0x96, 0x77, 0x66, 0x67, 0x77, 0x80, 0x58, 0x85, 0x7b, 0x7f,
	0x6e, 0x71, 0x7b, 0x6b, 0x7d, 0xa4, 0x7f, 0x65, 0x89, 0x6b, 0x7c, 0x79,
	0x5e, 0x75, 0x93, 0x89, 0x90, 0x87, 0x76, 0x7c, 0x72, 0x76, 0x7b, 0x7c,
	0xe4, 0x83, 0x70, 0x7d, 0x72, 0x71, 0x74, 0x73, 0x81, 0x6d, 0x66, 0x7f,
	0x76, 0x77, 0x70, 0x83, 0x66, 0x76, 0x74, 0x75, 0x85, 0x65, 0x57, 0x9c,
	0x86, 0x99, 0x7a, 0x8f, 0x87, 0x6c, 0x6c, 0x84, 0x90, 0x89, 0x6c, 0x6b,
	0x70, 0x89, 0x90, 0xa3, 0x71, 0x76, 0x88, 0x7d, 0x6b, 0x71, 0x85, 0x82,
	0x7e, 0x75, 0x6b, 0x85, 0x96, 0x97, 0x5b, 0x75, 0x72, 0x77, 0x73, 0x6e,
	0x7a, 0x81, 0x6e, 0x80, 0x74, 0x82, 0x6e, 0x90, 0x77, 0x5f, 0x7a, 0x7c,
	0x75, 0x93, 0x91, 0x5d, 0x8b, 0x6e, 0x82, 0x87, 0x5f, 0x87, 0x6b, 0x5f,
	0x7b, 0x4e, 0x7e, 0x84, 0x7c, 0x7f, 0x80, 0x74, 0x5b, 0x7c, 0x8e, 0x61,
	0x70, 0x85, 0x80, 0x72, 0x95, 0x7e, 0x92, 0x92, 0x92, 0x7b, 0x7f, 0x92,
	0x6d, 0x59, 0x88, 0x8c, 0x84, 0x54, 0x8f, 0x60, 0x72, 0x74, 0x63, 0x82,
	0x83, 0x7a, 0x85, 0x74, 0x6d, 0x81, 0x69, 0x8a, 0x67, 0x8c, 0x73, 0x72,
	0x7b, 0x73, 0x83, 0x86, 0x68, 0x6d, 0x5b, 0x91, 0x7a, 0x7e, 0x91, 0x88,
	0x84, 0x63, 0x51, 0x7f, 0x92, 0x81, 0x80, 0x80, 0x78, 0x69, 0x66, 0x6b,
	0x9e, 0x7e, 0x76, 0x62, 0x96, 0x77, 0x7a, 0x78, 0x78, 0x78, 0x80, 0x5f,
	0x7c, 0x64, 0x92, 0x83, 0x75, 0x84, 0x8b, 0x86, 0x7c, 0x8a, 0x7d, 0x73,
	0x73, 0x6f, 0x72, 0x5f, 0x74, 0x81, 0x68, 0x73, 0x72, 0x73, 0x51, 0x5b,
	0x78, 0x79, 0x78, 0x78, 0x8a, 0x8c, 0x8a, 0x94, 0x77, 0x65, 0x79, 0x73,
	0x78, 0x7b, 0x7a, 0x90, 0x80, 0x82, 0x87, 0x80, 0x73, 0x84, 0x76, 0x6e,
	0x79, 0x7c, 0x5e, 0x7f, 0x7d, 0x8b, 0x89, 0x82, 0x81, 0x5e, 0xa1, 0x83,
	0x7b, 0x7f, 0x83, 0x75, 0x7d, 0x85, 0x7e, 0x77, 0x78, 0x8a, 0x6b, 0x6f,
	0x81, 0x7e, 0x8b, 0x85, 0x79, 0x82, 0x73, 0x8d, 0x74, 0x87, 0x96, 0x85,
	0x59, 0x9c, 0x69, 0x7f, 0x73, 0x68, 0x7e, 0x8a, 0x88, 0x83, 0x7d, 0x86,
	0x84, 0x7c, 0x7a, 0x9b, 0x9b, 0x82, 0x6b, 0x78, 0x90, 0x7f, 0x86, 0x86,
	0x69, 0x6d, 0x7d, 0x73, 0x93, 0x6e, 0x86, 0x70, 0x8a, 0x74, 0x7c, 0x79,
	0x73, 0x56, 0x93, 0x85, 0x93, 0x69, 0x9b, 0x87, 0x84, 0x5b, 0x7a, 0x75,
	0x75, 0x6c, 0x87, 0x7c, 0x71, 0x8a, 0x75, 0x89, 0x7f, 0x78, 0x88, 0x52,
	0xca, 0x80, 0x7b, 0x6a, 0x77, 0x79, 0x7b, 0x7b, 0x8d, 0x96, 0x75, 0x81,
	0x7d, 0x85, 0x74, 0x64, 0x60, 0x81, 0x7e, 0x5b, 0x73, 0x80, 0x6d, 0x70,
	0x81, 0x82, 0x73, 0x8a, 0x83, 0x78, 0x83, 0x80, 0x8d, 0x7f, 0x83, 0x68,
	0x65, 0x89, 0x89, 0x7f, 0x7c, 0x7e, 0x91, 0x62, 0x63, 0x81, 0x8b, 0x70,
	0x97, 0x8e, 0x86, 0x68, 0x84, 0x6c, 0x62, 0x70, 0x80, 0x88, 0x81, 0x60,
	0x93, 0x7c, 0x71, 0x6e, 0x68, 0x78, 0x63, 0x8f, 0x7c, 0x6f, 0x76, 0x7d,
	0x75, 0x87, 0x87, 0x7d, 0x86, 0x6f, 0x7f, 0x7a, 0x6f, 0x71, 0x78, 0x5d,
	0x7b, 0x86, 0x7f, 0x73, 0x71, 0x75, 0x7f, 0x76, 0x8e, 0x84, 0x7a, 0x81,
	0x84, 0x87, 0x8f, 0x8a, 0x84, 0x85, 0x96, 0x92, 0x95, 0x83, 0x7f, 0x89,
	0x75, 0x7a, 0x84, 0x8f, 0x87, 0x73, 0x85, 0x81, 0x73, 0x73, 0x72, 0x74,
	0x7c, 0x6c, 0x71, 0x7d, 0x78, 0x91, 0x73, 0x85, 0x63, 0x7b, 0x8c, 0x75,
	0x7b, 0x73, 0x88, 0x72, 0x58, 0x6e, 0x71, 0x81, 0x7a, 0x6f, 0x91, 0x9a,
	0x87, 0x58, 0x51, 0x79, 0x6f, 0x7d, 0x74, 0x80, 0x86, 0x76, 0x78, 0x77,
	0x80, 0x7e, 0x76, 0x95, 0x51, 0x76, 0x79, 0x7b, 0x71, 0x72, 0x67, 0x76,
	0x8d, 0x98, 0x83, 0x84, 0x8c, 0x94, 0x7e, 0x79, 0x79, 0x75, 0x83, 0x77,
	0x81, 0x99, 0x5d, 0x92, 0x7d, 0x89, 0x83, 0x7b, 0x84, 0x77, 0x73, 0x7b,
	0x84, 0x6e, 0x72, 0x6c, 0x68, 0x7a, 0x8e, 0x84, 0x7d, 0x73, 0x77, 0x86,
	0x6a, 0x89, 0x72, 0x7c, 0x79, 0x82, 0x6f, 0x7c, 0x85, 0x8c, 0x91, 0x68,
	0x6f, 0x90, 0x72, 0x81, 0x73, 0x6b, 0x66, 0x6a, 0x62, 0x64, 0x9d, 0x6b,
	0x90, 0x8b, 0x99, 0x84, 0x92, 0x85, 0x91, 0x7b, 0x63, 0x6f, 0x73, 0x79,
	0x6d, 0x62, 0x90, 0x83, 0x84, 0x95, 0x6a, 0x91, 0x82, 0x6f, 0x7c, 0x7c,
	0x82, 0x7e, 0x82, 0x66, 0x6a, 0x78, 0x87, 0x79, 0x79, 0x7e, 0x72, 0x7e,
	0x72, 0x55, 0x76, 0x86, 0x8d, 0x68, 0xa7, 0x72, 0x89, 0x84, 0x8e, 0x9e,
	0x8a, 0x76, 0x78, 0x7d, 0x74, 0x8c, 0x5f, 0x96, 0x8a, 0x76, 0x86, 0x68,
	0x6d, 0x71, 0x76, 0x86, 0x9e, 0x6f, 0x68, 0x97, 0x94, 0x7b, 0x76, 0x67,
	0x68, 0x67, 0x67, 0x6f, 0x86, 0x8c, 0x8d, 0x70, 0x92, 0x65, 0x89, 0x5b,
	0x1e, 0x80, 0x7b, 0x7f, 0x8d, 0x81, 0x7b, 0x7c, 0x92, 0x92, 0x7b, 0x78,
	0x7d, 0x97, 0x8f, 0x87, 0x89, 0x7f, 0x82, 0x7a, 0x7c, 0x88, 0x68, 0x7e,
	0x81, 0x80, 0x7a, 0x8d, 0x8c, 0x82, 0x82, 0x74, 0x88, 0x75, 0x8c, 0x90,
	0x93, 0x87, 0x7b, 0x77, 0x7a, 0x7b, 0x59, 0x71, 0x64, 0x73, 0x76, 0x64,
	0x75, 0x80, 0x76, 0x70, 0x79, 0x77, 0x6e, 0x90, 0x7e, 0x83, 0x78, 0x73,
	0x89, 0x6f, 0x8a, 0x80, 0x89, 0x86, 0x8e, 0x6f, 0x94, 0x97, 0x6e, 0x77,
	0x64, 0x84, 0x72, 0x7a, 0x6f, 0x6e, 0x8a, 0x81, 0x67, 0x72, 0x90, 0x78,
	0x81, 0x89, 0x94, 0x65, 0x7e, 0x73, 0x90, 0x80, 0x64, 0x76, 0x6d, 0x92,
	0x6d, 0x7c, 0x72, 0x87, 0xa7, 0x86, 0x78, 0x7c, 0x70, 0x85, 0x75, 0x78,
	0x9d, 0x73, 0x79, 0x7e, 0x78, 0x77, 0x7e, 0x88, 0x7c, 0x67, 0x68, 0x80,
	0x6b, 0x80, 0x70, 0x7e, 0x83, 0x80, 0x71, 0x6d, 0x7b, 0x86, 0x7d, 0x73,
	0x85, 0x5f, 0x70, 0x65, 0x91, 0x87, 0x74, 0x7b, 0x6c, 0x7a, 0x8a, 0x84,
	0x6d, 0x76, 0x86, 0x85, 0x77, 0x81, 0x7a, 0x84, 0x7d, 0x88, 0x88, 0x89,
	0x80, 0x82, 0x77, 0x70, 0x74, 0x85, 0x6e, 0x73, 0x8d, 0x70, 0x7e, 0x86,
	0x7a, 0x73, 0x7b, 0x96, 0x72, 0x7d, 0x84, 0x80, 0x90, 0x68, 0x89, 0x90,
	0x81, 0x93, 0x80, 0x86, 0x76, 0x90, 0x80, 0x97, 0x7a, 0x94, 0x74, 0x93,
	0x7f, 0x7f, 0x72, 0x86, 0x85, 0x71, 0x56, 0x74, 0xa0, 0x73, 0x6e, 0x78,
	0x6f, 0x9e, 0x88, 0x6e, 0x88, 0x66, 0x8c, 0x72, 0x83, 0x88, 0x79, 0x7a,
	0x82, 0x83, 0x7d, 0x8e, 0x80, 0x7c, 0x8f, 0x71, 0x77, 0x90, 0x5d, 0x8c,
	0x82, 0x82, 0x8b, 0x7d, 0x6b, 0x89, 0x7c, 0x80, 0x8b, 0x82, 0x97, 0x9a,
	0x67, 0x84, 0x98, 0x6f, 0x80, 0x72, 0x88, 0x7c, 0x8d, 0x95, 0x73, 0x7c,
	0x75, 0x5e, 0xa2, 0x89, 0x7f, 0x7a, 0x75, 0x72, 0x53, 0x8c, 0x6b, 0x67,
	0x70, 0x7b, 0x7f, 0x5c, 0x6b, 0x82, 0x7b, 0x6d, 0x83, 0x89, 0x76, 0x7b,
	0x8d, 0x73, 0x6f, 0x61, 0x90, 0x8d, 0x71, 0x80, 0x93, 0x94, 0x7e, 0x8e,
	0x85, 0x7d, 0x74, 0x7c, 0x77, 0x88, 0x8f, 0x82, 0x78, 0x87, 0x7e, 0x6f,
	0x84, 0x8c, 0x8c, 0x92, 0x63, 0x76, 0x6d, 0x8b, 0x81, 0x7b, 0x7a, 0x74,
	0x79, 0x7f, 0x69, 0x89, 0x8a, 0x7c, 0x7c, 0x7b, 0x66, 0x72, 0x60, 0x79,
	0x8a, 0x84, 0x93, 0x77, 0x6d, 0x7b, 0x7a, 0x84, 0x7f, 0x81, 0x8f, 0x8a,
	0x77, 0x73, 0x7e, 0x88, 0x6c, 0x81, 0x76, 0x74, 0x7a, 0x88, 0x7e, 0x92,
	0x6f, 0x83, 0x75, 0x80, 0x86, 0x80, 0x81, 0x89, 0x81, 0x7b, 0x83, 0x7d,
	0x86, 0x8a, 0x6b, 0x7e, 0x80, 0x7e, 0x7d, 0x7a, 0x6f, 0x68, 0x67, 0x7a,
	0x74, 0x77, 0x8f, 0x81, 0x88, 0x61, 0x7a, 0x7a, 0x73, 0x86, 0x77, 0x91,
	0x8e, 0x76, 0x86, 0x76, 0x80, 0x66, 0x7e, 0x76, 0x7b, 0x77, 0x74, 0x71,
	0x8a, 0x70, 0x84, 0x4a, 0x79, 0x78, 0x93, 0x89, 0x6d, 0x7d, 0x80, 0x69,
	0x83, 0x79, 0x83, 0x77, 0x85, 0x71, 0x7a, 0x75, 0x88, 0x97, 0x8f, 0x84,
	0x80, 0x7a, 0x7b, 0x65, 0x6c, 0x8c, 0x79, 0x81, 0x7c, 0x78, 0x84, 0x74,
	0x97, 0x7a, 0x89, 0x84, 0x72, 0x76, 0x84, 0x94, 0x79, 0x89, 0x76, 0x84,
	0x7d, 0x93, 0x78, 0x7c, 0x6e, 0x82, 0x8b, 0x80, 0x7d, 0x8b, 0x7a, 0x88,
	0x7b, 0x76, 0x77, 0x75, 0x7c, 0x91, 0x8a, 0x83, 0x85, 0x80, 0x7d, 0x7b,
	0x01, 0x80, 0x86, 0x84, 0x7e, 0x7b, 0x81, 0x7d, 0x88, 0x79, 0x7f, 0x7b,
	0x78, 0x8e, 0x76, 0x8b, 0x77, 0x8a, 0x69, 0x6b, 0x73, 0x62, 0x87, 0x7e,
	0x89, 0x7e, 0x81, 0x86, 0x69, 0x81, 0x78, 0x7b, 0x6d, 0x7c, 0x98, 0x9d,
	0x7a, 0x86, 0x76, 0x78, 0x7d, 0x78, 0x6e, 0x89, 0x73, 0x8b, 0x79, 0x75,
	0x7d, 0x94, 0x80, 0x87, 0x80, 0x88, 0x87, 0x89, 0x78, 0x85, 0x7e, 0x79,
	0x83, 0x80, 0x7f, 0x73, 0x7a, 0x82, 0x78, 0x74, 0x74, 0x80, 0x64, 0x76,
	0x7f, 0x90, 0x8b, 0x74, 0x79, 0x75, 0x82, 0x73, 0x8a, 0x8c, 0x9f, 0x70,
	0x68, 0x75, 0x82, 0x6e, 0x86, 0x8c, 0x86, 0x7e, 0x85, 0x72, 0x7b, 0x7b,
	0x81, 0x5f, 0x7e, 0x75, 0x90, 0x97, 0x84, 0x79, 0x78, 0x78, 0x8a, 0x75,
	0x84, 0x7c, 0x88, 0x84, 0x6d, 0x72, 0x84, 0x8a, 0x6a, 0x89, 0x7c, 0x8e,
	0x7d, 0x95, 0x79, 0x94, 0x87, 0x7e, 0x7a, 0x7d, 0x7f, 0x84, 0x85, 0x80,
	0x8c, 0x86, 0x6f, 0x83, 0x83, 0x8d, 0x88, 0x8f, 0x70, 0x70, 0x81, 0x7f,
	0x71, 0x88, 0x96, 0x94, 0x90, 0x73, 0x81, 0x7f, 0x6f, 0x80, 0x6d, 0x8d,
	0x57, 0x7d, 0x72, 0x7f, 0x81, 0x70, 0x79, 0x77, 0x48, 0x6e, 0x80, 0x65,
	0x8d, 0x3f, 0x90, 0x87, 0x7a, 0x6f, 0x8d, 0x98, 0x8e, 0x41, 0x79, 0x77,
	0x84, 0x83, 0x7a, 0x7a, 0x82, 0x86, 0x7f, 0x8b, 0x81, 0x7e, 0x83, 0x83,
	0x80, 0x78, 0x7a, 0x83, 0x7c, 0x82, 0x80, 0x68, 0x83, 0x8a, 0x7f, 0x85,
	0x81, 0x8f, 0x8e, 0x8a, 0x73, 0x77, 0x7a, 0x86, 0x7c, 0x64, 0x67, 0x81,
	0x79, 0x6b, 0x6d, 0xb0, 0x7c, 0x8a, 0x85, 0x85, 0x89, 0x7d, 0x74, 0x96,
	0x84, 0x71, 0x7c, 0x7c, 0x65, 0x84, 0x75, 0x7a, 0x76, 0x85, 0x8e, 0x7f,
	0x86, 0x82, 0x68, 0x8d, 0x74, 0x31, 0x95, 0x60, 0x83, 0x83, 0x74, 0x83,
	0x8c, 0x78, 0x82, 0x57, 0x97, 0x6c, 0x5f, 0x70, 0x60, 0x85, 0x79, 0x73,
	0x79, 0x7e, 0x89, 0x7e, 0x77, 0x99, 0x66, 0x7b, 0x69, 0x81, 0x7a, 0x7a,
	0x85, 0x84, 0x61, 0x8d, 0x85, 0x89, 0x94, 0x86, 0x77, 0x8a, 0x85, 0x7a,
	0x85, 0x8e, 0x81, 0x89, 0x7e, 0x85, 0x98, 0x57, 0x84, 0x89, 0x74, 0x7e,
	0x88, 0x8e, 0x85, 0x81, 0x8a, 0x99, 0x7f, 0x84, 0xb1, 0x8b, 0x78, 0x74,
	0x01, 0x81, 0x83, 0x93, 0x7a, 0x86, 0x82, 0x84, 0x83, 0x6f, 0x80, 0x71,
	0x80, 0x73, 0x76, 0x89, 0x81, 0x83, 0x74, 0x7d, 0x77, 0x8f, 0x74, 0x73,
	0x84, 0x77, 0x80, 0x86, 0x85, 0x74, 0x8f, 0x7e, 0x77, 0x7a, 0x6d, 0x87,
	0x8b, 0x79, 0x72, 0x7c, 0x7e, 0x86, 0x7f, 0x83, 0x74, 0x6b, 0x89, 0x85,
	0x7d, 0x7c, 0x7b, 0x67, 0x83, 0x7c, 0x8d, 0x91, 0x80, 0x7a, 0x7e, 0x76,
	0x74, 0x78, 0x82, 0x81, 0x8c, 0x86, 0x7e, 0x72, 0x7b, 0x85, 0x85, 0x88,
	0x86, 0x7d, 0x69, 0x85, 0x81, 0x83, 0x7e, 0x7c, 0x7c, 0x6b, 0x78, 0x84,
	0x8c, 0x5f, 0x69, 0x7d, 0x84, 0x90, 0x70, 0x8b, 0x6e, 0x7e, 0x83, 0x7b,
	0x77, 0x88, 0x66, 0x67, 0x77, 0x74, 0x8d, 0x75, 0x92, 0x97, 0x87, 0x6b,
	0x7b, 0x80, 0x8a, 0x50, 0x85, 0x85, 0x88, 0x85, 0x70, 0x7d, 0x6e, 0x7d,
	0x7a, 0x81, 0x79, 0x90, 0x88, 0x7f, 0x7a, 0x83, 0x91, 0x77, 0x76, 0x7a,
	0x7f, 0x7d, 0x6b, 0x76, 0x8e, 0x8e, 0x66, 0x6e, 0x81, 0x6f, 0x81, 0x87,
	0x87, 0x84, 0x73, 0x6f, 0x8c, 0x7a, 0x71, 0x79, 0x72, 0x82, 0x86, 0x79,
	0x69, 0x7f, 0x67, 0x87, 0x87, 0x83, 0x71, 0x7c, 0x6b, 0x5d, 0x86, 0x6b,
	0x79, 0x68, 0x78, 0x76, 0x7c, 0x66, 0x88, 0x8a, 0x86, 0x7d, 0x6d, 0x7e,
	0x87, 0x65, 0x76, 0x84, 0x64, 0x7c, 0x7b, 0x6e, 0x55, 0x6e, 0x81, 0x80,
	0x7c, 0x84, 0x82, 0x71, 0x70, 0x7e, 0x88, 0x77, 0x70, 0x7e, 0x7c, 0x6e,
	0x71, 0x86, 0x6c, 0x84, 0x8f, 0x73, 0x83, 0x75, 0x7b, 0x69, 0x82, 0x77,
	0x7e, 0x73, 0x7d, 0xa0, 0x84, 0x92, 0x83, 0x75, 0x81, 0x80, 0x91, 0x7b,
	0xab, 0x7c, 0x6d, 0x86, 0x82, 0x84, 0x79, 0x85, 0x84, 0x92, 0x83, 0x7f,
	0x6e, 0x48, 0x57, 0x90, 0x83, 0x6a, 0x6e, 0x8f, 0x7b, 0x76, 0x7f, 0x82,
	0x6f, 0x87, 0x6b, 0x6b, 0x73, 0x79, 0x73, 0x84, 0x74, 0x6e, 0x7c, 0x7e,
	0x88, 0x8c, 0x6b, 0x8a, 0x83, 0x84, 0x68, 0x7d, 0x8f, 0x87, 0x72, 0x8d,
	0x77, 0x83, 0x88, 0x77, 0x6b, 0x79, 0x78, 0x6c, 0x8b, 0x7a, 0x92, 0x80,
	0x7e, 0x72, 0x7d, 0x7d, 0x84, 0x73, 0x90, 0x51, 0x7e, 0x6b, 0x5f, 0x86,
	0x8b, 0x72, 0x8c, 0x81, 0x83, 0x64, 0x73, 0x5f, 0x91, 0x75, 0x93, 0x65,
	0xa9, 0x7f, 0x73, 0x84, 0x77, 0x82, 0x78, 0x7d, 0x6e, 0x42, 0x75, 0x76,
	0x84, 0x63, 0x90, 0x8d, 0x80, 0x73, 0x65, 0x86, 0x75, 0x7f, 0x5b, 0x7e,
	0x79, 0x89, 0x86, 0x88, 0x86, 0x84, 0x68, 0x7d, 0x6f, 0x75, 0x83, 0x7e,
	0x83, 0x71, 0x80, 0x81, 0x6e, 0x7b, 0x8f, 0x74, 0x7d, 0x93, 0x73, 0x6c,
	0x80, 0x82, 0x72, 0x79, 0x7b, 0x7d, 0x8d, 0x73, 0x77, 0x61, 0x7e, 0x75,
	0x5b, 0x88, 0x74, 0x9a, 0x90, 0x7d, 0x80, 0x88, 0x7e, 0x89, 0x89, 0x86,
	0x81, 0x7a, 0x7f, 0x77, 0x85, 0x77, 0x82, 0x78, 0x90, 0x84, 0x67, 0x80,
	0x8a, 0x59, 0x47, 0xa2, 0x8f, 0x6e, 0x71, 0x7f, 0x77, 0x96, 0x76, 0x7f,
	0x7f, 0x78, 0x74, 0x61, 0x78, 0x74, 0x6d, 0x77, 0x6d, 0x7a, 0x7e, 0x7f,
	0x8d, 0x6f, 0x75, 0x7c, 0x81, 0x7a, 0x7c, 0x6d, 0x7d, 0x92, 0x60, 0x77,
	0x7c, 0x7f, 0x6f, 0x76, 0x74, 0x7e, 0x8d, 0x8c, 0x7f, 0x86, 0x79, 0x8b,
	0x6d, 0x85, 0x7e, 0x85, 0x81, 0x83, 0xa3, 0x7b, 0x8f, 0x7b, 0x83, 0x7d,
	0x88, 0x7d, 0x74, 0x6a, 0x84, 0x79, 0x60, 0x80, 0x91, 0x82, 0x8f, 0x5b,
	0x94, 0x83, 0x5f, 0x8e, 0x88, 0x63, 0x68, 0x76, 0x78, 0x7d, 0x74, 0x88,
	0x7a, 0x71, 0x89, 0x82, 0x6e, 0x7c, 0x7f, 0x81, 0x7a, 0x71, 0x70, 0x7a,
	0x64, 0x7b, 0x7e, 0x8f, 0x7e, 0x8c, 0x86, 0x70, 0x86, 0x81, 0x6b, 0x85,
	0x74, 0x7c, 0x81, 0x6c, 0x78, 0x7f, 0x90, 0x74, 0x75, 0x6e, 0x83, 0x89,
	0x7b, 0x7c, 0x85, 0x71, 0x8c, 0x65, 0x64, 0x8d, 0x3c, 0x7f, 0x70, 0x83,
	0x76, 0x93, 0x7f, 0x7f, 0x74, 0x82, 0x89, 0x5f, 0x81, 0x65, 0x77, 0x72,
	0x85, 0x8e, 0x88, 0x69, 0x8f, 0x73, 0x79, 0x82, 0x7e, 0x8f, 0x6a, 0x71,
	0xa2, 0x7e, 0x86, 0x67, 0x89, 0x95, 0x79, 0x85, 0x88, 0x7b, 0x6e, 0x85,
	0x64, 0x79, 0x2b, 0x9a, 0x69, 0x91, 0x75, 0x86, 0x82, 0x5d, 0x88, 0x7d,
	0x87, 0x80, 0x77, 0x9b, 0x5d, 0x83, 0x82, 0x79, 0x82, 0x74, 0x75, 0x87,
	0x7a, 0x71, 0x74, 0x6e, 0x81, 0x99, 0x98, 0x8d, 0x79, 0x87, 0x80, 0x86,
	0x78, 0x5a, 0x8b, 0x88, 0x74, 0xa8, 0xa2, 0xac, 0x98, 0x7b, 0x73, 0x7f,
	0x80, 0x6f, 0xa7, 0x7e, 0x87, 0x72, 0x67, 0x88, 0x79, 0x7f, 0x78, 0x78,
	0x37, 0x81, 0x81, 0x7f, 0x7e, 0x7f, 0x7f, 0x81, 0x65, 0x84, 0x7b, 0x7c,
	0x7d, 0x78, 0x92, 0x89, 0x8e, 0x82, 0x7b, 0x91, 0x86, 0x8d, 0x86, 0x72,
	0x78, 0x7a, 0x8d, 0x82, 0x89, 0x72, 0x6c, 0x73, 0x8a, 0x78, 0x90, 0x8b,
	0x76, 0x7c, 0x79, 0x77, 0x7c, 0x77, 0x7c, 0x88, 0x6b, 0x74, 0x7e, 0x82,
	0x75, 0x74, 0x8e, 0x7d, 0x70, 0x7d, 0x84, 0x76, 0x89, 0x6c, 0x6c, 0x7f,
	0x81, 0x76, 0x94, 0x86, 0x9b, 0x63, 0x74, 0x72, 0x80, 0x81, 0x7b, 0x86,
	0x6b, 0x7f, 0x6e, 0x8a, 0x75, 0x81, 0x71, 0x75, 0x8b, 0x78, 0x94, 0x8f,
	0x8c, 0x81, 0x6c, 0x70, 0x66, 0x7d, 0x91, 0x7a, 0x6c, 0x99, 0x77, 0x64,
	0x75, 0x99, 0x81, 0x8b, 0x97, 0x85, 0x6d, 0x81, 0x63, 0x8f, 0x70, 0x7d,
	0x77, 0x83, 0x94, 0x70, 0x6f, 0x90, 0x7a, 0x82, 0x79, 0x77, 0x6f, 0x68,
	0x7c, 0x8b, 0x6e, 0x7c, 0x81, 0x64, 0x72, 0x72, 0x85, 0x7f, 0x76, 0x72,
	0x84, 0x97, 0x66, 0x69, 0x75, 0x5b, 0x7f, 0x95, 0x6d, 0x6e, 0x91, 0x81,
	0x67, 0x81, 0x6c, 0x72, 0x87, 0x89, 0x79, 0x6f, 0x7f, 0x83, 0x7b, 0x84,
	0x50, 0x83, 0x85, 0x66, 0x80, 0x80, 0x81, 0x81, 0x83, 0x84, 0x76, 0x91,
	0x62, 0x7a, 0x8b, 0x78, 0x7e, 0x78, 0x74, 0x7c, 0x76, 0x8a, 0x7f, 0x77,
	0x97, 0x77, 0x60, 0x8e, 0x74, 0x8a, 0x96, 0x6e, 0x67, 0x76, 0x8a, 0x72,
	0x8f, 0x6f, 0x6e, 0x79, 0x77, 0x79, 0x6e, 0x7b, 0x75, 0x99, 0x8e, 0x6f,
	0x83, 0x8c, 0x9d, 0x90, 0x70, 0x80, 0x91, 0x82, 0x86, 0x7f, 0x72, 0x8c,
	0x7e, 0x85, 0x7c, 0x74, 0x87, 0x68, 0x73, 0x85, 0x75, 0x8a, 0x7c, 0x94,
	0x57, 0x72, 0x6e, 0x84, 0x72, 0x7d, 0x95, 0x8c, 0x94, 0x71, 0x6c, 0x71,
	0x7e, 0x7a, 0x6a, 0x70, 0x74, 0x8d, 0x82, 0x88, 0x89, 0x81, 0x86, 0x70,
	0x95, 0x79, 0x8a, 0x74, 0x8c, 0x6d, 0x91, 0x7a, 0x78, 0x71, 0x73, 0x77,
	0x88, 0xa0, 0x72, 0x87, 0x5f, 0x80, 0x7c, 0x70, 0x77, 0x6b, 0x90, 0x88,
	0x6e, 0x7f, 0x73, 0x8b, 0x78, 0x8c, 0x8f, 0x73, 0x66, 0x70, 0x79, 0x80,
	0x81, 0x7f, 0x78, 0x64, 0x82, 0x8c, 0x7a, 0x6b, 0x83, 0x6c, 0x5c, 0x94,
	0x7f, 0x87, 0x8b, 0x88, 0x7e, 0x77, 0x65, 0x91, 0x66, 0x6b, 0x78, 0x85,
	0x76, 0x7d, 0x7d, 0x6f, 0x80, 0x7e, 0x7b, 0x79, 0x92, 0x72, 0x79, 0x60,
	0x88, 0x69, 0x86, 0x85, 0x74, 0x77, 0x84, 0x93, 0x82, 0x70, 0x5a, 0x8a,
	0x7c, 0x76, 0x8b, 0x7f, 0x83, 0x7b, 0x80, 0x7c, 0x7d, 0x71, 0x8a, 0x7d,
	0x7f, 0x88, 0x7a, 0x81, 0x7f, 0x8a, 0x7a, 0x94, 0x6e, 0x89, 0x83, 0x88,
	0x8f, 0x65, 0x79, 0x7e, 0x7c, 0x80, 0x7d, 0x71, 0x70, 0x72, 0x95, 0x87,
	0x82, 0x76, 0x91, 0x8f, 0x82, 0x7f, 0x5d, 0x74, 0x7c, 0x8f, 0x78, 0x81,
	0x8d, 0x89, 0x83, 0x82, 0x7e, 0x7e, 0x80, 0x8a, 0x7a, 0x6d, 0x74, 0x5f,
	0x74, 0x6f, 0x88, 0xa0, 0x72, 0x64, 0x85, 0x5f, 0x74, 0x77, 0x80, 0x75,
	0x8e, 0x85, 0x79, 0x75, 0x8c, 0x84, 0x79, 0x7e, 0x7d, 0x7c, 0x8a, 0x8a,
	0x86, 0x72, 0x76, 0x79, 0x83, 0x63, 0x84, 0x77, 0x89, 0x8e, 0x7d, 0x94,
	0x74, 0x86, 0x7d, 0x7a, 0x7d, 0x7c, 0x6a, 0x81, 0x62, 0x73, 0x8a, 0x6f,
	0x8f, 0x90, 0x74, 0x6c, 0x66, 0x72, 0x7d, 0x63, 0x7a, 0x83, 0x70, 0x7a,
	0x8f, 0x73, 0x64, 0x48, 0x87, 0x77, 0x8a, 0x6d, 0x7f, 0x89, 0x89, 0x87,
	0xe2, 0x7e, 0x7f, 0x85, 0x5e, 0x7d, 0x82, 0x81, 0x7d, 0x81, 0x5d, 0x82,
	0x4c, 0x7a, 0x63, 0x70, 0x68, 0x6d, 0x69, 0x5e, 0x72, 0x69, 0x76, 0x7a,
	0x7e, 0x81, 0x6e, 0x88, 0x8a, 0x78, 0x90, 0x7c, 0x81, 0x83, 0x78, 0x6e,
	0x8b, 0x7b, 0x71, 0x7c, 0x75, 0x76, 0x79, 0x68, 0x80, 0x86, 0x86, 0x7f,
	0x6f, 0x7d, 0x8d, 0x80, 0x73, 0x76, 0x68, 0x82, 0x6c, 0x86, 0x6d, 0x85,
	0x85, 0x8d, 0x74, 0x68, 0x7f, 0x7e, 0x83, 0x80, 0x6c, 0x70, 0x78, 0x7c,
	0x63, 0x7b, 0x80, 0x7b, 0x7f, 0x7f, 0x69, 0x84, 0x72, 0x71, 0x6d, 0x65,
	0x7f, 0x80, 0x6f, 0x7c, 0x98, 0x8f, 0x60, 0x7d, 0x76, 0x7f, 0x6b, 0x80,
	0x4d, 0x7d, 0x7a, 0x66, 0x74, 0x7b, 0x90, 0x8e, 0x87, 0x6a, 0x7e, 0x8f,
	0x63, 0x6c, 0x89, 0x76, 0x78, 0x58, 0x85, 0x7d, 0x65, 0x79, 0x79, 0x67,
	0x8f, 0x92, 0x7b, 0x84, 0x76, 0x96, 0x6b, 0x83, 0x81, 0x79, 0x89, 0x88,
	0x6d, 0x77, 0x73, 0x89, 0x89, 0x7b, 0x62, 0x8a, 0x8a, 0x73, 0x89, 0x8e,
	0x92, 0x79, 0x7e, 0x83, 0x82, 0x68, 0x78, 0x81, 0x7a, 0x66, 0x70, 0x73,
	0xb2, 0x83, 0x7b, 0x71, 0x81, 0x72, 0x82, 0x76, 0x95, 0x6b, 0x80, 0x80,
	0x7b, 0x71, 0x60, 0x6e, 0x92, 0x68, 0x7f, 0x77, 0x75, 0x84, 0x4e, 0x52,
	0x8c, 0x79, 0x8d, 0x86, 0x7b, 0x6b, 0x80, 0x72, 0x70, 0x6c, 0x81, 0x7f,
	0x7c, 0x67, 0x72, 0x76, 0x6f, 0x7a, 0x7a, 0x67, 0x6a, 0x7d, 0x7f, 0x7e,
	0x7e, 0x7c, 0x80, 0x7c, 0x74, 0x7f, 0x6d, 0x8e, 0x71, 0x79, 0x95, 0x8d,
	0x8c, 0x6d, 0x89, 0x6a, 0x7d, 0x8a, 0x6d, 0x88, 0x82, 0x82, 0x74, 0x77,
	0x92, 0x77, 0x71, 0x7f, 0x76, 0x7f, 0x6c, 0x8a, 0x75, 0x86, 0x8e, 0x7c,
	0x6d, 0x60, 0x68, 0x9a, 0x75, 0x8c, 0x7d, 0x94, 0x89, 0x5d, 0x92, 0x93,
	0x7f, 0x87, 0x93, 0x76, 0x78, 0x7a, 0x7f, 0x7d, 0x75, 0x78, 0x71, 0x7f,
	0x67, 0x68, 0x82, 0x83, 0x8a, 0x71, 0x6d, 0x7a, 0x78, 0x76, 0x6b, 0x85,
	0x7f, 0x7a, 0x74, 0x86, 0x74, 0x86, 0x87, 0x75, 0x76, 0x67, 0x71, 0x87,
	0x76, 0x6c, 0x88, 0x74, 0x71, 0x66, 0x77, 0x6b, 0x7d, 0x64, 0x6a, 0x90,
	0x86, 0x92, 0x80, 0x89, 0x7b, 0x8b, 0x70, 0x79, 0x75, 0x8d, 0x8c, 0x8b,
	0xbf, 0x7e, 0x79, 0x77, 0x8a, 0x7a, 0x79, 0x78, 0x84, 0x7a, 0x6c, 0x5d,
	0x5e, 0x7b, 0x79, 0x88, 0x6c, 0x6d, 0x89, 0x72, 0x78, 0x86, 0x75, 0x7f,
	0x82, 0x81, 0x6d, 0x85, 0x87, 0x83, 0x7d, 0x80, 0x7a, 0x80, 0x90, 0x86,
	0x67, 0x77, 0x72, 0x77, 0x73, 0x70, 0x6f, 0x83, 0x7f, 0x93, 0x73, 0x92,
	0x78, 0x83, 0x67, 0x75, 0x69, 0x76, 0x94, 0x58, 0x78, 0x6c, 0x8c, 0x6f,
	0x69, 0x7e, 0x65, 0x61, 0x84, 0x68, 0x6e, 0x83, 0x7c, 0x99, 0x79, 0x85,
	0x64, 0x8c, 0x78, 0x68, 0x75, 0x69, 0x89, 0x80, 0x96, 0x6e, 0x8a, 0x6e,
	0x56, 0x6f, 0x84, 0x76, 0x9b, 0x7d, 0x6f, 0x69, 0x72, 0x81, 0x63, 0x73,
	0x68, 0x64, 0x8b, 0x8a, 0x88, 0x7f, 0x79, 0x80, 0x7b, 0x69, 0x81, 0x89,
	0x7d, 0x66, 0x79, 0x87, 0x86, 0x6d, 0x76, 0x66, 0x7c, 0x5c, 0x74, 0x93,
	0x91, 0x74, 0x73, 0x73, 0x7f, 0x8b, 0x46, 0x75, 0x65, 0x79, 0x79, 0x7e,
	0x7d, 0x7c, 0x6a, 0x7b, 0x7c, 0x75, 0x34, 0x7f, 0x8a, 0x8a, 0x76, 0x82,
	0x98, 0x83, 0x75, 0x6d, 0x9c, 0x6b, 0x83, 0x78, 0x6f, 0x6f, 0x68, 0x80,
	0xa1, 0x7e, 0x72, 0x87, 0x83, 0x83, 0x83, 0x7f, 0x65, 0x87, 0x76, 0x76,
	0x7c, 0x76, 0xa3, 0x86, 0x6b, 0x7e, 0x9a, 0x8e, 0x76, 0x8f, 0x7b, 0x7c,
	0x7e, 0x7b, 0x84, 0x6c, 0x7b, 0x7e, 0x8d, 0x79, 0x6a, 0x71, 0x7e, 0x7a,
	0x77, 0x79, 0x81, 0x75, 0x75, 0x7f, 0x6f, 0x89, 0x6b, 0x82, 0x78, 0x7c,
	0x7a, 0x81, 0x87, 0x84, 0x76, 0x78, 0x6c, 0x76, 0x75, 0x71, 0x6a, 0x7e,
	0x81, 0x74, 0x7c, 0x75, 0x6d, 0x80, 0x7c, 0x80, 0x80, 0x80, 0x7c, 0x71,
	0x6c, 0x8d, 0x7c, 0x75, 0x7e, 0x60, 0x7a, 0x85, 0x74, 0x6f, 0x78, 0x7b,
	0x79, 0x82, 0xa8, 0x65, 0x86, 0x7a, 0x7c, 0x74, 0x84, 0x6f, 0x7a, 0x75,
	0x72, 0x6b, 0x81, 0x9c, 0x7c, 0x87, 0x78, 0x8e, 0x72, 0x89, 0x81, 0x89,
	0x80, 0x82, 0x7e, 0x7a, 0x83, 0x66, 0x79, 0x7f, 0x8b, 0x7a, 0x7b, 0x7e,
	0x7b, 0x9f, 0x76, 0x80, 0x6f, 0x7c, 0x76, 0x74, 0x63, 0x77, 0x72, 0x6e,
	0x78, 0x78, 0x7c, 0x84, 0x68, 0x80, 0x6f, 0x83, 0x86, 0x8c, 0x83, 0x7e,
	0x63, 0x6e, 0x7b, 0x6e, 0x7f, 0x85, 0x74, 0x7e, 0x83, 0x76, 0x71, 0x6e,
	0x56, 0x7e, 0x7e, 0x73, 0x89, 0x87, 0x88, 0x81, 0x8d, 0x7c, 0x53, 0x5e,
	0x81, 0x85, 0x6d, 0x6a, 0x74, 0x7c, 0x82, 0x6f, 0x80, 0x8f, 0x91, 0x68,
	0x72, 0x71, 0x6c, 0x66, 0x81, 0x70, 0x86, 0x71, 0x81, 0x83, 0x68, 0x53,
	0x66, 0x80, 0x79, 0x77, 0x85, 0x82, 0x7e, 0x8a, 0x83, 0x76, 0x7a, 0x78,
	0x75, 0x82, 0x84, 0x84, 0x6f, 0x7f, 0x7b, 0x79, 0x7f, 0x85, 0x68, 0x8b,
	0x68, 0x8a, 0x80, 0x6d, 0x64, 0x86, 0x7e, 0x72, 0x82, 0x90, 0x8a, 0x73,
	0x91, 0x7b, 0x72, 0x74, 0x81, 0x89, 0x74, 0x80, 0x6d, 0x74, 0x62, 0x83,
	0x7d, 0x9b, 0x7f, 0x68, 0x81, 0x8d, 0x55, 0xa0, 0x91, 0x73, 0x81, 0x79,
	0x73, 0x81, 0x76, 0x71, 0x6d, 0x81, 0x6d, 0x76, 0x77, 0x7d, 0x8b, 0x75,
	0x88, 0x84, 0x79, 0x8b, 0x8e, 0x86, 0x77, 0x83, 0x89, 0x81, 0x8a, 0x7b,
	0x7f, 0x70, 0x87, 0x78, 0x7d, 0x74, 0x74, 0x6b, 0x8f, 0x84, 0x74, 0x76,
	0x75, 0x79, 0x8e, 0x7f, 0x85, 0x79, 0x70, 0x6b, 0x7f, 0x8e, 0x7a, 0x7d,
	0x8b, 0x89, 0x88, 0xa6, 0x67, 0x8a, 0x78, 0x94, 0x6c, 0x7b, 0x8b, 0x8e,
	0x78, 0x81, 0x81, 0x7e, 0x83, 0x83, 0x7e, 0x81, 0x7e, 0x73, 0x6c, 0x6a,
	0x69, 0x7f, 0x69, 0x82, 0x63, 0x90, 0x7b, 0x72, 0x73, 0x6a, 0x7d, 0x77,
	0x79, 0x75, 0x76, 0x73, 0x7b, 0x78, 0x83, 0x79, 0x8d, 0x88, 0x72, 0x84,
	0x76, 0x79, 0x7e, 0x7c, 0x85, 0x8b, 0x78, 0x72, 0x64, 0x7f, 0x7c, 0x83,
	0x74, 0x96, 0x8f, 0x8d, 0x75, 0x78, 0x81, 0x78, 0x75, 0x90, 0x78, 0x72,
	0x7d, 0x7b, 0x72, 0x79, 0x84, 0x82, 0x7c, 0x73, 0x8a, 0x93, 0x76, 0x75,
	0x90, 0x87, 0x80, 0x73, 0x6f, 0x7c, 0x92, 0x77, 0x84, 0x84, 0x85, 0x83,
	0x7f, 0x62, 0x7c, 0x7b, 0x8a, 0x7f, 0x7c, 0x81, 0x8a, 0x6d, 0x7e, 0x80,
	0x8b, 0x72, 0x7c, 0x86, 0x8b, 0x78, 0x84, 0x81, 0x76, 0x8d, 0x75, 0x70,
	0x81, 0x89, 0x88, 0x66, 0x7e, 0x6a, 0x83, 0x75, 0x73, 0x82, 0x8e, 0x70,
	0x8f, 0x7a, 0x8c, 0x86, 0x87, 0x6a, 0x6e, 0x72, 0x7b, 0x7f, 0x77, 0x7a,
	0x8a, 0x8c, 0x76, 0x88, 0x75, 0x91, 0x63, 0x6f, 0x75, 0x8b, 0x80, 0x81,
	0x74, 0x89, 0x70, 0x78, 0x7a, 0x78, 0x73, 0x86, 0x7d, 0x7c, 0x77, 0x7b,
	0x01, 0x7e, 0x7d, 0x7a, 0x7b, 0x7b, 0x83, 0x7c, 0x71, 0x7b, 0x85, 0x80,
	0x88, 0x69, 0x73, 0x7a, 0x75, 0x76, 0x76, 0x91, 0x74, 0x79, 0x83, 0x90,
	0x7a, 0x7e, 0x78, 0x8a, 0x76, 0x85, 0x5d, 0x79, 0x8b, 0x83, 0x83, 0x82,
	0x93, 0x8b, 0x8a, 0x7e, 0x80, 0x88, 0x8b, 0x97, 0x80, 0x97, 0x7e, 0x5f,
	0x90, 0x7b, 0x77, 0xa0, 0x85, 0x89, 0x7f, 0x8d, 0x7e, 0x82, 0x6f, 0x7a,
	0x8d, 0x77, 0x85, 0x8c, 0x6b, 0x79, 0x8e, 0x6b, 0x80, 0x7b, 0x8f, 0x6d,
	0x8c, 0x6e, 0x83, 0x79, 0x8b, 0x73, 0x82, 0x7c, 0x83, 0xa4, 0x6d, 0x4e,
	0x78, 0x7b, 0x7a, 0x6f, 0x7d, 0x73, 0x6f, 0x91, 0x73, 0x68, 0x8a, 0x80,
	0x76, 0x8b, 0x91, 0x77, 0x76, 0x83, 0x88, 0x8c, 0x99, 0x79, 0x82, 0xa6,
	0x77, 0x68, 0x6d, 0xb6, 0x92, 0x8f, 0x71, 0x76, 0x82, 0x8a, 0x8d, 0x74,
	0x6f, 0x73, 0x81, 0x9d, 0x65, 0x77, 0x91, 0x83, 0x6c, 0x6a, 0x89, 0x7d,
	0x8a, 0x62, 0x8e, 0x73, 0x80, 0x74, 0x8c, 0x8a, 0x71, 0x6c, 0x72, 0x72,
	0x67, 0x75, 0x86, 0x88, 0x8c, 0x88, 0x76, 0x88, 0x75, 0x82, 0x84, 0x80,
	0x9d, 0x81, 0x87, 0x8a, 0x5d, 0x97, 0x86, 0x82, 0x6e, 0x59, 0x57, 0x84,
	0x9e, 0x75, 0x9d, 0x63, 0x7f, 0x80, 0x6e, 0x7b, 0x83, 0x8d, 0x5d, 0x7f,
	0x75, 0x94, 0x81, 0x82, 0x6b, 0x8d, 0x75, 0x5f, 0x88, 0x91, 0x65, 0x87,
	0x7c, 0x98, 0x5f, 0x59, 0x77, 0xa4, 0x55, 0x7f, 0x93, 0x7d, 0x85, 0x72,
	0x50, 0x7c, 0x72, 0x5c, 0x76, 0x8f, 0x6e, 0x85, 0x6f, 0x5b, 0x71, 0x89,
	0x6d, 0x82, 0x62, 0x75, 0x63, 0x6f, 0x6f, 0x6c, 0x41, 0x59, 0x70, 0x93,
	0x34, 0x4b, 0x77, 0x69, 0x8e, 0x94, 0x8a, 0x83, 0x8e, 0x7b, 0x7e, 0x87,
	0x78, 0x6a, 0x9b, 0x78, 0x6a, 0x81, 0x7d, 0x85, 0x72, 0x80, 0x7a, 0x7c,
	0x80, 0x7b, 0x84, 0x68, 0x84, 0x8f, 0x6e, 0x7d, 0x87, 0x82, 0x74, 0x8b,
	0x9e, 0x85, 0x61, 0x6e, 0x95, 0x98, 0x95, 0x72, 0x6b, 0x8f, 0x70, 0x9a,
	0x9c, 0xa3, 0xae, 0x7f, 0x6d, 0x6f, 0x81, 0x6c, 0x81, 0x87, 0x97, 0x7b,
	0x7d, 0x78, 0x58, 0x95, 0x77, 0x6a, 0x68, 0x79, 0x92, 0x78, 0x9d, 0x96,
	0x56, 0x96, 0x37, 0x6b, 0x69, 0x64, 0x73, 0x74, 0x4f, 0x81, 0x58, 0x6a,
	0x72, 0x7d, 0x90, 0x9c, 0x92, 0x69, 0x78, 0x89, 0x55, 0x92, 0x28, 0x88,
	0x3b, 0x83, 0x9d, 0x85, 0x76, 0x87, 0x61, 0x85, 0x78, 0x7e, 0x7a, 0x76,
	0x86, 0x7e, 0x78, 0x77, 0x73, 0x95, 0x81, 0x6d, 0x66, 0x9a, 0x88, 0x59,
	0x58, 0x96, 0x62, 0x65, 0x7c, 0x7b, 0x6d, 0x6d, 0xa6, 0x81, 0x94, 0x8b,
	0x93, 0x79, 0x70, 0x5d, 0x50, 0x85, 0x50, 0x62, 0x72, 0x5c, 0x6c, 0x9a,
	0x8e, 0x80, 0x6b, 0x73, 0x87, 0x64, 0x34, 0x77, 0x9e, 0x7d, 0x7d, 0x98,
	0x6a, 0x68, 0x6e, 0x6b, 0x6b, 0x66, 0xab, 0x68, 0x88, 0xaa, 0x6b, 0x5b,
	0x6c, 0x87, 0x8d, 0x9d, 0x60, 0x7b, 0x7d, 0x7e, 0x8c, 0x95, 0x99, 0x8b,
	0x7f, 0x65, 0x6a, 0x75, 0x78, 0x58, 0x63, 0x88, 0x8e, 0x6c, 0x51, 0x80,
	0x9e, 0x83, 0x7f, 0x8d, 0x6d, 0x80, 0x7d, 0x7f, 0x5b, 0x6a, 0x92, 0x90,
	0x76, 0x7c, 0x38, 0x67, 0x8a, 0x6e, 0x8b, 0x77, 0x89, 0x63, 0x7f, 0x50,
	0x7d, 0x75, 0x7a, 0x48, 0x6b, 0x7a, 0x78, 0x8d, 0x83, 0x6d, 0x7c, 0x82,
	0x8b, 0x68, 0x74, 0x4c, 0x39, 0x8c, 0x99, 0x8c, 0x60, 0x7f, 0x67, 0x89,
	0x90, 0x86, 0x5a, 0x83, 0x96, 0x5f, 0x79, 0x86, 0x4a, 0x73, 0x6b, 0x7a,
	0x7d, 0x7d, 0x77, 0x64, 0x4e, 0x7d, 0x72, 0x8f, 0x79, 0x62, 0x2c, 0xa0,
	0x67, 0x86, 0x3e, 0x61, 0x73, 0x77, 0x63, 0x83, 0x76, 0x89, 0x7d, 0x85,
	0x91, 0x66, 0x85, 0x97, 0x15, 0x7f, 0x74, 0x76, 0x77, 0x77, 0x76, 0x77,
	0x66, 0x6f, 0x5d, 0x86, 0x7c, 0x74, 0x78, 0x82, 0xb2, 0x83, 0x95, 0x6d,
	0x7c, 0x78, 0x5c, 0x71, 0x90, 0x80, 0x8b, 0x58, 0x80, 0x79, 0x68, 0x93,
	0x8e, 0x85, 0x64, 0xa0, 0x4a, 0x72, 0x8c, 0x95, 0x82, 0x91, 0x6f, 0x8a,
	0x74, 0x7b, 0x7d, 0x6a, 0x9f, 0x95, 0x9d, 0x86, 0xa6, 0x81, 0x95, 0x72,
	0x69, 0x52, 0x5e, 0x68, 0x6f, 0x7f, 0x70, 0x69, 0x6e, 0x7d, 0x82, 0x91,
	0x86, 0x79, 0x96, 0x76, 0x3c, 0x85, 0x85, 0x6f, 0x67, 0x96, 0x6f, 0x89,
	0x8c, 0x8c, 0x85, 0x76, 0x3a, 0x87, 0x8b, 0x99, 0x6b, 0x83, 0x75, 0x80,
	0x6b, 0x85, 0x79, 0x78, 0x97, 0x89, 0x6d, 0x8b, 0x80, 0x98, 0x6a, 0x7f,
	0x7e, 0x70, 0x81, 0x6a, 0x73, 0x84, 0x6f, 0x7c, 0x48, 0x8d, 0x8b, 0x99,
	0x28, 0x73, 0x84, 0x58, 0x7f, 0x83, 0x59, 0xa1, 0x6f, 0x64, 0x64, 0x70,
	0x94, 0x71, 0x75, 0x9b, 0x8a, 0x65, 0x8a, 0x73, 0x68, 0x87, 0x93, 0x71,
	0x83, 0x70, 0x71, 0x8f, 0x61, 0x99, 0xa3, 0x5b, 0x7e, 0x72, 0x8b, 0x72,
	0x53, 0x9a, 0x82, 0x94, 0x77, 0x8f, 0x6c, 0x80, 0xa2, 0x66, 0x7f, 0x85,
	0x83, 0x6b, 0x83, 0x75, 0x84, 0x6e, 0x8c, 0x75, 0x7b, 0x60, 0x87, 0xb2,
	0x3f, 0x80, 0x7d, 0x81, 0x69, 0x90, 0x83, 0x70, 0x78, 0x68, 0x7a, 0x90,
	0x92, 0x80, 0x65, 0x9f, 0x7d, 0x84, 0x76, 0x8d, 0x6c, 0x8c, 0x96, 0x68,
	0x6b, 0x7b, 0x79, 0xa3, 0x75, 0x98, 0x4f, 0x72, 0xa3, 0x83, 0x65, 0x71,
	0x8a, 0x94, 0x6c, 0x7f, 0x8c, 0x6c, 0x9b, 0x8a, 0x62, 0x83, 0x84, 0x6f,
	0x61, 0xa5, 0x7a, 0x96, 0x91, 0x8d, 0x90, 0x67, 0x95, 0x7f, 0x69, 0x6a,
	0x52, 0x78, 0x8d, 0xa8, 0x88, 0x76, 0x77, 0x5b, 0x6b, 0x87, 0x6c, 0xa4,
	0x76, 0x77, 0x2a, 0x72, 0x89, 0x5a, 0x95, 0x3f, 0x2d, 0x8c, 0x83, 0x71,
	0x84, 0x7e, 0x74, 0x5e, 0xd6, 0x80, 0x8c, 0x66, 0x86, 0x85, 0x88, 0x83,
	0x8a, 0x77, 0x5c, 0x66, 0x35, 0x74, 0x5b, 0x6f, 0x6a, 0x76, 0x8b, 0x6d,
	0x66, 0x73, 0xa6, 0x8b, 0x70, 0x73, 0x95, 0x58, 0x87, 0x6d, 0x64, 0x81,
	0x64, 0x7f, 0x7d, 0x52, 0x64, 0x68, 0x65, 0x8e, 0x8a, 0x7d, 0x65, 0x61,
	0x79, 0x82, 0x7b, 0x5e, 0x6a, 0x7a, 0x5e, 0x90, 0x4c, 0x7d, 0x70, 0x78,
	0x63, 0x51, 0x95, 0x72, 0x9f, 0x82, 0x5b, 0x6d, 0x97, 0x59, 0x5b, 0x81,
	0x5e, 0x8f, 0x91, 0x97, 0x8f, 0x84, 0x80, 0x6a, 0x7b, 0x70, 0x70, 0x74,
	0x90, 0x56, 0x86, 0x8d, 0x7e, 0x8c, 0x66, 0x46, 0x7d, 0x82, 0x6e, 0x74,
	0x7b, 0x70, 0x70, 0x75, 0x7e, 0x9b, 0x98, 0x88, 0x71, 0x5f, 0x8d, 0x7e,
	0x85, 0x88, 0x66, 0x44, 0x4c, 0x80, 0xa3, 0x70, 0x57, 0x92, 0x75, 0x59,
	0x78, 0x8a, 0x6d, 0x96, 0x4d, 0x8c, 0x91, 0x66, 0x96, 0x89, 0x96, 0x9f,
	0x75, 0x93, 0x7c, 0x82, 0x6a, 0x66, 0x92, 0x76, 0x88, 0x51, 0x9e, 0x6c,
	0x77, 0x74, 0x39, 0xa2, 0x76, 0xa4, 0x77, 0x9e, 0xa5, 0x9d, 0x91, 0x70,
	0x82, 0x69, 0x65, 0x8a, 0x96, 0x6a, 0x8d, 0x91, 0x66, 0x82, 0x9a, 0x8e,
	0x5e, 0x65, 0x81, 0x53, 0x43, 0x7a, 0x82, 0x8e, 0x76, 0x7e, 0x5e, 0xa3,
	0x58, 0x7e, 0x7d, 0x85, 0x6e, 0x84, 0x7d, 0x81, 0x9c, 0x8a, 0x4c, 0x82,
	0x73, 0x76, 0x72, 0x65, 0x56, 0x9a, 0x85, 0x83, 0x92, 0x70, 0x69, 0x75,
	0x70, 0x4e, 0x9f, 0x88, 0x96, 0x1c, 0x7e, 0x9a, 0x75, 0x8a, 0x85, 0x59,
	0x61, 0x79, 0x9a, 0x9a, 0x22, 0x7e, 0x8b, 0x93, 0x80, 0x7d, 0x67, 0x89,
	0xaa, 0x75, 0xb2, 0x7a, 0x85, 0x7b, 0x67, 0x62, 0x6e, 0x87, 0x9d, 0x6e,
	0x68, 0xa5, 0x5a, 0x68, 0x96, 0x7e, 0x82, 0x4c, 0x76, 0x79, 0x9a, 0x48,
	0x65, 0x5b, 0x9a, 0x8c, 0x66, 0x69, 0x56, 0x96, 0x86, 0x83, 0x55, 0x51,
	0x96, 0x8f, 0x61, 0x71, 0x54, 0x81, 0x75, 0x8c, 0x53, 0x80, 0x84, 0x82,
	0x75, 0x8a, 0x7d, 0x70, 0x36, 0x78, 0x6d, 0x8d, 0x98, 0x75, 0x97, 0x7b,
	0x5e, 0x67, 0x67, 0x7a, 0x69, 0x61, 0x94, 0x70, 0x90, 0x5f, 0x4a, 0x20,
	0x80, 0xa8, 0x84, 0x9b, 0x6c, 0x49, 0x77, 0x80, 0x8d, 0x58, 0x84, 0x92,
	0x98, 0x88, 0x8b, 0x83, 0x8f, 0x78, 0x85, 0x8f, 0x44, 0x73, 0x89, 0x73,
	0x82, 0x75, 0x85, 0x8c, 0x85, 0x80, 0x77, 0x95, 0x8e, 0x94, 0x8d, 0x5d,
	0x77, 0x74, 0x9e, 0x50, 0x82, 0x77, 0x87, 0x73, 0x7c, 0x5b, 0x8a, 0x81,
	0xad, 0x7b, 0x7e, 0x82, 0x7c, 0x54, 0x5b, 0x96, 0x5b, 0x81, 0x7e, 0x84,
	0x7e, 0x85, 0x88, 0x81, 0xa1, 0x6a, 0x5a, 0x6f, 0x78, 0x50, 0x65, 0x96,
	0x92, 0x97, 0x7e, 0x44, 0x71, 0x59, 0x7c, 0x7f, 0x8a, 0x87, 0x52, 0x65,
	0x89, 0x82, 0x90, 0x69, 0x6c, 0x87, 0x85, 0x56, 0x60, 0xa9, 0x90, 0x8f,
	0x76, 0x76, 0x52, 0x6c, 0x78, 0x67, 0x85, 0x71, 0x80, 0x55, 0x7e, 0x8b,
	0x79, 0x96, 0x86, 0x69, 0x78, 0x6e, 0x6d, 0x95, 0x6b, 0x89, 0x97, 0x39,
	0x67, 0x65, 0x91, 0x79, 0x85, 0x8d, 0x8f, 0x4d, 0x4f, 0x8f, 0x68, 0x89,
	0x8d, 0x6d, 0x81, 0x7e, 0x8b, 0x91, 0x84, 0x7b, 0x75, 0x6a, 0x3f, 0x7d,
	0x48, 0x83, 0x7a, 0x75, 0x83, 0x72, 0x77, 0x79, 0x8c, 0x74, 0x69, 0x8f,
	0x69, 0x76, 0x6d, 0x83, 0x89, 0x90, 0x74, 0x66, 0x67, 0x5c, 0x75, 0x7c,
	0x92, 0x92, 0x8d, 0x8c, 0x7f, 0x85, 0x7a, 0x6b, 0x76, 0x8b, 0x64, 0x7c,
	0x9f, 0x7c, 0xa1, 0x82, 0x51, 0x43, 0x6b, 0x57, 0x86, 0x9b, 0x74, 0x46,
	0x67, 0x78, 0x7f, 0x74, 0x76, 0x75, 0x84, 0x69, 0x87, 0x55, 0x7f, 0x87,
	0x8b, 0x7c, 0x52, 0x84, 0x7c, 0x62, 0xa2, 0x9d, 0x83, 0x83, 0x7b, 0x97,
	0x87, 0x77, 0x50, 0x8b, 0x97, 0x84, 0xb4, 0x9e, 0x81, 0x78, 0x66, 0x87,
	0x72, 0x99, 0x8a, 0x7e, 0x73, 0x80, 0x79, 0x77, 0x7c, 0x7a, 0x7c, 0x7d,
	0x63, 0x65, 0x53, 0x4c, 0x9b, 0x8a, 0x5f, 0x89, 0x78, 0x6e, 0x94, 0x66,
	0x89, 0x65, 0x69, 0x91, 0xa3, 0x8c, 0x61, 0x7c, 0x89, 0x4d, 0x7b, 0x82,
	0x79, 0x73, 0x8b, 0x4e, 0x88, 0x86, 0x9b, 0x80, 0x76, 0x63, 0x4a, 0x83,
	0x77, 0x86, 0x8b, 0xa2, 0x86, 0x87, 0x78, 0x81, 0x75, 0x53, 0x84, 0x78,
	0x78, 0x87, 0x52, 0x7d, 0x9e, 0x69, 0x73, 0x58, 0x89, 0x6a, 0x9f, 0x69,
	0x91, 0x78, 0x65, 0x8c, 0x95, 0x84, 0x5c, 0x93, 0xb3, 0xb1, 0x76, 0xa8,
	0x81, 0x70, 0x7f, 0x8e, 0x82, 0x84, 0x9b, 0x89, 0x9a, 0x7f, 0x7b, 0x76,
	0x68, 0x6b, 0x76, 0x6b, 0x74, 0x8c, 0x9f, 0x73, 0x7f, 0x7f, 0x98, 0x5c,
	0x82, 0x5b, 0x3e, 0xa3, 0x83, 0xc3, 0x9f, 0x53, 0x79, 0x5c, 0x9a, 0xa1,
	0xa3, 0x6f, 0x5c, 0x82, 0x5b, 0x77, 0x8e, 0x58, 0x80, 0x78, 0x77, 0x7b,
	0x4c, 0xac, 0x8d, 0x7c, 0xa7, 0x83, 0x73, 0x8c, 0x67, 0x4d, 0x63, 0x5b,
	0x87, 0x7c, 0x6c, 0x8a, 0x6d, 0x84, 0x9d, 0x73, 0x93, 0x83, 0x91, 0x90,
	0x93, 0x66, 0x72, 0x4f, 0x89, 0x60, 0x69, 0x69, 0x66, 0x75, 0x9d, 0x70,
	0x72, 0x87, 0x9a, 0x72, 0x76, 0x9b, 0x6a, 0x83, 0x5a, 0x98, 0x8e, 0x77,
	0x68, 0x7d, 0x76, 0x7a, 0x87, 0x6c, 0x79, 0x7a, 0x9a, 0x86, 0x6f, 0x50,
	0x59, 0x5d, 0x55, 0x75, 0x8b, 0x86, 0x7b, 0x68, 0x90, 0x5f, 0x7f, 0x53,
	0x7c, 0x38, 0x83, 0xa7, 0x76, 0x86, 0x96, 0x95, 0x7a, 0x8e, 0x64, 0x54,
	0x8e, 0x8a, 0x89, 0x75, 0x56, 0x6c, 0x73, 0x6a, 0x9f, 0x5e, 0x80, 0x8d,
	0xaa, 0x8d, 0xa8, 0x78, 0x7f, 0x6a, 0x7b, 0x81, 0x69, 0x63, 0x91, 0xac,
	0x59, 0x88, 0x74, 0x64, 0x6c, 0x7f, 0x8f, 0x7e, 0x80, 0x6e, 0x92, 0x90,
	0x75, 0x86, 0x62, 0x6d, 0x7c, 0x8e, 0x89, 0x84, 0xa9, 0x4f, 0x7b, 0x3d,
	0x81, 0x69, 0x81, 0x82, 0x1c, 0x7f, 0x73, 0x76, 0x71, 0x71, 0x79, 0x7d,
	0x83, 0x58, 0x93, 0x47, 0x7d, 0x81, 0x4f, 0x76, 0x7d, 0x5c, 0x4a, 0x49,
	0x77, 0x42, 0x85, 0x7f, 0x7e, 0x80, 0x7b, 0xc3, 0xa4, 0x6f, 0x8a, 0x48,
	0x4a, 0x6b, 0x9d, 0x86, 0x84, 0x85, 0x7a, 0x6c, 0x83, 0x4d, 0x89, 0x96,
	0x79, 0x64, 0x6a, 0x97, 0x48, 0x72, 0x72, 0x70, 0x56, 0xb3, 0x66, 0x8b,
	0xaa, 0x86, 0x97, 0x93, 0x71, 0x93, 0xa5, 0x77, 0x68, 0x74, 0x87, 0x60,
	0x87, 0x85, 0x80, 0x5d, 0x66, 0x60, 0x83, 0x8f, 0xb3, 0x81, 0xa2, 0x91,
	0x3d, 0x8c, 0x8c, 0x94, 0x66, 0x5e, 0x77, 0x59, 0x76, 0x7d, 0x78, 0x86,
	0x4f, 0x81, 0x77, 0x78, 0x7c, 0x68, 0x65, 0x93, 0x8f, 0x8e, 0x98, 0x8f,
	0x88, 0x51, 0x5f, 0xa7, 0xa3, 0x88, 0x7e, 0x6e, 0x77, 0x70, 0x82, 0x8d,
	0x80, 0x81, 0x79, 0x68, 0x98, 0x74, 0x7d, 0x81, 0x6f, 0xa5, 0xa9, 0x8f,
	0x7c, 0x7a, 0x6c, 0x5a, 0x7f, 0x7a, 0x93, 0x92, 0x52, 0x73, 0x97, 0x64,
	0x6d, 0x6e, 0x97, 0x70, 0x7d, 0x92, 0x7c, 0x45, 0x5b, 0x83, 0x70, 0x9e,
	0x75, 0x98, 0x67, 0x82, 0x79, 0x8e, 0x65, 0x92, 0x70, 0x70, 0x7e, 0x6d,
	0x8c, 0x90, 0x82, 0x75, 0x83, 0x6c, 0x8b, 0x63, 0x6a, 0x90, 0x8c, 0x8f,
	0x87, 0x7f, 0x79, 0x7e, 0x89, 0x73, 0x83, 0x86, 0x72, 0x7b, 0x86, 0x8a,
	0x53, 0x80, 0x7b, 0x62, 0x6f, 0x76, 0x9b, 0x91, 0x55, 0x8d, 0x69, 0x60,
	0x62, 0x79, 0x5a, 0x72, 0x89, 0x6d, 0x75, 0x6c, 0x8d, 0x39, 0x8a, 0x66,
	0x7f, 0x98, 0x8b, 0x65, 0x5d, 0x68, 0x55, 0x8f, 0x85, 0xae, 0x90, 0x4d,
	0x56, 0x82, 0x6a, 0x68, 0x67, 0x90, 0x5c, 0x95, 0x81, 0x89, 0x83, 0x80,
	0x80, 0x72, 0x85, 0x81, 0x7f, 0x74, 0x84, 0x8d, 0x72, 0x84, 0x67, 0x88,
	0x56, 0x80, 0x67, 0x84, 0x96, 0x81, 0x7a, 0x74, 0x64, 0x6f, 0x6f, 0x9a,
	0x9b, 0xa6, 0x8d, 0x6d, 0xce, 0x80, 0x80, 0x82, 0x8e, 0x83, 0x88, 0x84,
	0x66, 0x8c, 0x8e, 0x79, 0x75, 0x79, 0x8d, 0x27, 0x7d, 0x9b, 0x22, 0x6c,
	0x4c, 0x6f, 0x74, 0x5d, 0x69, 0x78, 0x8a, 0x85, 0x67, 0x5e, 0x4b, 0x89,
	0x81, 0x7b, 0x69, 0x54, 0x8c, 0x85, 0x4e, 0x52, 0x65, 0x71, 0x8c, 0x84,
	0x80, 0x99, 0x81, 0x7d, 0x65, 0x78, 0x70, 0x83, 0x5e, 0x71, 0x52, 0x6d,
	0x72, 0x87, 0x8e, 0x3b, 0x6d, 0x76, 0x90, 0x61, 0x6d, 0x71, 0x55, 0x5d,
	0x6e, 0x7c, 0x5e, 0x8a, 0x66, 0x77, 0x6d, 0x94, 0x3c, 0x66, 0xad, 0x85,
	0x4a, 0x67, 0x64, 0x7d, 0x87, 0x73, 0x5d, 0x8c, 0x9c, 0x80, 0x7b, 0x8e,
	0x77, 0x76, 0x82, 0x83, 0x53, 0x86, 0x8c, 0x8a, 0x7c, 0x94, 0x4f, 0x6b,
	0x83, 0x66, 0x6e, 0x9d, 0x8b, 0x7f, 0x67, 0x77, 0x5f, 0x86, 0x8c, 0x80,
	0x83, 0x74, 0x45, 0x71, 0x6c, 0x5e, 0x66, 0x8c, 0x84, 0x81, 0x66, 0x49,
	0x6e, 0x67, 0x9a, 0x6e, 0x8f, 0x87, 0x8a, 0x97, 0x77, 0xb2, 0x7e, 0x6f,
	0x7c, 0x81, 0x94, 0x8e, 0x68, 0x5a, 0x8b, 0x83, 0x67, 0x7e, 0x80, 0x72,
	0x4f, 0x81, 0x82, 0x83, 0x94, 0x85, 0x20, 0x9f, 0x5a, 0x6a, 0x55, 0x7a,
	0x7c, 0x8b, 0x72, 0x6e, 0x24, 0x7b, 0x84, 0x61, 0x86, 0x5b, 0x93, 0x69,
	0x38, 0x7d, 0x6e, 0x76, 0x66, 0x65, 0x75, 0x77, 0x88, 0x88, 0x90, 0x8d,
	0x7e, 0x87, 0x8e, 0x35, 0x7a, 0x6c, 0x82, 0x7c, 0x90, 0x84, 0x81, 0x66,
	0x80, 0x82, 0xa3, 0x9e, 0x73, 0x9d, 0x9a, 0x7d, 0x74, 0x8c, 0x7b, 0x80,
	0x7d, 0x71, 0x83, 0x97, 0x74, 0x82, 0x76, 0x80, 0x74, 0x8e, 0x9a, 0x7a,
	0x8a, 0x8a, 0x77, 0x69, 0x91, 0x98, 0xa2, 0x65, 0x9b, 0x8a, 0x88, 0x83,
	0x75, 0x8a, 0x8d, 0x98, 0x8c, 0x3a, 0x8d, 0x75, 0x63, 0x7a, 0x97, 0x91,
	0x97, 0x43, 0x9c, 0x91, 0x86, 0x8c, 0xc2, 0x79, 0x6f, 0x6f, 0x7a, 0x71,
	0x7b, 0x64, 0x7c, 0x83, 0xbc, 0x7e, 0x75, 0x61, 0x73, 0x7e, 0x73, 0x75,
	0x62, 0x75, 0x75, 0x7c, 0x6f, 0x7d, 0x89, 0xa2, 0x45, 0x85, 0x72, 0x76,
	0x95, 0x63, 0xa9, 0x8f, 0x8a, 0x7b, 0x67, 0x42, 0x7a, 0x53, 0x7c, 0x8d,
	0x70, 0x92, 0x7e, 0x84, 0x7e, 0x77, 0x65, 0x81, 0x78, 0x8e, 0x6c, 0x71,
	0x86, 0x4f, 0x69, 0x86, 0x90, 0x71, 0x5e, 0x97, 0x87, 0x62, 0x50, 0x71,
	0x68, 0x6d, 0x6c, 0x75, 0x8c, 0x62, 0x48, 0x64, 0x8f, 0x63, 0x66, 0xbc,
	0x74, 0x94, 0x7d, 0x5e, 0x78, 0x9a, 0x95, 0x87, 0x70, 0x91, 0x65, 0xa6,
	0x5c, 0x85, 0x83, 0x94, 0x8f, 0x8c, 0x7d, 0x84, 0x56, 0x81, 0x7e, 0x75,
	0x87, 0x79, 0x82, 0x75, 0x60, 0x92, 0x92, 0x72, 0x60, 0x91, 0x6d, 0x6e,
	0x69, 0x8a, 0x92, 0xa3, 0x84, 0x60, 0x7e, 0x5c, 0x98, 0x9b, 0x54, 0x64,
	0x76, 0x94, 0x98, 0x3b, 0x7b, 0x87, 0x4f, 0x90, 0x7d, 0x86, 0x5a, 0x82,
	0x8c, 0x89, 0x8c, 0x93, 0x88, 0x7f, 0x6d, 0x88, 0x62, 0x97, 0x4e, 0x6a,
	0x8e, 0x8e, 0x6a, 0x69, 0x94, 0x5f, 0x8f, 0x92, 0x76, 0x78, 0x74, 0x95,
	0x9a, 0x76, 0x84, 0x97, 0x94, 0x8d, 0x63, 0x67, 0x9e, 0x8b, 0x8d, 0x79,
	0x8e, 0x4e, 0x76, 0x7b, 0x5e, 0x75, 0x74, 0x70, 0x79, 0x53, 0x4c, 0x7b,
	0xbb, 0x83, 0x76, 0x7f, 0x74, 0x76, 0x77, 0x7f, 0x6a, 0x77, 0x7b, 0x66,
	0xa3, 0x66, 0x68, 0x68, 0x78, 0x8e, 0x9e, 0x65, 0x81, 0xa6, 0x68, 0x79,
	0x77, 0x7e, 0x63, 0x5e, 0x84, 0x74, 0x79, 0x99, 0x85, 0x80, 0x61, 0x7a,
	0x8e, 0x63, 0x7e, 0x5e, 0x76, 0x6e, 0x79, 0x71, 0x98, 0x7b, 0x8f, 0x84,
	0xa3, 0x96, 0x7d, 0x71, 0x74, 0x74, 0x8a, 0x73, 0x8e, 0x30, 0x96, 0x81,
	0x86, 0x73, 0x88, 0x3a, 0x4c, 0x56, 0x70, 0x40, 0x76, 0x7e, 0x6b, 0xa3,
	0x43, 0x7a, 0x84, 0x63, 0x81, 0x80, 0x6c, 0x99, 0x88, 0xa0, 0x74, 0x83,
	0x7e, 0x7c, 0x94, 0x8c, 0x92, 0x7f, 0x74, 0x67, 0x79, 0x6c, 0x75, 0x76,
	0x8d, 0x53, 0x6e, 0x71, 0x4c, 0x97, 0x70, 0x8c, 0x85, 0x7b, 0x99, 0x79,
	0x84, 0x84, 0x6e, 0x80, 0x63, 0x7d, 0x8d, 0x7e, 0x91, 0x95, 0x82, 0x66,
	0x7a, 0x97, 0x50, 0xa4, 0x7e, 0x83, 0x8b, 0x80, 0x86, 0x5e, 0x94, 0x8c,
	0x9b, 0x7f, 0x92, 0x84, 0x74, 0x8e, 0x7c, 0x88, 0x83, 0x7b, 0x6d, 0x82,
	0x80, 0x45, 0x92, 0x67, 0x23, 0x6f, 0x83, 0x84, 0x7c, 0x8a, 0x77, 0x9b,
	0x89, 0x94, 0x84, 0x89, 0x85, 0x6a, 0x46, 0x95, 0x7b, 0xac, 0x7b, 0x79,
	0x89, 0x78, 0x4b, 0x6e, 0x6c, 0x8e, 0x9e, 0x8b, 0x39, 0x81, 0x71, 0x79,
	0x7b, 0x77, 0x77, 0x7a, 0x99, 0x6f, 0x93, 0x81, 0x72, 0x85, 0xa7, 0xb6,
	0x53, 0x3f, 0x72, 0x9d, 0x64, 0x76, 0x88, 0x8c, 0x8c, 0x4d, 0x7a, 0x99,
	0x7d, 0x7e, 0xa8, 0x7c, 0x65, 0x78, 0x8b, 0x55, 0x78, 0x8f, 0x97, 0x87,
	0x8d, 0x71, 0xa4, 0x77, 0x53, 0x6e, 0x6d, 0xa3, 0x79, 0x76, 0x7e, 0x7e,
	0x9e, 0x7e, 0x91, 0x93, 0x92, 0x87, 0x83, 0x7f, 0x6e, 0x8f, 0x7f, 0x6a,
	0x78, 0x8a, 0x75, 0x56, 0x93, 0x63, 0x7a, 0x5f, 0x5c, 0x5b, 0xa3, 0x57,
	0xa2, 0x72, 0x68, 0x79, 0x64, 0x7a, 0x85, 0x7d, 0x9a, 0x6e, 0x83, 0x7d,
	0x93, 0x7e, 0x75, 0x8a, 0x76, 0x78, 0x7f, 0x7f, 0x60, 0x8b, 0x1c, 0x8d,
	0x5c, 0x86, 0x8d, 0x6b, 0x75, 0x95, 0x73, 0x99, 0x86, 0x99, 0x58, 0x7d,
	0x75, 0x8d, 0x8a, 0x82, 0x63, 0x63, 0x84, 0x70, 0x67, 0xa1, 0x7a, 0x71,
	0x76, 0x68, 0x7a, 0x6d, 0x73, 0x6d, 0x9c, 0x94, 0x89, 0x82, 0x81, 0x8b,
	0x6c, 0x86, 0x66, 0x6b, 0x82, 0xa6, 0x7d, 0x80, 0x51, 0x69, 0x74, 0x8e,
	0x41, 0x6e, 0x6b, 0x92, 0x7e, 0x96, 0x7a, 0x8a, 0x91, 0x7d, 0x97, 0x7b,
	0x52, 0x77, 0x7a, 0x79, 0x6c, 0x83, 0x81, 0x7e, 0x37, 0x8b, 0x7b, 0x85,
	0x89, 0x75, 0x7e, 0x8f, 0x4a, 0x81, 0x74, 0x7a, 0x7a, 0x7e, 0x6a, 0x75,
	0x82, 0x6c, 0x81, 0x92, 0x8d, 0x63, 0x33, 0x78, 0x74, 0x5d, 0x66, 0x39,
	0x67, 0x65, 0x69, 0x9d, 0x8a, 0x7a, 0x92, 0x90, 0x85, 0x71, 0x6e, 0x83,
	0x6d, 0xa2, 0x9f, 0x8f, 0x64, 0x86, 0x80, 0x56, 0x71, 0x7c, 0x6e, 0x83,
	0x9b, 0x8d, 0x8c, 0xa2, 0xa6, 0xb5, 0xa0, 0x6e, 0x82, 0x70, 0x6d, 0x9c,
	0x72, 0x97, 0x75, 0x89, 0x63, 0x82, 0x85, 0x62, 0x7f, 0x8e, 0x7b, 0x5a,
	0x93, 0x7a, 0x96, 0x7e, 0x46, 0x89, 0x92, 0x79, 0x8e, 0x82, 0x74, 0x8c,
	0x66, 0x84, 0x74, 0x6b, 0x7a, 0x31, 0x6a, 0x8c, 0x8a, 0x7f, 0x84, 0x75,
	0x8e, 0x79, 0x88, 0x87, 0x81, 0x45, 0x7a, 0x8e, 0xab, 0x89, 0x76, 0x92,
	0x91, 0x80, 0x56, 0x7c, 0x59, 0x84, 0x85, 0x87, 0x81, 0x6b, 0x68, 0x81,
	0x67, 0x8d, 0x53, 0x90, 0x59, 0x83, 0x71, 0xa5, 0x6f, 0x8b, 0x52, 0x49,
	0x7b, 0x82, 0x73, 0x72, 0x4d, 0x7d, 0x8c, 0x7a, 0x6d, 0xa2, 0x6c, 0x65,
	0x89, 0x74, 0x62, 0x67, 0x67, 0x79, 0x8d, 0x4f, 0x99, 0x84, 0x74, 0x88,
	0x67, 0x69, 0x84, 0x64, 0x90, 0x64, 0x7e, 0x74, 0x84, 0x72, 0x75, 0x6a,
	0x7c, 0x6f, 0x57, 0x76, 0x62, 0x70, 0x88, 0x58, 0x6d, 0x3f, 0x69, 0x73,
	0x77, 0x80, 0x77, 0x90, 0x89, 0x72, 0x7c, 0x7d, 0xa7, 0x6f, 0x64, 0x9e,
	0x56, 0x83, 0x77, 0x8e, 0x9f, 0x7f, 0x7e, 0x8f, 0x7c, 0x83, 0x33, 0x84,
	0x8e, 0x8a, 0x8d, 0x47, 0x85, 0x77, 0x3b, 0x69, 0x75, 0x88, 0x7c, 0x92,
	0x56, 0x74, 0x57, 0x82, 0x99, 0x27, 0x88, 0x86, 0x83, 0x85, 0x69, 0x9b,
	0x79, 0xa4, 0x77, 0x91, 0x70, 0x73, 0x91, 0x7e, 0x82, 0x8e, 0x6a, 0x78,
	0x4d, 0x7f, 0x67, 0x56, 0x43, 0x89, 0x64, 0x62, 0x79, 0x7d, 0x6a, 0x6b,
	0x7a, 0x92, 0x6a, 0x76, 0x65, 0x91, 0x62, 0x91, 0x85, 0x74, 0x85, 0x76,
	0x5d, 0x95, 0x73, 0x69, 0x59, 0x81, 0x7c, 0x6c, 0x7d, 0x6c, 0x8a, 0x73,
	0x79, 0x62, 0x6d, 0x76, 0x7f, 0x79, 0xa1, 0x81, 0x5b, 0x60, 0x56, 0xaa,
	0x95, 0x5f, 0x6c, 0x67, 0x85, 0x85, 0x9c, 0xb0, 0x9e, 0x97, 0xb4, 0x7e,
	0x71, 0x9a, 0x97, 0x6f, 0x8e, 0x84, 0x66, 0x82, 0x81, 0x6e, 0x9e, 0x98,
	0x8a, 0x75, 0x50, 0x70, 0x94, 0x9c, 0x3c, 0x8b, 0x8b, 0x95, 0x7d, 0x88,
	0x86, 0x66, 0x8e, 0x54, 0x4f, 0x8d, 0x70, 0x8e, 0x7f, 0x7d, 0x8b, 0x58,
	0x54, 0x7b, 0x67, 0x74, 0xb9, 0x6f, 0x88, 0x5e, 0x88, 0x48, 0x57, 0x72,
	0x5f, 0x70, 0x75, 0x94, 0x97, 0x93, 0x6a, 0x67, 0x4b, 0x80, 0x81, 0x87,
	0x6c, 0x87, 0x7c, 0x7c, 0x83, 0x77, 0x88, 0x9f, 0x78, 0x91, 0x7c, 0x89,
	0x8f, 0x83, 0x83, 0x8c, 0x77, 0x7e, 0x64, 0x7f, 0x9d, 0x9f, 0x72, 0x82,
	0x3b, 0x86, 0x69, 0x5d, 0x7e, 0x7a, 0x74, 0x79, 0x74, 0x88, 0x5a, 0x8a,
	0x7f, 0x96, 0x56, 0x7a, 0x61, 0x5c, 0x80, 0x6f, 0x7e, 0x7a, 0x5e, 0x9a,
	0x93, 0x87, 0x82, 0x84, 0x73, 0x80, 0x5e, 0x6b, 0x85, 0x88, 0x6f, 0x64,
	0x82, 0xab, 0xa3, 0x8b, 0x79, 0x94, 0x9f, 0x31, 0x71, 0x92, 0x52, 0x88,
	0x69, 0x7c, 0x92, 0x7a, 0x6d, 0x81, 0x93, 0x44, 0xa4, 0x74, 0x81, 0x73,
	0x65, 0x81, 0x78, 0x5f, 0x7d, 0x74, 0x77, 0x72, 0x80, 0x97, 0x6f, 0x76,
	0xbd, 0x8e, 0x79, 0x7e, 0x42, 0x92, 0x77, 0x8c, 0x8c, 0x60, 0x84, 0x92,
	0x6f, 0xa5, 0x41, 0x80, 0x7e, 0x6d, 0x9f, 0x6b, 0x83, 0x72, 0x99, 0xa5,
	0x67, 0x7e, 0x5b, 0x85, 0x91, 0x45, 0x57, 0xa7, 0x62, 0x86, 0x82, 0x64,
	0x77, 0x70, 0x5e, 0xa4, 0x85, 0x6f, 0x79, 0x55, 0x69, 0x9f, 0x83, 0x82,
	0x8e, 0x78, 0x6a, 0x64, 0x7e, 0x68, 0x95, 0xc3, 0x6d, 0x67, 0x6c, 0x77,
	0x8e, 0x9a, 0x5f, 0x73, 0x76, 0x78, 0x6e, 0x77, 0x7a, 0x7e, 0x58, 0x61,
	0x65, 0x81, 0x86, 0x7e, 0x95, 0x80, 0x76, 0x7d, 0x74, 0x80, 0x86, 0x7e,
	0x7a, 0x96, 0x4e, 0x73, 0x76, 0x76, 0x70, 0x76, 0x7c, 0x8c, 0x5f, 0x49,
	0x6f, 0x79, 0x92, 0x69, 0x7a, 0x52, 0x62, 0x76, 0x6f, 0x62, 0x5e, 0x56,
	0x6d, 0x6f, 0x50, 0x7f, 0x9b, 0x70, 0x8a, 0x85, 0x86, 0x55, 0x73, 0x86,
	0x9a, 0x7d, 0x8b, 0x7c, 0x85, 0x61, 0xb2, 0x62, 0x78, 0x61, 0x86, 0x8c,
	0x79, 0x64, 0x85, 0xa7, 0x94, 0x7c, 0xa6, 0x7f, 0x35, 0x99, 0x65, 0x77,
	0x9a, 0x5a, 0x7c, 0x70, 0x79, 0x70, 0x85, 0x82, 0x83, 0x78, 0x7b, 0x6b,
	0x58, 0x77, 0x7f, 0x5c, 0xb4, 0x82, 0x79, 0x7a, 0x29, 0x7e, 0x64, 0x7a,
	0x7d, 0x9d, 0x72, 0x83, 0x91, 0x57, 0xb9, 0x5b, 0x7c, 0x92, 0x72, 0x4d,
	0x87, 0x66, 0x56, 0x64, 0x7f, 0x4b, 0x90, 0x6f, 0x95, 0x80, 0x8d, 0xe5,
	0xae, 0x7f, 0x5d, 0x34, 0x44, 0x7f, 0x9a, 0x22, 0x99, 0x82, 0x7f, 0x7e,
	0x83, 0x83, 0x7a, 0x8b, 0x65, 0x57, 0x69, 0xa6, 0x51, 0x81, 0x8a, 0x83,
	0x21, 0x93, 0x41, 0x80, 0x81, 0x62, 0xa3, 0x7b, 0x5c, 0x75, 0x85, 0x5e,
	0x8e, 0x9a, 0x66, 0x91, 0x7f, 0x62, 0x81, 0x5a, 0x52, 0x45, 0x71, 0x9d,
	0x95, 0x6b, 0xbe, 0xa2, 0x3f, 0x8c, 0x81, 0x4a, 0xa7, 0x6a, 0x49, 0x67,
	0xb0, 0x81, 0x6f, 0x7a, 0x7e, 0x73, 0x73, 0x74, 0x74, 0x7a, 0x73, 0x77,
	0x90, 0x8a, 0x80, 0x67, 0x7c, 0x7b, 0x70, 0x7a, 0x84, 0x93, 0x90, 0x7d,
	0x67, 0x82, 0x7a, 0x93, 0x5c, 0x6c, 0x8f, 0x93, 0x60, 0x49, 0x88, 0x7e,
	0x6f, 0x5f, 0xae, 0x9d, 0x6c, 0x76, 0x85, 0x9e, 0x83, 0x74, 0x6e, 0x77,
	0xa6, 0x85, 0x98, 0x9e, 0x7e, 0x6a, 0x78, 0x63, 0x60, 0x7c, 0x6f, 0xa3,
	0x81, 0x83, 0x68, 0x60, 0x7a, 0x7f, 0x7b, 0x69, 0x9f, 0x87, 0x3d, 0x7d,
	0x8e, 0x72, 0x98, 0x7b, 0x80, 0x8c, 0x8f, 0x6f, 0x6b, 0x6a, 0x78, 0x86,
	0x92, 0xa6, 0x73, 0x89, 0x6c, 0x7e, 0x6a, 0x87, 0x73, 0x76, 0x7b, 0x77,
	0x8c, 0x91, 0x7b, 0x48, 0x79, 0x7d, 0x90, 0xa0, 0x7b, 0x6d, 0x85, 0x90,
	0x81, 0x5c, 0x84, 0x98, 0x77, 0x81, 0x83, 0x90, 0x91, 0x83, 0x8b, 0x50,
	0x73, 0x73, 0x9f, 0x50, 0x75, 0xa3, 0x70, 0x6b, 0x9f, 0x83, 0x73, 0x84,
	0x68, 0x54, 0x77, 0x74, 0x4d, 0x79, 0x83, 0x6b, 0x55, 0x7f, 0x7d, 0x6a,
	0x4d, 0x7c, 0xb2, 0x6f, 0x90, 0x77, 0x6e, 0x63, 0x69, 0x86, 0x76, 0x5e,
	0x8d, 0x93, 0x7a, 0x64, 0x8c, 0x7d, 0x8d, 0x82, 0xa4, 0x4a, 0xa8, 0x93,
	0x77, 0xa4, 0x63, 0x8b, 0x83, 0x6e, 0x8a, 0x65, 0xbf, 0x81, 0x78, 0x76,
	0x80, 0x78, 0x83, 0x7b, 0x6b, 0x87, 0x9b, 0x8f, 0x90, 0x50, 0x73, 0x5c,
	0x84, 0x68, 0x88, 0x6d, 0x64, 0x8d, 0x7c, 0x74, 0x8d, 0x82, 0x63, 0x84,
	0x80, 0x70, 0x84, 0x76, 0x76, 0x7c, 0x6d, 0x98, 0x7c, 0x76, 0x78, 0x76,
	0x70, 0x7f, 0x6f, 0x6d, 0x81, 0x7c, 0x74, 0x64, 0x68, 0x78, 0x73, 0x86,
	0x99, 0x6e, 0x7e, 0x78, 0x5b, 0x78, 0x6e, 0x79, 0x76, 0x73, 0x76, 0x54,
	0x7e, 0x5c, 0x99, 0x70, 0x77, 0x51, 0x83, 0x7b, 0x81, 0x74, 0x74, 0x5d,
	0x83, 0x8f, 0x8b, 0x98, 0xac, 0x8f, 0x66, 0x69, 0x95, 0x46, 0x8a, 0x96,
	0xdc, 0x80, 0x75, 0x8b, 0x6b, 0x80, 0x85, 0x7e, 0x63, 0x76, 0x5c, 0x77,
	0x79, 0x7f, 0x86, 0x6b, 0x5c, 0x77, 0x6d, 0x68, 0x67, 0x8d, 0x99, 0x73,
	0x77, 0x80, 0x72, 0x7d, 0x7c, 0x63, 0x67, 0xa4, 0x47, 0x8a, 0x64, 0x5b,
	0x91, 0x87, 0x6f, 0x7b, 0x7e, 0x9a, 0x74, 0x76, 0x28, 0x6c, 0x8c, 0x8c,
	0x8e, 0x80, 0x6f, 0x7c, 0x8e, 0x57, 0x4e, 0x91, 0x7c, 0x94, 0x8d, 0x79,
	0x6f, 0x6e, 0x58, 0x4e, 0x77, 0x8c, 0x66, 0x70, 0x51, 0x85, 0x70, 0x87,
	0x69, 0x7b, 0x99, 0x87, 0x7d, 0x5f, 0x6f, 0x74, 0x64, 0x60, 0x62, 0x8a,
	0xa2, 0x6a, 0x6b, 0x6c, 0x40, 0x81, 0x6d, 0x73, 0x7d, 0x73, 0x71, 0x72,
	0x9c, 0x99, 0x65, 0xa1, 0x70, 0x6b, 0xa0, 0x88, 0xb0, 0x7e, 0xa3, 0x8a,
	0x67, 0x8d, 0x7c, 0x6e, 0x74, 0x69, 0x7b, 0x49, 0x80, 0x85, 0x63, 0x71,
	0x93, 0x6f, 0x79, 0xb2, 0x90, 0x70, 0x6e, 0x75, 0x84, 0x73, 0x7a, 0x8c,
	0x9c, 0x94, 0x69, 0x86, 0x73, 0x74, 0x7d, 0x8c, 0x85, 0x97, 0x94, 0x6e,
	0x7e, 0x75, 0x0b, 0x6f, 0x67, 0x7a, 0x7a, 0x79, 0x7f, 0x6c, 0x92, 0x64,
	0x7e, 0x61, 0x8c, 0x72, 0x95, 0xa6, 0x45, 0x77, 0x68, 0x67, 0x80, 0x6e,
	0x81, 0x80, 0x9c, 0x5d, 0x85, 0x89, 0x5c, 0x8b, 0x65, 0x7f, 0x83, 0x78,
	0x80, 0x84, 0x7f, 0x82, 0x87, 0x6e, 0x83, 0x6e, 0x5b, 0x81, 0x72, 0x8d,
	0x7a, 0xa4, 0x66, 0x7b, 0x84, 0x57, 0x7e, 0x5a, 0x76, 0x6f, 0x8a, 0x84,
	0x73, 0x72, 0x76, 0xa8, 0x8a, 0x84, 0x53, 0x5e, 0x87, 0x86, 0x82, 0x88,
	0x8a, 0x74, 0x78, 0x6a, 0x6d, 0x71, 0x64, 0x60, 0x99, 0x52, 0x91, 0x89,
	0x73, 0x50, 0x43, 0x70, 0x72, 0x65, 0x7f, 0x8d, 0x8e, 0x7f, 0x82, 0x59,
	0x7d, 0x8e, 0x6d, 0x92, 0x6a, 0x9b, 0x7f, 0x89, 0x73, 0x86, 0x77, 0x99,
	0x7f, 0x79, 0x90, 0x6f, 0x46, 0x8e, 0x46, 0x6e, 0x82, 0x9f, 0x5e, 0xa4,
	0x46, 0x80, 0x76, 0x64, 0x7a, 0x6f, 0x74, 0x77, 0xaf, 0x8c, 0x7f, 0x6d,
	0x94, 0x7d, 0x88, 0x8e, 0x4f, 0x94, 0x6f, 0x89, 0x76, 0x94, 0x60, 0x97,
	0x70, 0x95, 0x7a, 0xae, 0x9a, 0x83, 0x6d, 0x96, 0x90, 0x90, 0x7a, 0x45,
	0x80, 0x97, 0x5f, 0xa8, 0xb3, 0x72, 0x61, 0x6a, 0x70, 0x49, 0x75, 0x9c,
	0x78, 0x83, 0x77, 0x76, 0x8b, 0x8f, 0x60, 0x89, 0xa3, 0x8f, 0x73, 0x75,
	0x81, 0x74, 0x6f, 0x80, 0x86, 0x8a, 0x6b, 0x82, 0x78, 0x5d, 0x83, 0x8b,
	0x97, 0x6b, 0x63, 0xa9, 0x9c, 0x81, 0x49, 0x5c, 0x66, 0x59, 0x92, 0x72,
	0x95, 0x7d, 0x61, 0x4f, 0x4a, 0x80, 0x76, 0x84, 0x7b, 0x72, 0x7a, 0x78,
	0x8d, 0x45, 0x8e, 0x72, 0x87, 0x75, 0x64, 0x89, 0x99, 0x80, 0x87, 0x98,
	0x47, 0x5f, 0x8b, 0x97, 0x7e, 0xa2, 0x7c, 0x75, 0x83, 0xa0, 0x60, 0x2e,
	0x87, 0xab, 0x78, 0x87, 0x6d, 0x9a, 0x68, 0x4c, 0x8f, 0x59, 0x9e, 0xbb,
	0x6b, 0x82, 0x6b, 0x9c, 0x6d, 0x88, 0x8a, 0x62, 0x7f, 0x8f, 0x8e, 0x7d,
	0x77, 0x71, 0x6c, 0x78, 0x94, 0x78, 0x57, 0x6e, 0x69, 0x8e, 0x88, 0x70,
	0x6d, 0x86, 0x9e, 0x80, 0x95, 0x7d, 0x5b, 0x8e, 0xa0, 0x72, 0x8f, 0x88,
	0x92, 0x65, 0x94, 0x74, 0x87, 0x55, 0x73, 0x75, 0x3f, 0x7f, 0x6e, 0x7f,
	0x5e, 0x88, 0x80, 0x6b, 0x72, 0x8a, 0x7e, 0x74, 0x8b, 0x8b, 0x5d, 0x7d,
	0x68, 0x65, 0x56, 0x6d, 0x8e, 0x7a, 0x7f, 0x79, 0x92, 0x8d, 0x8d, 0xc4,
	0x82, 0x7e, 0x6e, 0x3f, 0x4f, 0x73, 0x82, 0x26, 0x8a, 0x7f, 0x89, 0x4e,
	0x92, 0x96, 0x8f, 0x7f, 0x99, 0x4d, 0x7e, 0x8c, 0x56, 0x6e, 0x8e, 0x78,
	0x5c, 0xa4, 0x4c, 0x7b, 0x91, 0x9e, 0xb8, 0x75, 0x8e, 0x8d, 0x94, 0x7a,
	0x6a, 0x83, 0x4d, 0x73, 0x7d, 0x6d, 0x8e, 0x7a, 0x7a, 0x13, 0xad, 0x8c,
	0x92, 0x68, 0xae, 0x6c, 0x4b, 0x5e, 0xa3, 0x59, 0x9e, 0x7f, 0x4c, 0x62,
	0x8d, 0x7e, 0x76, 0x7e, 0x8b, 0x84, 0x6d, 0x7f, 0x60, 0x8d, 0x7d, 0x74,
	0x6d, 0x7c, 0x5f, 0x6a, 0x72, 0x9b, 0x6c, 0x6a, 0x5c, 0x7a, 0xa4, 0x80,
	0x7a, 0x9c, 0x7b, 0x6a, 0x99, 0x76, 0x79, 0x62, 0x70, 0x85, 0x74, 0x7a,
	0x89, 0x95, 0x78, 0x6c, 0x71, 0x7b, 0x59, 0x7f, 0x76, 0x6d, 0x99, 0x85,
	0x81, 0x86, 0x78, 0x81, 0x56, 0x5b, 0x7b, 0xa2, 0xbc, 0x7a, 0x4b, 0x87,
	0x6f, 0x63, 0x71, 0x97, 0x65, 0x84, 0x84, 0x6c, 0x9e, 0x67, 0x8f, 0x86,
	0xb1, 0x5d, 0x7e, 0xb8, 0x68, 0x91, 0x99, 0x7d, 0x7d, 0x71, 0x7e, 0x7f,
	0x6c, 0x7f, 0x6c, 0x66, 0xf5, 0x7f, 0x7b, 0x79, 0x89, 0x7b, 0x7a, 0x7c,
	0x58, 0x84, 0x91, 0x6e, 0x63, 0x69, 0x4b, 0x5d, 0x29, 0x7a, 0x69, 0x6a,
	0x5a, 0x92, 0xb2, 0x76, 0x85, 0x90, 0x66, 0x7c, 0x82, 0x6f, 0x71, 0xa0,
	0x6f, 0x64, 0x6f, 0x74, 0x7a, 0x6e, 0x5c, 0x7c, 0x6c, 0x66, 0x68, 0x6d,
	0x6b, 0x9c, 0x9a, 0x5b, 0x6b, 0x80, 0x61, 0x72, 0x5c, 0x6f, 0x82, 0x8b,
	0x65, 0x80, 0x8f, 0x63, 0xac, 0x71, 0x8d, 0x7c, 0x66, 0x75, 0x7b, 0x6c,
	0x74, 0x8d, 0x8b, 0x7a, 0x71, 0x8d, 0x7b, 0x79, 0x82, 0x98, 0x6b, 0x7e,
	0x64, 0x8c, 0x5e, 0xa5, 0x8b, 0x9f, 0x82, 0x6f, 0x73, 0x80, 0x81, 0x7d,
	0x81, 0x80, 0x88, 0x84, 0x83, 0x73, 0x77, 0x94, 0x66, 0x63, 0x8f, 0x88,
	0x5e, 0x9b, 0x7f, 0x6b, 0x67, 0x8a, 0x7f, 0x4d, 0x81, 0x69, 0x4d, 0x38,
	0x8e, 0x69, 0x7e, 0x74, 0x7e, 0x80, 0x82, 0x99, 0x8a, 0x76, 0x62, 0x7e,
	0x86, 0x98, 0x78, 0x6f, 0x86, 0x8d, 0x88, 0x83, 0x55, 0x72, 0x69, 0x56,
	0x51, 0x83, 0x7f, 0x72, 0x62, 0x76, 0x97, 0x66, 0x7b, 0x5e, 0xa1, 0x85,
	0x88, 0x4c, 0x90, 0x65, 0x6d, 0x91, 0x71, 0x78, 0x69, 0x84, 0x88, 0x6a,
	0x7a, 0x78, 0x54, 0x5d, 0x63, 0x62, 0x71, 0x69, 0x79, 0x6f, 0x7e, 0x92,
	0x3a, 0x7e, 0x7e, 0x7f, 0x7f, 0x7c, 0x85, 0x80, 0x8f, 0x60, 0x71, 0x74,
	0x8a, 0x8c, 0x99, 0x89, 0x8c, 0xad, 0x98, 0x87, 0x63, 0x91, 0x8f, 0x83,
	0x65, 0x6e, 0x5f, 0x5f, 0x8a, 0x8a, 0x86, 0x80, 0x8e, 0x68, 0x85, 0x8c,
	0x89, 0x86, 0x7d, 0x92, 0x86, 0x4a, 0x71, 0x67, 0x97, 0x7b, 0x7f, 0x5e,
	0x80, 0x56, 0x8c, 0x5b, 0x77, 0x5c, 0x71, 0x4d, 0x58, 0x70, 0x77, 0x7d,
	0x71, 0x6d, 0x54, 0x87, 0x99, 0x99, 0x74, 0x86, 0x75, 0x7c, 0x75, 0x66,
	0x97, 0x63, 0x53, 0x7a, 0x74, 0x71, 0x75, 0x63, 0x88, 0x89, 0x5f, 0x7b,
	0x81, 0xab, 0x89, 0x8c, 0x64, 0x7e, 0x6e, 0x76, 0x74, 0x6e, 0x6e, 0x72,
	0xa9, 0x89, 0x5e, 0x64, 0x89, 0x7b, 0x8b, 0x8c, 0x7b, 0x71, 0x9e, 0x88,
	0x72, 0x8d, 0x6e, 0x95, 0x72, 0x86, 0x8f, 0x80, 0x82, 0x63, 0x8c, 0x5f,
	0x7e, 0x8f, 0x51, 0x39, 0x69, 0x86, 0x95, 0x99, 0x95, 0x88, 0x59, 0xa2,
	0x8a, 0x6e, 0x83, 0x7a, 0x4c, 0x68, 0x9d, 0x87, 0x7b, 0x69, 0x91, 0x8a,
	0x87, 0x4a, 0x95, 0x7d, 0x56, 0x92, 0x82, 0x8c, 0x89, 0x8a, 0x7d, 0x73,
	0x88, 0x8b, 0xa6, 0x6e, 0x84, 0x89, 0x8f, 0x6e, 0x7d, 0x85, 0x71, 0x88,
	0xa2, 0x9f, 0x8c, 0x6d, 0x53, 0x66, 0x44, 0xa0, 0x68, 0x82, 0x77, 0x6f,
	0x80, 0x7f, 0x7d, 0x6b, 0xa4, 0x77, 0x82, 0x7c, 0x49, 0x7a, 0x81, 0x76,
	0x96, 0x63, 0x8d, 0x90, 0x36, 0x9a, 0x4e, 0x6d, 0x9b, 0x76, 0x88, 0x71,
	0x77, 0x81, 0x8e, 0xbd, 0x7f, 0x7a, 0x71, 0x83, 0x9e, 0x80, 0x92, 0x9a,
	0x72, 0x7d, 0x8d, 0x6c, 0x40, 0x88, 0x42, 0x81, 0x6a, 0x7a, 0x60, 0x72,
	0x88, 0xb2, 0x99, 0x78, 0x96, 0x50, 0x6d, 0x6f, 0x4b, 0x7d, 0x7f, 0x6b,
	0x93, 0x85, 0x64, 0x70, 0x79, 0x99, 0x99, 0x9b, 0x59, 0x57, 0x3c, 0x87,
	0x95, 0x7e, 0xad, 0x6b, 0x78, 0x87, 0x66, 0x64, 0x6a, 0x62, 0xa2, 0x8d,
	0x61, 0x80, 0x75, 0x7b, 0x85, 0x79, 0x77, 0x81, 0x6d, 0x6f, 0x7e, 0x82,
	0x6c, 0x87, 0x71, 0x58, 0x77, 0x72, 0x8c, 0x96, 0x98, 0x82, 0x8a, 0x67,
	0x8e, 0x6c, 0x8b, 0x4d, 0x9b, 0x77, 0x8d, 0x77, 0x7b, 0x9c, 0x7b, 0x7b,
	0x95, 0x61, 0x5f, 0x4c, 0x79, 0x94, 0x82, 0x86, 0x80, 0x82, 0x73, 0x8f,
	0x49, 0x73, 0x57, 0xa1, 0x6f, 0x9c, 0x65, 0x81, 0x7a, 0x76, 0x73, 0x7f,
	0x6d, 0xae, 0xa6, 0x8c, 0x87, 0x5b, 0x79, 0x6f, 0x5a, 0x5d, 0x81, 0xa0,
	0x7b, 0x84, 0x7c, 0x76, 0x88, 0x84, 0x5c, 0x4d, 0x4e, 0x85, 0x79, 0xa4,
	0x6c, 0x54, 0x81, 0xa8, 0x1f, 0x81, 0x79, 0x7f, 0x85, 0x68, 0x7b, 0x7c,
	0x92, 0x82, 0x6d, 0x7b, 0x5c, 0x78, 0x67, 0x65, 0x89, 0x44, 0x96, 0x7b,
	0x64, 0x70, 0x86, 0x86, 0x7d, 0x97, 0x7c, 0x75, 0x76, 0x98, 0x84, 0x7e,
	0x93, 0x88, 0xab, 0x4d, 0x80, 0x89, 0x75, 0x73, 0x77, 0x62, 0x82, 0x68,
	0x61, 0x7b, 0x74, 0x7d, 0x89, 0x94, 0x72, 0x95, 0x62, 0x7d, 0x85, 0x94,
	0x9a, 0xae, 0x70, 0x80, 0x8c, 0x80, 0x63, 0x7e, 0x96, 0xa5, 0x75, 0x77,
	0x91, 0x74, 0xa3, 0x7a, 0x7e, 0x88, 0x99, 0x88, 0x6f, 0x94, 0x59, 0x98,
	0x6a, 0x75, 0x62, 0x7e, 0x81, 0x7d, 0x92, 0x92, 0x80, 0x7f, 0x77, 0x82,
	0x7b, 0x78, 0x77, 0x79, 0x61, 0x4f, 0x62, 0x63, 0x78, 0x78, 0xa2, 0x74,
	0x93, 0x75, 0x7a, 0x89, 0x8b, 0x59, 0x87, 0x80, 0x96, 0x79, 0x67, 0x43,
	0x83, 0x7f, 0x7a, 0x89, 0x84, 0x75, 0xa2, 0x7a, 0x52, 0x76, 0x64, 0x74,
	0x68, 0x7c, 0xab, 0x76, 0x74, 0x7a, 0x47, 0x7e, 0x92, 0x88, 0x64, 0x91,
	0x7c, 0x81, 0x99, 0x8c, 0x9a, 0x64, 0x49, 0x5a, 0xa3, 0x7b, 0x7f, 0x6b,
	0x9d, 0x87, 0x7f, 0x82, 0x68, 0x8e, 0x68, 0x63, 0x7c, 0x90, 0x65, 0x8c,
	0x96, 0x74, 0x5f, 0x83, 0x7a, 0x8e, 0x78, 0x7e, 0x65, 0xb8, 0xa7, 0x7c,
	0x99, 0x81, 0x84, 0x75, 0x9e, 0x82, 0x8d, 0x85, 0x92, 0x55, 0xa7, 0x6e,
	0x5f, 0x96, 0x79, 0x93, 0x4a, 0x65, 0x64, 0x62, 0x3a, 0x7e, 0x84, 0x79,
	0x67, 0x7c, 0x65, 0x5d, 0x9c, 0x83, 0x70, 0x6f, 0x7a, 0x7d, 0x8d, 0x56,
	0x8d, 0x75, 0x63, 0x77, 0x8e, 0x47, 0x69, 0x9d, 0x6e, 0x8a, 0x6e, 0x86,
	0x6f, 0x70, 0x69, 0x83, 0x5d, 0x81, 0x64, 0x87, 0x8c, 0x89, 0xb7, 0x5f,
	0x82, 0x4d, 0x7e, 0x6e, 0x61, 0x8d, 0x86, 0x43, 0x73, 0x7b, 0x7f, 0x49,
	0x5d, 0x94, 0x77, 0x5f, 0x9a, 0x51, 0x37, 0x6f, 0x61, 0x93, 0x64, 0x67,
	0x97, 0x75, 0x7d, 0x65, 0x5e, 0x7e, 0x7c, 0x87, 0x68, 0x8a, 0x7b, 0x77,
	0x8e, 0x7e, 0x68, 0x76, 0x7f, 0x7d, 0x5a, 0x75, 0x5a, 0xb1, 0xaf, 0x8f,
	0x93, 0x4c, 0x73, 0x90, 0x4f, 0x79, 0x7b, 0x83, 0x89, 0x52, 0x72, 0x81,
	0xa1, 0x7c, 0x94, 0x77, 0x7a, 0x7d, 0x73, 0x67, 0x5a, 0x66, 0xaa, 0x6f,
	0x8a, 0x76, 0x77, 0x76, 0x96, 0x83, 0x8b, 0xb1, 0x53, 0x7e, 0x4c, 0x39,
	0x4a, 0x78, 0x88, 0x7c, 0x64, 0x8b, 0x65, 0x82, 0x89, 0x8b, 0x9c, 0x7d,
	0x7e, 0x56, 0x9a, 0x63, 0x68, 0x92, 0x54, 0x61, 0x6b, 0x6b, 0x89, 0x68,
	0x6b, 0x61, 0x53, 0x74, 0x95, 0xab, 0x81, 0x75, 0x65, 0x81, 0x6c, 0x78,
	0x84, 0x6a, 0x6d, 0x6e, 0x7a, 0x68, 0x91, 0x66, 0x7d, 0x74, 0x72, 0x8a,
	0x88, 0x82, 0x9f, 0x97, 0x78, 0x88, 0x6c, 0x96, 0x5e, 0x81, 0x89, 0x82,
	0x83, 0x86, 0x91, 0x76, 0x8b, 0x90, 0xb4, 0x5b, 0x6b, 0x93, 0x90, 0x78,
	0x6d, 0x57, 0x7e, 0x84, 0x5c, 0x7d, 0x81, 0xa0, 0x9c, 0xa6, 0x68, 0x7d,
	0x8a, 0x66, 0x8f, 0x81, 0x79, 0xae, 0x94, 0x7c, 0x62, 0x71, 0x72, 0x4f,
	0x6c, 0xa8, 0x9a, 0x7b, 0x92, 0x88, 0x72, 0x56, 0x78, 0x6d, 0x8f, 0x82,
	0x7a, 0x90, 0x8f, 0x96, 0x83, 0x5f, 0x65, 0x76, 0x76, 0x5a, 0x87, 0x7d,
	0x70, 0x83, 0x7e, 0x84, 0x68, 0x83, 0x75, 0x7b, 0x5a, 0x9d, 0x68, 0x9b,
	0x8a, 0xa2, 0x54, 0x77, 0x5d, 0x75, 0x4f, 0x6a, 0x8f, 0x60, 0x86, 0x85,
	0x74, 0x91, 0x7a, 0x8c, 0x7b, 0x81, 0x6c, 0x71, 0x80, 0x75, 0x5a, 0xa0,
	0x6a, 0x95, 0x62, 0x6f, 0x84, 0x90, 0x9e, 0x89, 0x70, 0x67, 0x78, 0x8e,
	0x7e, 0x94, 0x9f, 0x8a, 0x88, 0x7e, 0x60, 0x77, 0x8e, 0x44, 0x7b, 0x66,
	0x81, 0x7d, 0x66, 0x8f, 0x60, 0x84, 0x6f, 0x52, 0x81, 0x74, 0x5c, 0x96,
	0x9f, 0x7d, 0x50, 0x65, 0x7a, 0x3d, 0x71, 0x4d, 0x58, 0x94, 0x8f, 0x7a,
	0xa7, 0x4e, 0x73, 0x6a, 0x73, 0x82, 0x79, 0x80, 0x74, 0x7e, 0x75, 0x78,
	0x69, 0x87, 0x6e, 0x7e, 0x73, 0x6a, 0x7b, 0x8f, 0x6f, 0x8f, 0x69, 0x63,
	0x64, 0x90, 0x86, 0xa0, 0x8e, 0x8e, 0x8e, 0x7b, 0x79, 0x7f, 0x42, 0x6b,
	0x52, 0x8c, 0x5b, 0x7b, 0x5b, 0x8b, 0x67, 0x84, 0x7d, 0x9a, 0x83, 0x8d,
	0x70, 0x7b, 0x85, 0x7a, 0x84, 0x77, 0x9d, 0x50, 0x9d, 0x62, 0x91, 0x91,
	0x7f, 0x8c, 0x89, 0x8f, 0x84, 0x91, 0x96, 0x71, 0x92, 0x7a, 0x74, 0x6a,
	0x90, 0x78, 0xbe, 0x82, 0x7d, 0x6d, 0x9b, 0x90, 0x75, 0x5f, 0x61, 0x6f,
	0x74, 0x83, 0xa5, 0x76, 0x67, 0x3a, 0x5d, 0x51, 0x72, 0x82, 0x7f, 0x7d,
	0x71, 0x7f, 0x80, 0x7c, 0x52, 0x77, 0x5f, 0x72, 0x8e, 0x61, 0x98, 0x9b,
	0x93, 0x85, 0x5a, 0x7b, 0x28, 0x94, 0x8b, 0x96, 0x81, 0x60, 0x81, 0x65,
	0x67, 0x7d, 0x85, 0x86, 0x5f, 0x8b, 0x8a, 0x8d, 0x8e, 0x53, 0x8f, 0x8f,
	0x6c, 0x93, 0x65, 0x79, 0x30, 0x73, 0x7d, 0x88, 0x94, 0xa6, 0x93, 0x76,
	0x84, 0x6b, 0x81, 0x92, 0x88, 0x65, 0x4a, 0x9b, 0x74, 0x9a, 0x70, 0x6f,
	0x48, 0x75, 0x7d, 0x87, 0x9b, 0x7b, 0x7f, 0x9a, 0x6d, 0x82, 0x76, 0x71,
	0x68, 0xa8, 0x2e, 0x7d, 0x4b, 0x52, 0x90, 0x72, 0x76, 0x66, 0x7e, 0x9e,
	0x74, 0x81, 0x7e, 0x78, 0x74, 0x7a, 0x82, 0x76, 0x66, 0x7b, 0x63, 0x61,
	0x73, 0x5f, 0x86, 0x94, 0x66, 0x8d, 0xa1, 0x6e, 0x77, 0x58, 0x72, 0x6e,
	0x8a, 0x7b, 0x7d, 0x66, 0x7f, 0x58, 0x8f, 0x7d, 0x84, 0x86, 0x93, 0x6c,
	0x78, 0x5f, 0x70, 0x79, 0x58, 0x97, 0x68, 0x88, 0x56, 0x70, 0x7c, 0x90,
	0x8c, 0x6d, 0x65, 0x90, 0x61, 0xa9, 0x93, 0x77, 0x8e, 0x6f, 0x69, 0x79,
	0x93, 0x5e, 0x6e, 0x56, 0x76, 0x69, 0x8e, 0x7f, 0x64, 0x95, 0xa1, 0x66,
	0x8c, 0x89, 0x57, 0x8e, 0x7d, 0x85, 0x59, 0x81, 0x9e, 0xa9, 0x84, 0xb7,
	0x86, 0x8d, 0x71, 0x97, 0x25, 0x7d, 0x77, 0x8a, 0x71, 0x73, 0x82, 0x7a,
	0x86, 0x88, 0x8a, 0x94, 0x64, 0x73, 0x51, 0x75, 0x8a, 0x8a, 0x55, 0x44,
	0x93, 0x54, 0x63, 0x59, 0x64, 0x83, 0x89, 0x79, 0x8c, 0x7f, 0x79, 0x3b,
	0x8d, 0x78, 0x6f, 0xbd, 0x63, 0x65, 0x7b, 0x94, 0x95, 0x20, 0x6f, 0x77,
	0x89, 0x97, 0x95, 0x8a, 0x79, 0x65, 0x7d, 0x88, 0x7a, 0xb8, 0x8f, 0x6b,
	0x96, 0x7a, 0x66, 0x98, 0x54, 0x6e, 0x86, 0x86, 0x86, 0x92, 0x9f, 0x5a,
	0x83, 0x6c, 0x77, 0x66, 0x63, 0x97, 0x8d, 0x61, 0x7c, 0x94, 0x88, 0x80,
	0x87, 0x81, 0x98, 0x84, 0x82, 0x7d, 0x64, 0x9d, 0xbb, 0x82, 0x72, 0x8e,
	0x76, 0x7c, 0x88, 0x79, 0x94, 0x95, 0x86, 0x3e, 0x7d, 0x8e, 0x59, 0x51,
	0x48, 0x91, 0x97, 0x91, 0x66, 0x81, 0x6c, 0x92, 0x87, 0x8a, 0x56, 0x3e,
	0xa1, 0x76, 0x93, 0x6f, 0x7f, 0x82, 0xa8, 0x82, 0x75, 0x7c, 0x47, 0x88,
	0x84, 0x61, 0x65, 0x5e, 0x70, 0x76, 0x7b, 0x81, 0x67, 0x56, 0x73, 0x84,
	0x39, 0x6e, 0x8e, 0x7a, 0x88, 0x79, 0x66, 0x79, 0x7c, 0x74, 0x6e, 0x68,
	0x83, 0x8c, 0x78, 0x50, 0x5a, 0x88, 0x74, 0x70, 0x76, 0x92, 0x90, 0x78,
	0x8a, 0x88, 0x74, 0x71, 0x6d, 0x7a, 0x72, 0x8c, 0x6e, 0x89, 0x75, 0x8c,
	0x90, 0x80, 0x78, 0x81, 0x7f, 0x89, 0x68, 0x76, 0x6e, 0x94, 0x6b, 0x7d,
	0x59, 0x84, 0x8c, 0x8b, 0x78, 0x90, 0x69, 0x81, 0x56, 0x9d, 0x7e, 0x7c,
	0x3d, 0x73, 0x5d, 0x36, 0xb8, 0x8e, 0xa8, 0x84, 0x54, 0x7a, 0x95, 0x8c,
	0x6b, 0x86, 0x96, 0x79, 0x95, 0x85, 0x6b, 0x77, 0x89, 0x59, 0x61, 0x81,
	0x6d, 0x62, 0x61, 0x87, 0x4f, 0x80, 0x8a, 0x7e, 0x48, 0x42, 0xa6, 0x35,
	0x88, 0x9d, 0x7d, 0x70, 0x8c, 0x8c, 0x91, 0x28, 0x76, 0x91, 0x8c, 0x5f,
	0x8d, 0x6f, 0x94, 0x61, 0x9e, 0x63, 0x41, 0x6d, 0x95, 0x9d, 0x7d, 0x6b,
	0x80, 0x7d, 0x5b, 0x4b, 0x91, 0x7e, 0x7c, 0x87, 0x6c, 0x83, 0x79, 0x78,
	0x64, 0x71, 0x67, 0x79, 0x81, 0x63, 0x7e, 0x80, 0x80, 0x7f, 0x6e, 0x7a,
	0x75, 0x7c, 0x96, 0x8c, 0x5b, 0x6f, 0x8f, 0x80, 0x84, 0x8b, 0x65, 0x57,
	0x4f, 0x80, 0x2c, 0x72, 0x73, 0x81, 0x4f, 0x53, 0x7a, 0x86, 0x93, 0xa5,
	0x9a, 0x72, 0x90, 0x7b, 0x6c, 0x77, 0x90, 0x7e, 0x97, 0x8a, 0x65, 0x8b,
	0x7d, 0x3f, 0x9a, 0x67, 0xa2, 0x7c, 0x7e, 0x83, 0x38, 0x76, 0x4d, 0x98,
	0x92, 0x3d, 0x87, 0x90, 0x78, 0x86, 0x69, 0x88, 0x87, 0x66, 0x8a, 0x88,
	0x5b, 0x78, 0xbe, 0x8e, 0x69, 0x5d, 0x6b, 0x83, 0x70, 0x7f, 0x73, 0x77,
	0x73, 0x71, 0x72, 0x6c, 0x8f, 0x99, 0x83, 0x7b, 0x5e, 0x67, 0x95, 0x81,
	0x47, 0x5c, 0x65, 0x9c, 0x7c, 0xa1, 0x6e, 0xaf, 0x5f, 0x79, 0x82, 0x52,
	0xb3, 0x80, 0xad, 0x6c, 0x7a, 0x8e, 0x93, 0x87, 0x76, 0x84, 0x8c, 0x87,
	0x92, 0x81, 0x49, 0x8b, 0x8f, 0x95, 0x76, 0x82, 0x6e, 0x77, 0x66, 0x51,
	0x7f, 0x5c, 0x75, 0x91, 0x82, 0x76, 0x7f, 0x62, 0x93, 0x75, 0x74, 0x72,
	0x69, 0x7a, 0x72, 0xbb, 0x74, 0x9f, 0x8b, 0x82, 0x7b, 0x88, 0x79, 0x80,
	0x78, 0x81, 0x8e, 0x6e, 0x8e, 0x82, 0x93, 0x65, 0x75, 0x7b, 0x58, 0x62,
	0x74, 0x83, 0x76, 0x7b, 0x5f, 0x78, 0x72, 0x73, 0x81, 0x7f, 0x58, 0x5e,
	0x80, 0x75, 0x93, 0x95, 0x96, 0x5e, 0xa7, 0x85, 0x68, 0x83, 0x82, 0x86,
	0x82, 0x7f, 0x99, 0x80, 0x89, 0x78, 0x9d, 0x41, 0x89, 0x70, 0x86, 0x85,
	0x63, 0x82, 0x8a, 0x92, 0x8a, 0x72, 0x89, 0x78, 0x7c, 0x91, 0x8f, 0x5f,
	0x38, 0x8e, 0x84, 0x79, 0x7c, 0x88, 0x92, 0x61, 0x80, 0x7e, 0x90, 0x88,
	0x76, 0x90, 0x4d, 0x90, 0x9b, 0x96, 0x63, 0x81, 0x93, 0x79, 0x8c, 0x6e,
	0x7f, 0x5a, 0x80, 0x75, 0x8e, 0x74, 0x87, 0x7b, 0xad, 0x5b, 0x79, 0x78,
	0x71, 0x8e, 0x85, 0x6e, 0x60, 0x80, 0x74, 0x7a, 0x6a, 0x71, 0x78, 0x70,
	0x83, 0x80, 0x93, 0x83, 0x9f, 0xa1, 0x77, 0x83, 0x89, 0x91, 0x77, 0x7a,
	0x76, 0x9f, 0x7c, 0x7b, 0x7f, 0x7f, 0x72, 0x9a, 0x97, 0x84, 0x9f, 0x5a,
	0x65, 0x67, 0x76, 0x79, 0x80, 0x79, 0x8b, 0x5a, 0x87, 0x4e, 0x7d, 0x6c,
	0x9d, 0x57, 0x99, 0x7b, 0x57, 0x85, 0x8e, 0x99, 0x81, 0x7f, 0x43, 0x5f,
	0x91, 0x79, 0xa7, 0x85, 0x93, 0x6f, 0x87, 0x77, 0x6d, 0x83, 0xa3, 0x7b,
	0x60, 0x81, 0x35, 0x9f, 0xaa, 0x78, 0x71, 0x74, 0x95, 0xac, 0x92, 0x83,
	0x8c, 0x64, 0x7a, 0x7a, 0x6d, 0x81, 0x5f, 0x5f, 0x4a, 0x81, 0x7e, 0x7a,
	0x82, 0x82, 0x7e, 0x7f, 0x86, 0x62, 0x45, 0x80, 0x69, 0x5e, 0x5e, 0x73,
	0x7d, 0x9a, 0x8d, 0x51, 0x6e, 0x74, 0x70, 0x96, 0x6b, 0x8a, 0x88, 0x75,
	0x82, 0x4d, 0x7d, 0x87, 0x9c, 0x84, 0x85, 0x7b, 0x9c, 0x51, 0x61, 0x34,
	0x8c, 0x40, 0x68, 0x6e, 0x68, 0x7a, 0x86, 0x7b, 0x69, 0x8e, 0x6f, 0x80,
	0x70, 0xa3, 0x8e, 0x8c, 0x83, 0x72, 0x68, 0x91, 0x6f, 0x64, 0x97, 0x78,
	0x6d, 0x87, 0x87, 0x88, 0x68, 0x80, 0x78, 0x7c, 0x6e, 0x7a, 0x3a, 0x6f,
	0x86, 0x90, 0xa7, 0xa2, 0x93, 0x7a, 0x62, 0x80, 0x84, 0x81, 0x77, 0xa6,
	0x64, 0x7f, 0x7d, 0x7a, 0x7e, 0x78, 0x80, 0x85, 0x70, 0x72, 0x73, 0x14,
	0x4d, 0x8a, 0x6b, 0x99, 0x64, 0x91, 0x74, 0x7a, 0x75, 0x64, 0x90, 0x7e,
	0x93, 0x6c, 0x83, 0x74, 0x8d, 0x74, 0x8a, 0x7c, 0x76, 0x7b, 0x81, 0x86,
	0x90, 0x76, 0x8d, 0x96, 0x86, 0x6c, 0x96, 0x77, 0x81, 0x83, 0x8e, 0x8a,
	0x8b, 0x67, 0x5c, 0x76, 0x42, 0x7f, 0x87, 0x71, 0x94, 0x8e, 0x85, 0x88,
	0x99, 0xa5, 0x68, 0x91, 0x8d, 0x8b, 0xa6, 0x68, 0xa7, 0x80, 0x7c, 0x78,
	0x80, 0x57, 0xa2, 0x47, 0x46, 0x95, 0x6b, 0x7a, 0x86, 0x6e, 0x81, 0x8f,
	0x61, 0x82, 0x8f, 0x71, 0x52, 0x7f, 0x77, 0x6d, 0x79, 0x7a, 0x78, 0x7b,
	0x64, 0x7d, 0x74, 0x86, 0x9a, 0x95, 0x93, 0x6a, 0x59, 0x87, 0x5b, 0x91,
	0x9a, 0x97, 0x98, 0xad, 0x59, 0xb3, 0x97, 0x75, 0x93, 0x8b, 0x61, 0x71,
	0x8b, 0x65, 0x7b, 0x7f, 0x7a, 0x84, 0x69, 0x70, 0x88, 0x66, 0x62, 0x72,
	0x6d, 0x6e, 0x83, 0x95, 0x59, 0x77, 0x6a, 0x83, 0xa9, 0x6b, 0x6b, 0x90,
	0x73, 0xa4, 0x8e, 0x6d, 0x90, 0x81, 0x8a, 0x59, 0x5d, 0x79, 0x91, 0xac,
	0x7d, 0x76, 0x5e, 0x7a, 0x81, 0x65, 0x76, 0x8f, 0x60, 0xa3, 0x90, 0x63,
	0x6f, 0x48, 0x7c, 0x6e, 0x7a, 0x83, 0x67, 0x56, 0x7b, 0x80, 0x80, 0x8b,
	0x6e, 0x87, 0x83, 0x80, 0x78, 0xb1, 0x8f, 0x73, 0x81, 0x6c, 0x7f, 0x53,
	0x95, 0x60, 0x5a, 0x4f, 0x78, 0x87, 0x59, 0x46, 0x6f, 0x8e, 0x70, 0x71,
	0x94, 0x8a, 0x5f, 0x58, 0x6d, 0x84, 0x95, 0x6c, 0x69, 0x8e, 0x59, 0x6a,
	0x9c, 0x62, 0x6f, 0x51, 0x8e, 0x5e, 0x84, 0x71, 0x9e, 0x73, 0x80, 0x9d,
	0x61, 0x7f, 0x7e, 0x8d, 0x70, 0x8c, 0x85, 0x84, 0x68, 0x6d, 0x8a, 0x66,
	0x70, 0x9c, 0x72, 0x8d, 0x81, 0x86, 0x6a, 0x39, 0x77, 0x8d, 0x63, 0x94,
	0x6d, 0xa8, 0xac, 0xac, 0x67, 0x59, 0x7b, 0x8b, 0x71, 0x92, 0x5e, 0x74,
	0x6c, 0x7e, 0x80, 0x78, 0x7f, 0x95, 0x78, 0x7c, 0x8d, 0x71, 0x63, 0x80,
	0xa2, 0x83, 0x74, 0x6d, 0x8b, 0x88, 0x98, 0x7c, 0x5f, 0x65, 0x7a, 0x89,
	0x59, 0x76, 0x98, 0x85, 0x6d, 0x81, 0x75, 0x81, 0x76, 0x8b, 0x94, 0xa1,
	0x8a, 0x6c, 0x6b, 0x65, 0x76, 0x7b, 0x5d, 0x9b, 0x6d, 0x7c, 0x87, 0x69,
	0x4b, 0x8c, 0x62, 0x74, 0x7b, 0x83, 0x8e, 0x9f, 0x76, 0x8a, 0x89, 0x89,
	0x79, 0x7b, 0x53, 0x91, 0x6a, 0x69, 0x8e, 0x42, 0x6d, 0x81, 0x8b, 0x78,
	0x68, 0x78, 0x4e, 0x81, 0x7e, 0x46, 0x7d, 0x6b, 0x66, 0x8a, 0x4d, 0x87,
	0x6f, 0x7c, 0x78, 0x50, 0xb3, 0x7f, 0x79, 0x73, 0x7b, 0x73, 0x78, 0x79,
	0x80, 0x75, 0x6e, 0x83, 0x5d, 0x7f, 0x71, 0x7a, 0x89, 0x9a, 0x6c, 0x73,
	0x63, 0x85, 0x69, 0x75, 0x8f, 0x81, 0x6c, 0x4c, 0x88, 0x80, 0x6d, 0x7f,
	0x7e, 0x6c, 0x5f, 0x65, 0x6a, 0x97, 0x9b, 0x91, 0xa6, 0x68, 0x60, 0x61,
	0x6b, 0x44, 0x87, 0x98, 0x6f, 0x6d, 0x84, 0x61, 0x68, 0x8b, 0x7c, 0x91,
	0x9d, 0x9d, 0x3e, 0x74, 0x8c, 0x80, 0x71, 0x63, 0xab, 0x94, 0x85, 0x99,
	0x61, 0x87, 0x79, 0xa9, 0x74, 0x72, 0x90, 0xa2, 0x5f, 0x94, 0x47, 0x90,
	0x6e, 0x79, 0x82, 0x96, 0x88, 0x7a, 0x83, 0x60, 0xa6, 0x83, 0x78, 0x86,
	0x7f, 0x84, 0x75, 0x79, 0x5b, 0x56, 0x84, 0x8b, 0x70, 0x76, 0x6f, 0x7d,
	0x8a, 0x6d, 0x7c, 0x9f, 0x8d, 0x68, 0x5e, 0x7d, 0x6e, 0x95, 0x70, 0x70,
	0x78, 0x76, 0x62, 0x7e, 0xa3, 0x7a, 0x72, 0x9c, 0x5a, 0x80, 0x65, 0x4a,
	0x79, 0x95, 0x96, 0x75, 0x71, 0x96, 0x5c, 0x7b, 0x4c, 0x84, 0x73, 0x84,
	0x54, 0x81, 0x8a, 0x70, 0x72, 0x4a, 0x91, 0x69, 0x93, 0x7d, 0x72, 0x91,
	0x6f, 0x76, 0x80, 0x68, 0x50, 0x83, 0x69, 0x29, 0x91, 0x9a, 0x2f, 0x56,
	0x81, 0x57, 0x93, 0x98, 0x7e, 0x7f, 0x82, 0x68, 0x75, 0x89, 0x9c, 0x84,
	0x50, 0x7d, 0x7b, 0x7e, 0x85, 0x70, 0x7b, 0x74, 0x7b, 0x90, 0x67, 0x7e,
	0x65, 0x8f, 0x75, 0x85, 0x48, 0x6e, 0x94, 0x8e, 0x3e, 0x89, 0x7a, 0x6c,
	0x66, 0x58, 0x6c, 0x79, 0x8d, 0x7f, 0x70, 0x77, 0x71, 0x88, 0x7d, 0x99,
	0x8b, 0x77, 0x52, 0x73, 0x9e, 0x76, 0x87, 0x94, 0x5f, 0x82, 0x50, 0x90,
	0x5c, 0xc2, 0x69, 0x78, 0x91, 0x9b, 0x68, 0x92, 0x97, 0x3d, 0x89, 0x75,
	0x8b, 0x89, 0x82, 0x88, 0x90, 0x83, 0x81, 0x82, 0x99, 0x88, 0x8a, 0x7b,
	0x88, 0x84, 0x75, 0x6f, 0x56, 0x5d, 0x69, 0x5a, 0x73, 0x7b, 0x75, 0x93,
	0x72, 0x67, 0x72, 0x68, 0x85, 0x80, 0x6e, 0x77, 0x74, 0x6d, 0x6b, 0x73,
	0x55, 0x84, 0x84, 0x8e, 0x98, 0x4e, 0x78, 0x6b, 0x7c, 0x7a, 0x65, 0x51,
	0x84, 0x83, 0x6c, 0xac, 0x97, 0x64, 0x77, 0x64, 0x8a, 0x8c, 0x67, 0x81,
	0x7d, 0x89, 0x69, 0x9e, 0x91, 0x73, 0x6f, 0x60, 0x7f, 0x7f, 0x91, 0x8e,
	0xa7, 0x82, 0x80, 0x64, 0xad, 0x57, 0x8d, 0x88, 0x73, 0x74, 0x50, 0x88,
	0x6f, 0xab, 0x7b, 0x81, 0x88, 0x97, 0x9e, 0x6b, 0x65, 0x7f, 0x84, 0x44,
	0x60, 0x50, 0x61, 0x77, 0x83, 0x94, 0x8d, 0x8a, 0x87, 0x89, 0x68, 0x52,
	0x78, 0x66, 0x6d, 0x80, 0x8a, 0x88, 0x4d, 0x50, 0x6d, 0x7e, 0x7d, 0x82,
	0x6c, 0x7c, 0x7d, 0x83, 0x57, 0x68, 0x79, 0x70, 0x5d, 0x78, 0x84, 0x86,
	0x66, 0x79, 0x68, 0x70, 0x61, 0x8c, 0x80, 0x94, 0x74, 0x95, 0x58, 0x58,
	0x78, 0x70, 0x80, 0x7b, 0x92, 0x7f, 0x77, 0x6e, 0x80, 0x71, 0x6e, 0x84,
	0x6a, 0x6e, 0x3e, 0x85, 0x6e, 0x55, 0x99, 0x89, 0x9b, 0xbd, 0x8f, 0x7c,
	0x74, 0x98, 0xa1, 0x46, 0x8a, 0x6b, 0x6c, 0x68, 0x95, 0x71, 0x6b, 0x66,
	0x9c, 0x8d, 0x69, 0x7e, 0x7c, 0x7c, 0x6a, 0x60, 0x7e, 0xb4, 0x52, 0x72,
	0x7b, 0x9f, 0x53, 0x94, 0x8b, 0x83, 0x92, 0x79, 0x86, 0x89, 0xa0, 0x80,
	0xdd, 0x7e, 0x6d, 0x87, 0x95, 0x8b, 0x88, 0x8a, 0x6c, 0x63, 0xb9, 0xa0,
	0x3e, 0x74, 0x5e, 0x93, 0x68, 0x61, 0x69, 0x51, 0x3c, 0x5e, 0x8c, 0x53,
	0x62, 0x83, 0x39, 0x56, 0x82, 0x63, 0x8d, 0x5a, 0x91, 0x80, 0x77, 0x8f,
	0xaa, 0x8f, 0x72, 0x76, 0x62, 0x35, 0x76, 0x7e, 0x7d, 0x87, 0x82, 0x5f,
	0x80, 0x67, 0x54, 0x89, 0x3f, 0x7f, 0x85, 0x6f, 0x7b, 0x52, 0x8d, 0x76,
	0x6e, 0x7e, 0x94, 0x7b, 0x8a, 0x53, 0x76, 0x43, 0x6d, 0x7d, 0x9c, 0x83,
	0x6c, 0x84, 0x7b, 0x97, 0x66, 0x84, 0x7b, 0x62, 0x73, 0x7c, 0x6a, 0x79,
	0x81, 0x5a, 0x85, 0x7e, 0x2e, 0x7f, 0x7e, 0x7f, 0x75, 0x87, 0x84, 0x82,
	0x79, 0x88, 0x70, 0x92, 0x87, 0x7b, 0x70, 0x82, 0x6c, 0x58, 0x52, 0x84,
	0x83, 0x8b, 0x9e, 0x4b, 0x8d, 0x4c, 0x5d, 0x8a, 0x71, 0x60, 0x3f, 0x97,
	0x73, 0x75, 0x88, 0xa0, 0x7a, 0x5e, 0x68, 0x95, 0x63, 0x8d, 0x79, 0x79,
	0x97, 0x9d, 0x81, 0x89, 0x81, 0x82, 0x58, 0x8d, 0x79, 0x4d, 0x77, 0x6e,
	0x80, 0x80, 0x36, 0x90, 0x81, 0x7f, 0x59, 0x75, 0x7f, 0x9e, 0x5f, 0x67,
	0x8d, 0x6c, 0x88, 0x88, 0x5e, 0x98, 0x85, 0x5c, 0x5c, 0x7c, 0x5c, 0x68,
	0x49, 0x63, 0x8d, 0x7b, 0x94, 0x64, 0x85, 0x7d, 0xb9, 0x7f, 0x7d, 0x91,
	0x7f, 0x88, 0x8a, 0x83, 0x78, 0x5b, 0x8c, 0x58, 0x79, 0x48, 0x79, 0x7d,
	0x54, 0x69, 0x4e, 0x76, 0x61, 0x6b, 0x98, 0x70, 0x73, 0x8e, 0x77, 0x46,
	0x82, 0x5d, 0x51, 0xae, 0x86, 0x53, 0x42, 0x73, 0x7e, 0x84, 0x52, 0x68,
	0x8b, 0x84, 0x78, 0x5f, 0x6e, 0x8e, 0x8b, 0x73, 0x77, 0x73, 0x61, 0x5c,
	0x68, 0x54, 0x80, 0x66, 0x93, 0x7c, 0x9a, 0x7a, 0x77, 0x5f, 0x82, 0x86,
	0x6a, 0x72, 0x75, 0x70, 0x65, 0x66, 0x47, 0x82, 0x6d, 0x7a, 0x73, 0x88,
	0x9c, 0x71, 0x7e, 0x73, 0x74, 0x74, 0x76, 0x7b, 0x98, 0x6c, 0x63, 0x80,
	0x8f, 0x7f, 0x75, 0x71, 0x73, 0x75, 0x74, 0x71, 0x80, 0xab, 0x8d, 0x88,
	0x7a, 0x95, 0x86, 0x83, 0x2f, 0x70, 0x81, 0x94, 0x57, 0x84, 0x89, 0x96,
	0x8b, 0x6e, 0x61, 0x66, 0x74, 0x97, 0x99, 0x8c, 0x85, 0x81, 0x6c, 0x66,
	0x75, 0x7f, 0x92, 0xb8, 0x83, 0xae, 0x6d, 0x3f, 0x6d, 0x63, 0x6e, 0x74,
	0x6f, 0x60, 0x91, 0x8e, 0x9a, 0x9c, 0x75, 0x8b, 0x8b, 0x83, 0x7f, 0x6f,
	0x8d, 0x8d, 0x7d, 0x76, 0x8f, 0x8f, 0x8d, 0x6a, 0x47, 0x81, 0x7e, 0x77,
	0xa9, 0x7b, 0x85, 0x70, 0x87, 0x7a, 0x59, 0x4c, 0x80, 0x4d, 0x63, 0x5b,
	0x81, 0x56, 0x6d, 0x6e, 0x50, 0x7e, 0x7c, 0x8a, 0x64, 0x76, 0x78, 0x76,
	0x78, 0x7a, 0x76, 0x90, 0x80, 0x4b, 0xa9, 0x80, 0x71, 0x67, 0x77, 0x90,
	0x86, 0x68, 0x88, 0x86, 0x75, 0x66, 0x90, 0x88, 0x5f, 0x87, 0x70, 0x83,
	0x8d, 0x6c, 0x7d, 0x79, 0x86, 0x5f, 0x90, 0x7f, 0x5a, 0x6d, 0xa5, 0x7c,
	0x89, 0x8c, 0x60, 0x9c, 0x7e, 0x9b, 0x5c, 0xc4, 0x6e, 0x78, 0x6c, 0x6b,
	0xa1, 0x57, 0x51, 0xaa, 0x6f, 0x82, 0x86, 0x70, 0x7b, 0x7f, 0x97, 0x71,
	0x63, 0x91, 0x75, 0x57, 0x74, 0x80, 0x85, 0x3c, 0xb0, 0x66, 0x76, 0x93,
	0x69, 0xa3, 0x6d, 0x9d, 0x84, 0x85, 0x70, 0x8f, 0x4f, 0x81, 0x67, 0x6e,
	0x6c, 0x68, 0x6b, 0x6e, 0x8d, 0x93, 0x6f, 0x99, 0xa2, 0x84, 0x6c, 0x7d,
	0x8a, 0x64, 0x8b, 0x68, 0x6c, 0x6d, 0x7f, 0x88, 0x88, 0x7f, 0x93, 0x97,
	0x97, 0x99, 0x8e, 0x8e, 0x89, 0x7b, 0x5b, 0xa0, 0x89, 0x9c, 0x68, 0x87,
	0x6b, 0x91, 0x8a, 0x86, 0x99, 0x81, 0x89, 0x59, 0x7c, 0x82, 0x76, 0x6d,
	0x80, 0x80, 0x6a, 0x5d, 0x7c, 0xa7, 0x74, 0x75, 0x70, 0x96, 0x75, 0xa6,
	0x8e, 0x7b, 0x9a, 0x66, 0x8f, 0x85, 0x8b, 0x8d, 0x95, 0x62, 0x9f, 0x63,
	0x74, 0x75, 0x90, 0xa1, 0x99, 0x6b, 0x84, 0x6e, 0x3a, 0x72, 0x85, 0x5b,
	0x95, 0x7d, 0x71, 0x7d, 0x76, 0x7b, 0x76, 0x78, 0x7f, 0x78, 0x8b, 0x61,
	0x91, 0x72, 0x6c, 0x7d, 0x7c, 0x89, 0x72, 0x74, 0x72, 0x84, 0x88, 0x7f,
	0x79, 0x65, 0x81, 0x9d, 0xac, 0x83, 0x5e, 0x69, 0x87, 0x90, 0x6f, 0xa0,
	0x7f, 0xa3, 0x69, 0x8e, 0x57, 0x7e, 0x97, 0x6f, 0x58, 0x7e, 0x8f, 0x8d,
	0x76, 0x9c, 0x81, 0x33, 0x97, 0x76, 0x80, 0x3a, 0x34, 0x71, 0xbb, 0x52,
	0x7b, 0x77, 0x8c, 0x70, 0x62, 0x6d, 0x87, 0x76, 0x76, 0x68, 0x7d, 0x65,
	0x6a, 0x72, 0x77, 0x4c, 0x76, 0x76, 0xab, 0x65, 0x7c, 0x9e, 0x76, 0x5e,
	0x45, 0x8b, 0x6c, 0x67, 0x91, 0x82, 0x72, 0x7f, 0x7d, 0x7c, 0x72, 0x7e,
	0x70, 0x83, 0x7e, 0x8e, 0x40, 0xb1, 0x92, 0x7a, 0x84, 0x7d, 0x68, 0x68,
	0x4a, 0x80, 0x7e, 0x77, 0x73, 0x9d, 0x85, 0x7a, 0x92, 0x88, 0x2f, 0x70,
	0x83, 0x83, 0xa5, 0x8b, 0x3d, 0x7b, 0x81, 0x5e, 0x72, 0x65, 0x6b, 0x96,
	0x5d, 0x7f, 0x60, 0x72, 0x83, 0x7e, 0x5f, 0x87, 0x72, 0x8e, 0x5e, 0x92,
	0x8b, 0x62, 0x68, 0x83, 0x74, 0x7a, 0x4c, 0x74, 0x72, 0x7c, 0x72, 0x5c,
	0x90, 0x88, 0x8c, 0x72, 0x8c, 0x81, 0x7f, 0x5e, 0x9c, 0x81, 0x73, 0x80,
	0x72, 0x72, 0x7c, 0x97, 0x99, 0x82, 0x8e, 0x73, 0xac, 0x83, 0x75, 0x6b,
	0x73, 0x6e, 0x75, 0x71, 0x5c, 0x5c, 0x67, 0x82, 0x8b, 0x81, 0x74, 0x47,
	0x74, 0x7a, 0x86, 0x69, 0x81, 0x7d, 0x7c, 0xa0, 0x9a, 0x7a, 0x8e, 0x86,
	0x83, 0x7f, 0xa1, 0x9d, 0x6d, 0x79, 0x9a, 0x6b, 0x6a, 0x70, 0x80, 0x81,
	0x85, 0x93, 0x81, 0x62, 0x75, 0x7a, 0x91, 0xa0, 0x85, 0xa1, 0x79, 0x21,
	0x89, 0x60, 0x74, 0x6b, 0x5b, 0xa2, 0x8a, 0x76, 0x66, 0x7f, 0x50, 0x62,
	0x79, 0x76, 0x88, 0x8d, 0x82, 0x64, 0x86, 0x8d, 0x91, 0x5c, 0x80, 0x82,
	0x5d, 0x8a, 0xa7, 0x94, 0x63, 0x72, 0x87, 0x92, 0x65, 0x6b, 0x8f, 0x8e,
	0x5f, 0x81, 0x6f, 0x77, 0x6d, 0x76, 0x7b, 0x79, 0x73, 0x7a, 0x93, 0x9e,
	0x4b, 0x5d, 0x77, 0x8a, 0x91, 0x82, 0x9d, 0x83, 0x9f, 0x76, 0x6e, 0x71,
	0x92, 0x7f, 0x9e, 0x45, 0x6c, 0x8a, 0x58, 0x9f, 0x67, 0x77, 0x84, 0x86,
	0x67, 0x81, 0xa6, 0x49, 0x67, 0x5a, 0x7a, 0x97, 0x8d, 0x7e, 0x62, 0x76,
	0x74, 0x92, 0xa5, 0x73, 0x76, 0x7e, 0x6f, 0x8b, 0x54, 0x7b, 0x46, 0xa7,
	0x62, 0x7a, 0x5a, 0x66, 0x72, 0x7e, 0x81, 0x6b, 0xa6, 0x76, 0x6f, 0x8e,
	0x4f, 0x89, 0x70, 0x7c, 0x94, 0x9a, 0x5b, 0x95, 0x80, 0x90, 0x83, 0x95,
	0x78, 0x8c, 0x8f, 0x8e, 0x8c, 0x80, 0x79, 0x64, 0x7a, 0x73, 0x77, 0x79,
	0x56, 0x6d, 0x4c, 0xa8, 0x9a, 0x60, 0x94, 0x9a, 0x8d, 0x60, 0x67, 0x82,
	0x77, 0xa7, 0x8c, 0x5f, 0x6b, 0x6d, 0x80, 0x60, 0x3b, 0x9d, 0x66, 0x85,
	0x59, 0x7e, 0x9b, 0x88, 0x83, 0x88, 0x65, 0x8d, 0x71, 0xa8, 0x8e, 0x8c,
	0x51, 0x86, 0x80, 0x89, 0x86, 0x74, 0x9d, 0x80, 0x7f, 0x51, 0x73, 0x7f,
	0x8a, 0x71, 0x56, 0x8c, 0xa2, 0x81, 0x61, 0x85, 0x6f, 0x6c, 0x96, 0x57,
	0x74, 0xa0, 0x5d, 0x7d, 0x52, 0x82, 0x86, 0x91, 0x4a, 0x6f, 0x7b, 0x7b,
	0x8c, 0x88, 0x9f, 0x7b, 0x6a, 0x8d, 0x84, 0x68, 0xa0, 0x7e, 0x7d, 0x7e,
	0x8a, 0x6d, 0x84, 0x7b, 0x5c, 0x6b, 0x73, 0x6d, 0x75, 0x81, 0x78, 0x8e,
	0x6c, 0x9d, 0x60, 0x4f, 0x8c, 0x72, 0x7d, 0x91, 0x62, 0x81, 0x80, 0x7e,
	0x91, 0x8e, 0x62, 0x7f, 0x5f, 0x7e, 0x72, 0x66, 0x98, 0x67, 0x7b, 0x80,
	0x70, 0x7b, 0x61, 0x9a, 0x52, 0x61, 0x7f, 0x87, 0x84, 0x94, 0x80, 0x74,
	0x49, 0x6b, 0x40, 0x6e, 0x6f, 0x62, 0x94, 0x9d, 0x97, 0x72, 0x75, 0x6d,
	0x65, 0x81, 0x5d, 0x68, 0x74, 0x89, 0x77, 0x85, 0x65, 0xb4, 0x84, 0x66,
	0x90, 0x85, 0x53, 0x77, 0x8b, 0x68, 0x6e, 0x80, 0x89, 0x5d, 0x7e, 0x8b,
	0x8c, 0x7f, 0x7e, 0x6f, 0x82, 0x79, 0x7c, 0x7c, 0x2a, 0x81, 0x79, 0x7a,
	0x7a, 0x90, 0x89, 0x46, 0x7f, 0x81, 0x67, 0xa0, 0x83, 0x7f, 0x8d, 0x72,
	0x8f, 0x6a, 0x7e, 0x84, 0x74, 0x7b, 0x89, 0x62, 0x7b, 0x33, 0x8e, 0x83,
	0x67, 0x83, 0x72, 0x68, 0x7a, 0x9f, 0x4e, 0x70, 0xbc, 0x79, 0x8a, 0xad,
	0x7c, 0x6e, 0x8b, 0x78, 0x8a, 0x7a, 0x85, 0x79, 0x7e, 0x7b, 0x50, 0x97,
	0x97, 0x76, 0x76, 0x87, 0x7f, 0x6e, 0x85, 0x9d, 0x70, 0x76, 0x51, 0x6e,
	0x87, 0x8b, 0x83, 0x88, 0x57, 0x7d, 0x7a, 0x9f, 0x5b, 0x6d, 0x82, 0x8f,
	0x7b, 0x9f, 0xbb, 0x6d, 0x58, 0x81, 0x77, 0x76, 0x88, 0x74, 0x7b, 0x78,
	0x65, 0xa0, 0x8d, 0x93, 0x97, 0x7d, 0x8e, 0x58, 0x7f, 0x92, 0x90, 0x85,
	0x7a, 0x5b, 0x5f, 0x97, 0x7d, 0x89, 0x94, 0x77, 0x61, 0x95, 0x70, 0x7f,
	0x73, 0x8d, 0x76, 0x6a, 0x73, 0x64, 0x9e, 0x70, 0x85, 0x63, 0x4c, 0x7d,
	0x7c, 0x61, 0x7d, 0x60, 0x7a, 0x7e, 0x95, 0x83, 0x76, 0x8b, 0x68, 0x7d,
	0x44, 0x6a, 0x99, 0x5f, 0x8a, 0x6a, 0x83, 0x96, 0x7e, 0x88, 0xa1, 0x88,
	0xa0, 0xa0, 0x96, 0x4b, 0x75, 0x85, 0x7d, 0xa3, 0x74, 0x5f, 0x8c, 0x93,
	0x70, 0x82, 0x76, 0x75, 0x7e, 0x6a, 0x71, 0x94, 0x60, 0x80, 0x82, 0x77,
	0x7d, 0x74, 0x7d, 0x7d, 0x6a, 0x71, 0x5d, 0x6b, 0x62, 0x8f, 0xa1, 0x5d,
	0x5f, 0x76, 0x91, 0x92, 0x76, 0x70, 0x8b, 0x9a, 0x5c, 0x83, 0xa0, 0x71,
	0x6a, 0x79, 0x98, 0x7c, 0x7f, 0x77, 0x93, 0x89, 0x5b, 0x39, 0x74, 0xb0,
	0x84, 0x88, 0x81, 0x79, 0x90, 0x87, 0x72, 0x7d, 0x7d, 0x84, 0x76, 0x9e,
	0x42, 0x9c, 0x7a, 0x99, 0x53, 0x74, 0xa6, 0xa2, 0xa3, 0x6f, 0x83, 0x6b,
	0x94, 0x85, 0x90, 0x7a, 0x74, 0x71, 0x7e, 0x79, 0x91, 0x67, 0x88, 0x93,
	0x61, 0x82, 0x6a, 0x65, 0x70, 0x7d, 0x49, 0x86, 0x8b, 0x8b, 0x79, 0x8b,
	0x6d, 0x80, 0x73, 0x7b, 0x74, 0x74, 0x71, 0x75, 0x96, 0x8b, 0x9c, 0xb5,
	0x81, 0x77, 0x84, 0x58, 0x62, 0x67, 0x65, 0x7b, 0xa1, 0x83, 0x7a, 0x3d,
	0x72, 0x66, 0x86, 0x84, 0x86, 0x7d, 0x54, 0x8b, 0x6f, 0x76, 0x88, 0x76,
	0x7d, 0x8d, 0x91, 0x72, 0x80, 0x96, 0x71, 0x6a, 0x94, 0x76, 0x6f, 0x84,
	0x46, 0x79, 0x68, 0x8b, 0xa3, 0x66, 0x72, 0x9e, 0x8f, 0x9d, 0x4b, 0x5b,
	0x74, 0x73, 0xa8, 0x95, 0x96, 0x9c, 0x72, 0x86, 0x6f, 0x4b, 0x7e, 0x7a,
	0x6c, 0x56, 0x9f, 0x7e, 0x4e, 0x77, 0x69, 0x59, 0x5a, 0x58, 0x83, 0x55,
	0x93, 0x60, 0x60, 0x89, 0x8b, 0x83, 0x7f, 0x7f, 0x7b, 0x7c, 0x7c, 0x7a,
	0x8f, 0x8e, 0x74, 0xaa, 0x8a, 0x80, 0x8c, 0x86, 0x6d, 0x83, 0x89, 0x65,
	0x84, 0x8d, 0x77, 0x82, 0x63, 0x62, 0x83, 0x85, 0x80, 0x8a, 0x73, 0x77,
	0x61, 0x7f, 0x7a, 0x78, 0x83, 0xbe, 0x83, 0x7f, 0x6c, 0x7a, 0x78, 0x97,
	0x9a, 0x84, 0x93, 0x65, 0x74, 0x7d, 0x85, 0x50, 0x88, 0x6a, 0x54, 0x65,
	0x41, 0xab, 0x7d, 0x3f, 0x74, 0x77, 0x56, 0x9b, 0x70, 0x97, 0x84, 0x68,
	0x7d, 0x6c, 0x86, 0x80, 0x83, 0x57, 0x7d, 0x5b, 0x66, 0x79, 0x6f, 0x29,
	0x8c, 0x99, 0x77, 0x58, 0x76, 0x77, 0x5a, 0x74, 0xa0, 0x83, 0x74, 0x7b,
	0x88, 0x81, 0x82, 0x83, 0x95, 0x55, 0x98, 0x7a, 0x45, 0x5e, 0x9c, 0x92,
	0x55, 0x89, 0x86, 0x68, 0x8d, 0x78, 0x61, 0x6a, 0x53, 0x68, 0x7b, 0x6f,
	0x8b, 0x6d, 0x78, 0x6d, 0x89, 0x78, 0x8e, 0x63, 0xb2, 0x90, 0x6d, 0x65,
	0x70, 0x6f, 0x7f, 0x54, 0x9e, 0x65, 0x7a, 0x77, 0x7d, 0x6f, 0x68, 0x88,
	0x6e, 0x62, 0x91, 0x8e, 0x54, 0x82, 0x93, 0x91, 0x62, 0x64, 0x7c, 0x98,
	0x62, 0x71, 0x69, 0x60, 0x80, 0x86, 0x59, 0x80, 0x81, 0x7e, 0x8d, 0x57,
	0x92, 0x6a, 0x82, 0x67, 0x82, 0xb3, 0x2a, 0x6e, 0x87, 0x53, 0x7f, 0x95,
	0x8a, 0x7e, 0x7d, 0x7f, 0x8d, 0x7e, 0x87, 0x7d, 0x81, 0x6c, 0x69, 0xa0,
	0x7c, 0x47, 0x99, 0xa0, 0x71, 0xa9, 0x8b, 0x79, 0x5b, 0xb0, 0x69, 0x68,
	0x55, 0x86, 0x5f, 0x56, 0x6e, 0x79, 0x84, 0x7f, 0x82, 0x72, 0x69, 0x89,
	0x7f, 0x98, 0x7e, 0x89, 0x81, 0x65, 0x65, 0x6d, 0x79, 0x80, 0x87, 0x8c,
	0x87, 0x73, 0x82, 0x7b, 0x7f, 0x76, 0x8b, 0x68, 0x6d, 0x5e, 0x49, 0x66,
	0x8b, 0x60, 0x72, 0x7c, 0x76, 0xa2, 0x85, 0x73, 0x58, 0x98, 0x88, 0x3d,
	0x35, 0x6d, 0x6b, 0x89, 0x95, 0x51, 0x62, 0x68, 0x83, 0x7c, 0x72, 0x74,
	0xa2, 0x6a, 0x6d, 0x75, 0x82, 0x7e, 0x76, 0x7a, 0x6f, 0x76, 0x78, 0x7c,
	0x82, 0x89, 0x61, 0x7b, 0x74, 0x70, 0x9d, 0x7e, 0x87, 0x53, 0x7b, 0xae,
	0x89, 0x7b, 0x77, 0x7d, 0x7c, 0x79, 0x7c, 0x69, 0x65, 0x6e, 0x7a, 0xb1,
	0x91, 0x75, 0x87, 0x89, 0x7b, 0x70, 0x83, 0xa6, 0x68, 0x8a, 0x95, 0x6a,
	0x66, 0x8c, 0x6e, 0x76, 0x73, 0x53, 0x6f, 0x7e, 0x80, 0x7b, 0x90, 0x8c,
	0x91, 0x47, 0x15, 0x6f, 0x7c, 0x8a, 0x8b, 0x7d, 0x96, 0x83, 0x6a, 0x7e,
	0x6c, 0x87, 0x68, 0x59, 0x5a, 0x70, 0x8d, 0x71, 0x6f, 0x65, 0x44, 0x63,
	0x70, 0x90, 0x7c, 0x94, 0x98, 0xa4, 0x6c, 0xb1, 0x6d, 0x80, 0x78, 0x7e,
	0x65, 0x77, 0x6f, 0x74, 0x59, 0x84, 0xb1, 0x74, 0x67, 0x63, 0xa5, 0x84,
	0x79, 0x6e, 0x87, 0x94, 0x86, 0x92, 0x55, 0x4a, 0x63, 0x66, 0x7a, 0x7f,
	0x7f, 0x7c, 0xae, 0x6f, 0x90, 0x75, 0x6f, 0x70, 0x66, 0xa0, 0x8e, 0x6a,
	0x93, 0x7b, 0x7b, 0x9f, 0x95, 0x7e, 0x66, 0x99, 0x5a, 0x82, 0x87, 0x94,
	0x8f, 0x81, 0x70, 0x89, 0x93, 0x7a, 0x6e, 0x7a, 0x72, 0x88, 0xa5, 0x8a,
	0x60, 0xa6, 0xa5, 0x8c, 0x5f, 0x6c, 0x8e, 0x57, 0x87, 0x85, 0x8d, 0x89,
	0x8a, 0x8f, 0x67, 0x8c, 0x77, 0xa0, 0x84, 0x7c, 0x84, 0x39, 0x62, 0x77,
	0x57, 0x83, 0x7b, 0x8f, 0x79, 0x79, 0x7d, 0x82, 0x7b, 0x59, 0x66, 0x6d,
	0xa4, 0x63, 0x6e, 0x92, 0x77, 0x9a, 0x69, 0x7f, 0x47, 0x54, 0x94, 0x92,
	0x78, 0x65, 0x72, 0x7f, 0x6e, 0x61, 0x97, 0x99, 0x79, 0x8f, 0x84, 0x82,
	0x76, 0x66, 0x77, 0x6e, 0x44, 0x8c, 0x7b, 0x75, 0x6e, 0x8c, 0x7d, 0x83,
	0x9c, 0x8c, 0x54, 0x81, 0x88, 0x7f, 0x76, 0x6c, 0x7f, 0x69, 0x88, 0x9e,
	0x90, 0x7f, 0x82, 0x89, 0x84, 0x7e, 0x8e, 0x6d, 0x74, 0x94, 0x7c, 0x62,
	0x8c, 0x88, 0x7f, 0x80, 0x73, 0x4b, 0x4c, 0x60, 0x6f, 0x76, 0x5d, 0x61,
	0x86, 0x71, 0x78, 0x7c, 0x4a, 0x82, 0x7c, 0x70, 0x6d, 0x8b, 0x7c, 0x73,
	0x85, 0x6c, 0x78, 0x88, 0xaf, 0x86, 0x81, 0x5f, 0xad, 0x8c, 0x42, 0x71,
	0xb7, 0x96, 0x46, 0x75, 0x6f, 0x8b, 0x84, 0x94, 0x9c, 0x86, 0x7e, 0x6d,
	0x9a, 0x6d, 0x55, 0x93, 0x5d, 0x86, 0x78, 0x56, 0x8a, 0x70, 0x83, 0x8d,
	0x93, 0x82, 0x6f, 0x65, 0x74, 0x75, 0x66, 0x7b, 0x86, 0x8a, 0x75, 0x6d,
	0xa1, 0x5d, 0x8a, 0x98, 0x67, 0x62, 0x73, 0x73, 0x68, 0x75, 0x86, 0x64,
	0x67, 0x3c, 0x50, 0x73, 0x88, 0x85, 0x3b, 0x69, 0x99, 0x96, 0x7e, 0x84,
	0x93, 0x82, 0x90, 0x83, 0x6f, 0x7c, 0x94, 0x9c, 0x65, 0x7f, 0x7c, 0x78,
	0x7b, 0x7c, 0x7b, 0x76, 0x8d, 0x8d, 0x61, 0x74, 0x7b, 0x18, 0x7d, 0x7c,
	0x8d, 0x66, 0x93, 0x70, 0x42, 0x77, 0x84, 0x9b, 0x95, 0x8b, 0x83, 0x4f,
	0x68, 0x6d, 0x97, 0x8e, 0x57, 0xa1, 0x81, 0x75, 0x58, 0x8b, 0x81, 0x96,
	0x64, 0x88, 0x73, 0x70, 0x85, 0x6f, 0xad, 0x7e, 0x96, 0x78, 0xa0, 0x88,
	0x7f, 0x7f, 0x80, 0x55, 0x75, 0x7b, 0x7a, 0x68, 0x81, 0x82, 0x68, 0x6d,
	0x9b, 0x84, 0x85, 0x85, 0x7d, 0x6b, 0x92, 0x87, 0x5d, 0x93, 0x85, 0x8d,
	0x8d, 0xa9, 0x50, 0x9e, 0x71, 0x84, 0x7e, 0x6a, 0x3f, 0x5a, 0x6c, 0x7b,
	0x41, 0x81, 0x76, 0x7b, 0x73, 0x70, 0x7a, 0x78, 0x7e, 0x99, 0x63, 0xa9,
	0x93, 0x6f, 0x89, 0x86, 0xa6, 0x6d, 0x78, 0x82, 0x9a, 0x7c, 0x86, 0x5a,
	0x94, 0x90, 0x94, 0x9e, 0x97, 0x75, 0x86, 0xa1, 0x8d, 0x7a, 0x63, 0xa0,
	0x68, 0x71, 0x89, 0xa7, 0x5e, 0xb1, 0x8b, 0x84, 0x8f, 0x9f, 0x85, 0x77,
	0x7f, 0x93, 0x91, 0x71, 0xb2, 0x64, 0x78, 0x7c, 0x4f, 0x88, 0x64, 0x59,
	0x66, 0xa0, 0x92, 0x5d, 0x85, 0x50, 0x72, 0x41, 0x7c, 0x7d, 0x6c, 0x8a,
	0x8f, 0x4a, 0x7a, 0x87, 0x5e, 0x97, 0x59, 0x6f, 0x6b, 0x5b, 0x64, 0x73,
	0x89, 0x7c, 0x81, 0xad, 0x13, 0x80, 0x76, 0x7d, 0x80, 0x6f, 0x72, 0x7b,
	0x8a, 0x8f, 0x80, 0x90, 0x7c, 0x9a, 0x61, 0x83, 0x99, 0x65, 0x85, 0x58,
	0x71, 0x58, 0x74, 0x88, 0x90, 0x52, 0x9e, 0x89, 0x71, 0x99, 0x50, 0x72,
	0x7b, 0x76, 0x8a, 0x83, 0x7e, 0x8a, 0xa0, 0x65, 0x8a, 0x9d, 0x78, 0x89,
	0x99, 0x77, 0x88, 0x6b, 0x79, 0x8d, 0xa5, 0xa0, 0x58, 0x88, 0x52, 0x75,
	0x84, 0x88, 0x6d, 0x97, 0x7a, 0x7a, 0x7f, 0x87, 0x8f, 0x97, 0x58, 0x64,
	0x94, 0x64, 0x89, 0xab, 0x78, 0x86, 0x9b, 0x49, 0xa1, 0x63, 0x64, 0x82,
	0x71, 0x7e, 0x90, 0x79, 0x70, 0x82, 0x97, 0x75, 0x54, 0x7e, 0x76, 0x6c,
	0x6e, 0x7e, 0x78, 0x74, 0x90, 0x79, 0x70, 0x5e, 0x86, 0xb7, 0x7b, 0x68,
	0x6b, 0x4d, 0x84, 0xa0, 0x94, 0x78, 0x9b, 0x8e, 0x98, 0x8b, 0x8d, 0x87,
	0x77, 0x8f, 0xa9, 0x86, 0x85, 0x76, 0xbc, 0x6a, 0x5c, 0x90, 0x6a, 0x92,
	0x76, 0x8d, 0x82, 0x79, 0x72, 0x64, 0x69, 0x58, 0x67, 0x8a, 0x66, 0x81,
	0x8a, 0x89, 0x85, 0x7d, 0xa9, 0x9c, 0x86, 0x7e, 0x90, 0x7d, 0x6c, 0x87,
	0x8b, 0x9a, 0x85, 0x7d, 0x49, 0x6a, 0x4f, 0x9f, 0xa2, 0x5c, 0x7b, 0x76,
	0x91, 0x66, 0x6c, 0x83, 0x7e, 0x69, 0x67, 0x84, 0x64, 0xa1, 0x8b, 0x7f,
	0x84, 0x82, 0x88, 0x84, 0x7a, 0x85, 0x8b, 0x83, 0x5a, 0x84, 0x70, 0x98,
	0x65, 0x70, 0x68, 0x7f, 0x70, 0x72, 0x5b, 0x82, 0x80, 0x7d, 0x90, 0x79,
	0x7f, 0x61, 0x89, 0x59, 0x5e, 0x4c, 0x5f, 0x97, 0x68, 0xa3, 0x6c, 0x91,
	0x71, 0x88, 0x85, 0x85, 0x73, 0x63, 0x82, 0x8d, 0x6e, 0x6f, 0x71, 0x98,
	0x7f, 0x88, 0xb2, 0x86, 0x6f, 0x60, 0x6e, 0x78, 0x7e, 0x6f, 0x72, 0x68,
	0x6b, 0x8f, 0x6b, 0x9d, 0x93, 0x94, 0x84, 0x78, 0x68, 0x56, 0x75, 0x7b,
	0x63, 0x51, 0x80, 0x74, 0x74, 0x65, 0x47, 0x6f, 0x94, 0x7a, 0x73, 0x61,
	0x8c, 0x61, 0x50, 0x6f, 0x55, 0x80, 0x84, 0x7b, 0x88, 0x7b, 0x86, 0x82,
	0x7f, 0x75, 0x8c, 0x77, 0x78, 0x85, 0x82, 0x68, 0x63, 0x87, 0x40, 0x93,
	0x47, 0x7f, 0x91, 0x8e, 0x74, 0x9d, 0x64, 0x78, 0x54, 0x91, 0x45, 0x8a,
	0x50, 0x9f, 0x59, 0x9b, 0x88, 0x6e, 0x83, 0x7f, 0x6d, 0x61, 0x63, 0x93,
	0x67, 0x6e, 0x53, 0x6e, 0x87, 0x7d, 0x55, 0x93, 0x97, 0x6e, 0x6b, 0x5e,
	0x79, 0x67, 0x91, 0x88, 0x7e, 0x8e, 0x5e, 0x63, 0x60, 0x6f, 0x84, 0x73,
	0x78, 0x7d, 0x5d, 0x80, 0x85, 0x80, 0x77, 0x7d, 0x6a, 0x61, 0x46, 0x7d,
	0xa9, 0x78, 0x7c, 0x84, 0x91, 0x7c, 0x55, 0x8c, 0x88, 0x81, 0x80, 0x8d,
	0x82, 0x59, 0x79, 0x7e, 0x87, 0x60, 0x6c, 0x7e, 0x9b, 0xa6, 0x6a, 0x85,
	0x6b, 0x63, 0x65, 0x92, 0x96, 0x87, 0x8b, 0x80, 0x63, 0x88, 0x74, 0x6f,
	0x82, 0x81, 0x68, 0x99, 0x56, 0x70, 0x47, 0x61, 0x7d, 0x73, 0x74, 0xa1,
	0x62, 0x7f, 0x6c, 0x50, 0x76, 0x82, 0x82, 0x71, 0x73, 0x7e, 0x92, 0x82,
	0x75, 0x70, 0x79, 0x8c, 0x87, 0x58, 0x87, 0x66, 0xb0, 0x6a, 0x7d, 0x91,
	0x78, 0x94, 0x6f, 0x6f, 0xbb, 0x8d, 0x6b, 0x68, 0x7a, 0x63, 0x79, 0x96,
	0x83, 0x94, 0x88, 0x7c, 0x76, 0x94, 0x80, 0x8d, 0x83, 0x99, 0x90, 0x85,
	0x2b, 0x7f, 0x77, 0x75, 0x7c, 0x72, 0x72, 0x70, 0x9a, 0x5e, 0x95, 0xa2,
	0xac, 0x50, 0x97, 0x6c, 0x83, 0x8d, 0xc3, 0x77, 0x85, 0x90, 0x3e, 0x61,
	0x6d, 0xa8, 0x87, 0x7f, 0x8b, 0x91, 0x76, 0x7f, 0xa0, 0x94, 0x7c, 0xb9,
	0x7f, 0x83, 0x8c, 0x46, 0x7d, 0x6b, 0x66, 0x9c, 0x7b, 0x6c, 0x67, 0x5d,
	0x79, 0x91, 0x91, 0x82, 0x79, 0x7f, 0xa3, 0x54, 0x5f, 0x49, 0x77, 0x5d,
	0x72, 0x85, 0x8c, 0x6a, 0x59, 0x64, 0xb9, 0x89, 0x7f, 0x4d, 0x7a, 0x5b,
	0x5b, 0x8d, 0x3e, 0x7f, 0x84, 0x78, 0x86, 0x86, 0x80, 0x7c, 0x90, 0x69,
	0x7c, 0x85, 0x8a, 0x9c, 0x99, 0x7d, 0x73, 0x7d, 0x75, 0x7e, 0x67, 0x7d,
	0x5c, 0x7e, 0x6a, 0x94, 0x4d, 0x63, 0x87, 0x95, 0x7c, 0x92, 0x88, 0x81,
	0x6b, 0x6f, 0x8b, 0x70, 0x7c, 0x78, 0x7f, 0x5e, 0x7b, 0x77, 0x70, 0x58,
	0x8d, 0x6a, 0x86, 0x75, 0x77, 0x70, 0x7f, 0x88, 0x89, 0x50, 0x9d, 0x71,
	0x59, 0x5e, 0x75, 0x89, 0x7d, 0x80, 0x99, 0x9f, 0x52, 0x63, 0x6f, 0x94,
	0xa9, 0x59, 0x81, 0x8a, 0x93, 0x73, 0x6f, 0x84, 0x7e, 0x6f, 0x81, 0x53,
	0x97, 0x93, 0x7c, 0x71, 0x72, 0xaa, 0x71, 0x82, 0x87, 0x73, 0x71, 0x8d,
	0x99, 0x7f, 0x7c, 0x8a, 0x99, 0x7b, 0x88, 0x4e, 0x4d, 0x80, 0x69, 0x77,
	0x74, 0x6d, 0x6f, 0x70, 0x6a, 0x98, 0x8d, 0x85, 0xa3, 0x6a, 0x62, 0x7d,
	0x6d, 0x74, 0x74, 0x95, 0x8b, 0x66, 0x78, 0x97, 0x8b, 0x7c, 0x96, 0x81,
	0x92, 0x8c, 0x8b, 0x7d, 0x4a, 0xa6, 0x91, 0x77, 0x7c, 0x81, 0x6c, 0x81,
	0x85, 0x79, 0x66, 0xa7, 0x8d, 0x59, 0x38, 0x93, 0x7e, 0x69, 0x62, 0x6b,
	0x83, 0x8c, 0x78, 0x9c, 0x7d, 0x8e, 0x7a, 0xa9, 0x76, 0x96, 0x8b, 0x60,
	0x74, 0x7e, 0x50, 0xa0, 0x5a, 0x77, 0x88, 0xad, 0x7f, 0x8c, 0xa7, 0x89,
	0x85, 0x7c, 0x7e, 0x79, 0x44, 0x6f, 0x93, 0x75, 0x6d, 0x51, 0x65, 0x8b,
	0x7a, 0x7d, 0x74, 0x65, 0x76, 0x6d, 0x72, 0x70, 0x71, 0x77, 0x53, 0xa7,
	0x7c, 0x69, 0x9e, 0x7c, 0x8e, 0x79, 0x74, 0x85, 0x94, 0x95, 0x4d, 0xa8,
	0x65, 0x86, 0x52, 0x50, 0x8c, 0x92, 0x71, 0x85, 0x93, 0x8f, 0x5b, 0x9a,
	0x4a, 0x91, 0x65, 0x7f, 0x8d, 0x58, 0x81, 0x7d, 0x6e, 0x82, 0x2c, 0x7e,
	0x84, 0x72, 0x42, 0x75, 0xa8, 0x92, 0x80, 0x7d, 0x8d, 0x7a, 0x6e, 0x6b,
	0x59, 0x7c, 0x75, 0x72, 0x5d, 0x88, 0x89, 0xaa, 0x76, 0x62, 0x6e, 0x9b,
	0x8f, 0x77, 0x77, 0x8a, 0x86, 0x8c, 0x62, 0x8f, 0x96, 0xa4, 0x96, 0x73,
	0x70, 0x6f, 0x6e, 0x8d, 0x6f, 0x7d, 0x6f, 0x5d, 0x6e, 0x6f, 0x72, 0x75,
	0x86, 0x94, 0x9c, 0x8a, 0x6f, 0x91, 0x99, 0x77, 0x7d, 0x77, 0x8b, 0x85,
	0x85, 0x94, 0x5d, 0x96, 0x8f, 0x8c, 0x8d, 0x61, 0x6f, 0x88, 0x85, 0x9a,
	0x56, 0x99, 0x9d, 0x93, 0x7a, 0x8d, 0x94, 0x8e, 0x70, 0x7d, 0x98, 0x84,
	0x7e, 0x72, 0x82, 0x8e, 0x88, 0x78, 0x93, 0x90, 0xbb, 0x65, 0x5d, 0x79,
	0x56, 0xb6, 0x63, 0x59, 0x5d, 0x8c, 0x91, 0x89, 0x77, 0x76, 0x83, 0x83,
	0x67, 0x7a, 0x7d, 0x7f, 0x78, 0x7d, 0x85, 0x81, 0x77, 0x71, 0x89, 0x8d,
	0x83, 0x7c, 0x89, 0x7e, 0x6e, 0x6a, 0x37, 0x8c, 0x8d, 0x7d, 0x7c, 0x71,
	0x6d, 0x80, 0x7e, 0x78, 0x94, 0x99, 0x7d, 0x6d, 0x81, 0xae, 0x83, 0x6b,
	0x82, 0x9a, 0x5b, 0x93, 0x8f, 0x66, 0x6c, 0x60, 0xa2, 0x7e, 0x7f, 0x77,
	0x60, 0x56, 0x73, 0x65, 0x56, 0xa5, 0x74, 0x7c, 0x72, 0x67, 0x71, 0x6c,
	0x63, 0x9a, 0x7c, 0x7b, 0x86, 0x72, 0x71, 0x5f, 0x77, 0x80, 0x75, 0x85,
	0x8c, 0x6c, 0x61, 0x61, 0x60, 0x79, 0x83, 0x7a, 0x64, 0x6e, 0x7b, 0x70,
	0xba, 0x6d, 0x77, 0x8f, 0x7b, 0x71, 0x72, 0x75, 0xab, 0x56, 0xb5, 0x88,
	0x5e, 0x8b, 0x71, 0x5d, 0x75, 0xa6, 0x76, 0x7b, 0x99, 0x96, 0x6d, 0x6d,
	0x6c, 0x7f, 0x75, 0x77, 0x69, 0x80, 0x73, 0x77, 0x86, 0x83, 0x71, 0x39,
	0x76, 0x59, 0x7b, 0x9d, 0x90, 0x78, 0x7b, 0x75, 0xa1, 0x74, 0x9c, 0x58,
	0x97, 0x7d, 0x86, 0x8e, 0x70, 0x91, 0x97, 0x7c, 0xa2, 0x67, 0x62, 0x43,
	0x82, 0x87, 0xa2, 0x81, 0x8d, 0x75, 0x92, 0x3f, 0x89, 0x77, 0x8b, 0x7d,
	0x8a, 0x5a, 0x95, 0x6f, 0x6a, 0x85, 0x6f, 0x6a, 0x6a, 0x62, 0x9a, 0x66,
	0x9c, 0x7b, 0x92, 0x90, 0x99, 0x92, 0x7d, 0x6c, 0x80, 0x6e, 0x7b, 0x4a,
	0x99, 0x6d, 0x99, 0x93, 0x59, 0x91, 0x6c, 0x91, 0x7b, 0x8f, 0xbd, 0x85,
	0x8c, 0x6c, 0x64, 0xa0, 0x3d, 0x80, 0x7e, 0x85, 0x7f, 0x86, 0x7f, 0x7e,
	0x81, 0x6d, 0x5f, 0xb5, 0x80, 0x6b, 0x97, 0x93, 0x7f, 0xa4, 0x89, 0x6e,
	0x72, 0x95, 0x60, 0x79, 0x96, 0x71, 0x6e, 0x60, 0x74, 0x6b, 0x43, 0x7e,
	0x6e, 0x6f, 0x6c, 0xb7, 0x5a, 0x75, 0x3c, 0x6c, 0x81, 0x6f, 0x86, 0x80,
	0x6e, 0x8e, 0x7c, 0x75, 0x8c, 0x66, 0x7a, 0x8c, 0x8f, 0x53, 0x6b, 0x6f,
	0x7e, 0x83, 0x65, 0x62, 0x83, 0x6f, 0x93, 0x5c, 0x52, 0x71, 0x7b, 0x93,
	0x2f, 0x67, 0x86, 0x39, 0x73, 0x88, 0x76, 0x90, 0x8d, 0x67, 0x60, 0x8b,
	0x8f, 0xad, 0x7f, 0x7e, 0x73, 0x2f, 0x69, 0x88, 0x54, 0x7e, 0x7a, 0x78,
	0x86, 0x87, 0x80, 0x7a, 0x9f, 0x80, 0x8b, 0x7f, 0x60, 0x58, 0x7b, 0x8a,
	0xb6, 0x7e, 0x83, 0x94, 0x47, 0x7d, 0x6d, 0x55, 0x8a, 0x8b, 0x8c, 0x66,
	0x5f, 0x50, 0x4c, 0x60, 0x59, 0xb2, 0x89, 0x99, 0x96, 0x70, 0x9d, 0x5f,
	0x48, 0x82, 0xa4, 0x93, 0x6c, 0x78, 0x73, 0x9a, 0x93, 0x8a, 0x79, 0xb1,
	0x58, 0x84, 0x72, 0x4d, 0x99, 0x5e, 0x4e, 0x6a, 0x65, 0x83, 0x73, 0x89,
	0x6b, 0x76, 0x8a, 0x47, 0x90, 0x6a, 0x8a, 0x72, 0x54, 0x82, 0x7c, 0x83,
	0xa8, 0x78, 0x79, 0x8b, 0x92, 0x70, 0x8e, 0x70, 0x54, 0x4b, 0x60, 0x8e,
	0x87, 0x82, 0x78, 0x80, 0x75, 0x7b, 0x7a, 0x7f, 0x6e, 0x83, 0xb4, 0x70,
	0x64, 0x57, 0x5b, 0x5c, 0x71, 0x86, 0x80, 0x76, 0x63, 0x6c, 0x6b, 0x85,
	0xa5, 0x7e, 0x9e, 0x81, 0x78, 0x82, 0x92, 0x8d, 0x6a, 0x8e, 0x65, 0x8b,
	0x9c, 0x91, 0x6b, 0x71, 0x75, 0x74, 0x58, 0x7a, 0x91, 0x5d, 0x8f, 0x96,
	0x76, 0x7d, 0x74, 0x77, 0x52, 0x9b, 0x72, 0x91, 0x6e, 0x6b, 0x7b, 0x83,
	0x6e, 0x6d, 0x84, 0x5d, 0x82, 0x5c, 0x93, 0x9d, 0x76, 0x50, 0x9d, 0x81,
	0x6b, 0x8d, 0x8e, 0x71, 0x7b, 0x9e, 0x7d, 0x8b, 0x7d, 0x92, 0x85, 0x85,
	0x5e, 0x43, 0x2d, 0x8b, 0x79, 0x82, 0x6e, 0x87, 0x87, 0x73, 0x74, 0x7b,
	0x73, 0xa9, 0x51, 0x5f, 0x71, 0x4c, 0x70, 0x84, 0x8b, 0x89, 0x56, 0x64,
	0x73, 0x89, 0x82, 0x5d, 0x91, 0x66, 0x73, 0x85, 0x92, 0x7f, 0x74, 0x5d,
	0x90, 0x86, 0x71, 0x8f, 0x65, 0x6e, 0x67, 0x8a, 0x77, 0x5f, 0x7e, 0x83,
	0x72, 0x88, 0x68, 0x8c, 0xa5, 0x92, 0x80, 0x84, 0x4e, 0x9c, 0xa8, 0x52,
	0xa2, 0x7b, 0x82, 0x9b, 0x68, 0x85, 0x84, 0x7d, 0x6c, 0x65, 0x8b, 0x33,
	0x60, 0x71, 0xac, 0x61, 0x8d, 0x80, 0x93, 0x61, 0x94, 0xa4, 0x75, 0x96,
	0x9d, 0x9e, 0x97, 0x85, 0x7a, 0x56, 0x69, 0x7d, 0x78, 0x81, 0x7d, 0x89,
	0x6a, 0x72, 0x7a, 0x7e, 0x8a, 0x55, 0x5e, 0x6f, 0x9c, 0x70, 0x98, 0x76,
	0x7c, 0x92, 0x8b, 0x5a, 0x77, 0x97, 0x62, 0x9f, 0x96, 0x62, 0x7b, 0x89,
	0xb0, 0x73, 0x66, 0x69, 0x98, 0x7f, 0xad, 0xaf, 0x87, 0x77, 0x54, 0x2a,
	0x7a, 0x73, 0xa1, 0x97, 0x5d, 0x7d, 0x72, 0x99, 0x7f, 0x75, 0x9d, 0x69,
	0x93, 0x60, 0x80, 0x77, 0x6f, 0x93, 0x6d, 0x73, 0x6c, 0x8a, 0x69, 0x65,
	0x33, 0x84, 0xa2, 0x7b, 0x55, 0x6c, 0x82, 0x4e, 0x76, 0x8a, 0x5a, 0x67,
	0x6c, 0x71, 0x90, 0x91, 0x75, 0x60, 0x78, 0x64, 0x8f, 0x88, 0x4c, 0x6f,
	0x65, 0x82, 0x7e, 0x79, 0x90, 0x73, 0x66, 0x8d, 0x92, 0x7a, 0x73, 0x8e,
	0x7e, 0x71, 0x6b, 0x88, 0x8a, 0x85, 0x7b, 0x71, 0x7b, 0x66, 0x70, 0x74,
	0x62, 0x67, 0x73, 0x75, 0x3e, 0xa0, 0x6d, 0x74, 0x6e, 0x76, 0x6c, 0x7d,
	0x6e, 0x75, 0x77, 0x93, 0x9a, 0x84, 0x8b, 0x62, 0x67, 0x7e, 0x71, 0x8c,
	0x70, 0x78, 0x7f, 0x8b, 0x79, 0x73, 0x77, 0x86, 0x83, 0x6f, 0x88, 0x65,
	0x9c, 0x6a, 0x84, 0x97, 0x6d, 0x77, 0x97, 0x90, 0x7a, 0x74, 0x70, 0x8d,
	0x76, 0x82, 0x81, 0x9a, 0x9d, 0x87, 0x69, 0xa0, 0x6d, 0x65, 0x8d, 0x77,
	0x67, 0x90, 0x81, 0x6f, 0x6d, 0x6c, 0x61, 0x80, 0x7d, 0x8e, 0x7f, 0x64,
	0x66, 0x83, 0x6d, 0xa7, 0x7c, 0x70, 0x63, 0x76, 0x7c, 0x96, 0x8b, 0x83,
	0x6a, 0x70, 0x76, 0x63, 0x4b, 0x91, 0x7f, 0x95, 0x68, 0x86, 0x8e, 0x97,
	0x6b, 0x79, 0x87, 0x8b, 0x74, 0x67, 0x82, 0x74, 0x7e, 0x78, 0x7e, 0x68,
	0x7b, 0x74, 0x80, 0x99, 0x7e, 0x71, 0x75, 0x7e, 0x75, 0x81, 0x7e, 0x7c,
	0x9b, 0x7f, 0x96, 0x69, 0x74, 0x79, 0x8a, 0x70, 0x65, 0x66, 0x95, 0x95,
	0x77, 0x7d, 0x73, 0x75, 0x79, 0x92, 0x86, 0x5c, 0x66, 0x69, 0x81, 0x74,
	0x89, 0x6c, 0x79, 0x8a, 0x60, 0x4a, 0x81, 0x84, 0x79, 0x79, 0x7d, 0xa4,
	0x7f, 0x84, 0x64, 0x80, 0x85, 0x83, 0x8f, 0x6f, 0x7c, 0x83, 0x6e, 0x7e,
	0x75, 0x75, 0x86, 0x6c, 0x7a, 0xa1, 0x5e, 0x82, 0x84, 0x62, 0x90, 0x5d,
	0x7c, 0x94, 0x67, 0x68, 0x7b, 0x73, 0x88, 0x6d, 0x91, 0x7e, 0x8c, 0x66,
	0x71, 0x79, 0x6c, 0x6b, 0x79, 0x83, 0x6f, 0x67, 0x99, 0x8a, 0x69, 0x89,
	0x8b, 0x96, 0x6e, 0x6a, 0x7d, 0x7a, 0x61, 0x74, 0x86, 0x54, 0x86, 0x89,
	0x60, 0x92, 0x79, 0x70, 0x76, 0x97, 0x8d, 0x51, 0x57, 0x74, 0x7a, 0x9a,
	0x84, 0x81, 0x80, 0x7e, 0x5d, 0x77, 0x77, 0x67, 0x8e, 0x8f, 0x7a, 0x71,
	0x7a, 0x78, 0x6e, 0x7d, 0x76, 0x88, 0x98, 0x5b, 0x83, 0x89, 0x6b, 0x78,
	0x80, 0x8a, 0x80, 0x6c, 0x85, 0x6b, 0x80, 0x87, 0x94, 0x86, 0x6a, 0x76,
	0x73, 0x95, 0x76, 0x7f, 0x71, 0x93, 0x99, 0x71, 0x6d, 0x87, 0x78, 0x79,
	0x61, 0x6b, 0x69, 0x96, 0x96, 0x59, 0x73, 0x70, 0xa0, 0x64, 0x7d, 0x72,
	0x7b, 0x71, 0x7b, 0x6d, 0x6d, 0x72, 0x8c, 0x88, 0x9c, 0x74, 0x87, 0x88,
	0x86, 0x73, 0x7d, 0x85, 0x98, 0x71, 0x87, 0x84, 0x79, 0x77, 0x70, 0x77,
	0x76, 0x76, 0x7f, 0x90, 0x76, 0x7e, 0x8b, 0x62, 0x7f, 0x8e, 0x74, 0x7e,
	0x5d, 0x83, 0x86, 0x6e, 0x7d, 0x6e, 0x84, 0x92, 0x94, 0x6f, 0x8c, 0x98,
	0x82, 0x96, 0x75, 0x73, 0x75, 0x81, 0x66, 0x87, 0x7a, 0xa9, 0x67, 0x91,
	0x7f, 0x8d, 0x76, 0x84, 0x92, 0x74, 0x70, 0x76, 0x71, 0x6c, 0x85, 0x75,
	0x7e, 0x6a, 0x82, 0x85, 0x77, 0x78, 0x84, 0x69, 0x76, 0x88, 0x61, 0x6b,
	0x72, 0x87, 0x97, 0x54, 0x68, 0x77, 0x92, 0x63, 0x70, 0x67, 0x74, 0x78,
	0x66, 0x85, 0x86, 0x5d, 0x81, 0x7a, 0x55, 0x59, 0x83, 0x74, 0x85, 0x67,
	0x80, 0x71, 0x64, 0x4f, 0x73, 0x7a, 0x77, 0x92, 0x74, 0x87, 0x69, 0x64,
	0x70, 0xb0, 0xa1, 0x7f, 0x7a, 0x7c, 0x63, 0x63, 0x77, 0x6b, 0x7c, 0x81,
	0x8b, 0x82, 0x91, 0x83, 0x6e, 0x91, 0x71, 0x61, 0x98, 0x8c, 0x6b, 0x90,
	0x51, 0x72, 0x83, 0x4e, 0x9e, 0x78, 0x6d, 0x7c, 0x87, 0x6f, 0x79, 0x8b,
	0x69, 0x62, 0x90, 0x76, 0x7c, 0x6b, 0x86, 0x67, 0x7a, 0x66, 0x75, 0x88,
	0x84, 0x78, 0x62, 0x93, 0x5e, 0x6d, 0x84, 0x93, 0x7f, 0x81, 0x7a, 0x81,
	0x7c, 0x74, 0x67, 0x93, 0x6b, 0x91, 0x69, 0x74, 0x75, 0x93, 0x69, 0x80,
	0x62, 0x6b, 0x82, 0x66, 0x7f, 0xa8, 0x71, 0x88, 0x76, 0x98, 0x70, 0x76,
	0x93, 0x83, 0x72, 0x71, 0x75, 0x7a, 0x7f, 0x6d, 0x7b, 0x9f, 0x88, 0x70,
	0x62, 0x83, 0x8c, 0x59, 0x78, 0x96, 0x77, 0x64, 0x79, 0x73, 0x71, 0x97,
	0x79, 0x7c, 0x8b, 0x7b, 0x71, 0x8e, 0x79, 0x92, 0x6f, 0x89, 0x92, 0x7c,
	0x7d, 0x6e, 0x87, 0x74, 0x6c, 0x76, 0x74, 0x7a, 0x8d, 0x69, 0x79, 0x8e,
	0x83, 0x69, 0x87, 0x6c, 0x7d, 0x74, 0x78, 0x73, 0x7c, 0x7f, 0x7b, 0x75,
	0x8d, 0x85, 0x78, 0x9b, 0x83, 0x72, 0x6f, 0x75, 0x87, 0x71, 0x79, 0x7a,
	0x7d, 0x73, 0x6e, 0x85, 0x75, 0x64, 0x81, 0x7a, 0x80, 0x92, 0x75, 0x6d,
	0x61, 0x9c, 0x84, 0x72, 0x6b, 0x6c, 0x7a, 0x75, 0x82, 0x67, 0x82, 0x8d,
	0x78, 0x8c, 0x85, 0x76, 0x5e, 0x7d, 0x97, 0x6e, 0x7b, 0x7e, 0x77, 0x71,
	0x71, 0x76, 0x7b, 0x76, 0x74, 0x7e, 0x6c, 0x70, 0x97, 0x78, 0x71, 0x90,
	0x78, 0x6d, 0x8b, 0x83, 0x82, 0x7f, 0x81, 0x81, 0x6b, 0x78, 0x70, 0x72,
	0x64, 0x8c, 0x8a, 0x64, 0x5e, 0x6c, 0x93, 0x9c, 0x75, 0x7e, 0x84, 0x8a,
	0x80, 0x61, 0x54, 0x60, 0x7a, 0x9f, 0x81, 0x54, 0x6f, 0x8d, 0x84, 0x67,
	0x6c, 0x78, 0xa6, 0x80, 0x84, 0x66, 0x82, 0x6b, 0x4e, 0x82, 0x79, 0x78,
	0x53, 0x51, 0x6c, 0x5d, 0x4e, 0x7b, 0x96, 0x86, 0x4a, 0x83, 0x77, 0x4f,
	0x76, 0x88, 0x7a, 0xa0, 0x93, 0x5b, 0x69, 0x89, 0x7a, 0x87, 0x65, 0x42,
	0x7d, 0x69, 0x64, 0x52, 0x65, 0x83, 0x6b, 0x67, 0x91, 0x80, 0x6d, 0x7f,
	0x86, 0x5c, 0x55, 0x9b, 0x66, 0x6d, 0x71, 0x98, 0x80, 0x78, 0x80, 0x6d,
	0x7d, 0x93, 0x67, 0x90, 0x73, 0x76, 0x60, 0x98, 0x89, 0x60, 0x62, 0x64,
	0x7c, 0x80, 0x78, 0x72, 0x53, 0x5b, 0x7b, 0x79, 0x70, 0x84, 0x8a, 0x79,
	0x7e, 0x6f, 0x81, 0x7e, 0x73, 0x77, 0x65, 0x5a, 0x80, 0x8c, 0x6b, 0x7e,
	0x57, 0x9f, 0x89, 0x76, 0x70, 0x7a, 0x7e, 0x7f, 0x6c, 0x68, 0x67, 0x7f,
	0x70, 0x84, 0x84, 0x99, 0x83, 0x65, 0x82, 0x6a, 0x6e, 0xaa, 0x7a, 0x6f,
	0x69, 0x6d, 0x6c, 0x85, 0x6b, 0x74, 0x8a, 0x78, 0x94, 0x79, 0x87, 0x8c,
	0x61, 0x7f, 0x92, 0x9c, 0x79, 0x7f, 0x67, 0x7c, 0x67, 0x7f, 0x87, 0x75,
	0x7e, 0x69, 0x6b, 0x6f, 0x8b, 0x79, 0x6a, 0x94, 0x7f, 0x5f, 0x91, 0x89,
	0xa0, 0x86, 0x76, 0x7b, 0x92, 0x82, 0x74, 0x6f, 0x7e, 0x73, 0x7b, 0x78,
	0x80, 0x6b, 0x7f, 0x8a, 0x7c, 0x5c, 0x85, 0x6e, 0x79, 0x71, 0x61, 0x83,
	0x83, 0x7d, 0x79, 0x78, 0x83, 0x92, 0x61, 0x92, 0x92, 0x7a, 0x58, 0x6a,
	0x68, 0x70, 0x8a, 0x7d, 0x6f, 0x84, 0x7d, 0x7d, 0x84, 0x88, 0x56, 0x95,
	0x6c, 0x68, 0x8f, 0x7f, 0x89, 0x7b, 0x70, 0x7c, 0x7f, 0x8a, 0x69, 0x70,
	0x7e, 0x7d, 0x76, 0x7f, 0x72, 0x7d, 0x8d, 0x87, 0x7c, 0x6c, 0x5e, 0x7a,
	0x87, 0x9c, 0x86, 0x55, 0x7c, 0x62, 0x98, 0x68, 0x59, 0x6d, 0x4d, 0x75,
	0x8a, 0x84, 0x72, 0x83, 0x87, 0x70, 0x71, 0x6a, 0x7d, 0x61, 0x8b, 0x78,
	0x6a, 0x65, 0x73, 0x64, 0x7a, 0x45, 0x96, 0x72, 0x6c, 0x89, 0x80, 0x89,
	0x76, 0x92, 0x8d, 0x82, 0x91, 0x5f, 0x85, 0x61, 0x6d, 0x60, 0x8d, 0x7c,
	0x77, 0x6b, 0x7b, 0x79, 0x76, 0xa2, 0x8b, 0x96, 0xac, 0x70, 0x75, 0x6e,
	0x7c, 0x7d, 0x5d, 0x86, 0x5f, 0x8a, 0x70, 0xa6, 0x8e, 0x87, 0x6f, 0x7c,
	0x85, 0x82, 0x64, 0x71, 0x6a, 0x69, 0x98, 0x92, 0xa3, 0x7e, 0x8f, 0x63,
	0x6b, 0x5f, 0x74, 0x53, 0x85, 0x71, 0x61, 0x9b, 0x86, 0x7b, 0x6e, 0x67,
	0x6e, 0x89, 0x6f, 0x79, 0x80, 0x4f, 0x7e, 0xa9, 0x58, 0x5f, 0x52, 0x72,
	0x74, 0x96, 0xb2, 0x61, 0x94, 0x6a, 0x8f, 0x81, 0x6b, 0x83, 0x6b, 0x90,
	0x6e, 0x82, 0x8c, 0xa1, 0x5e, 0x7c, 0x85, 0x7b, 0x92, 0x9b, 0x76, 0x64,
	0x62, 0x6d, 0x83, 0x74, 0x88, 0x71, 0x85, 0x7b, 0x8c, 0x86, 0x97, 0x68,
	0x94, 0x79, 0x75, 0x6a, 0x76, 0x88, 0x73, 0x83, 0x71, 0x81, 0x8a, 0x89,
	0x86, 0x81, 0x7a, 0x88, 0x5b, 0x6b, 0x82, 0x81, 0x8c, 0x59, 0x8a, 0x67,
	0x6b, 0x8a, 0x73, 0x5f, 0x80, 0x7b, 0x68, 0x92, 0x97, 0x6d, 0x93, 0x8d,
	0x75, 0x81, 0xa4, 0x69, 0x83, 0x74, 0x99, 0x6a, 0x7e, 0x81, 0x6b, 0x92,
	0x74, 0x7f, 0x6c, 0x74, 0x8a, 0x8d, 0x82, 0x61, 0x6c, 0x7a, 0x7e, 0x7d,
	0x72, 0x70, 0x89, 0x81, 0x72, 0x7a, 0x93, 0x73, 0x55, 0x8f, 0x97, 0x90,
	0x68, 0x80, 0x87, 0x6f, 0x7e, 0x60, 0x6e, 0x92, 0x79, 0x84, 0x92, 0x8f,
	0x8c, 0x87, 0x79, 0x8c, 0x83, 0x70, 0x95, 0x6f, 0x6e, 0x57, 0x7b, 0x69,
	0x7c, 0x7b, 0x72, 0x73, 0x8b, 0x70, 0x78, 0x92, 0x98, 0x74, 0x81, 0x84,
	0x9a, 0x92, 0x92, 0xa0, 0x71, 0x79, 0x69, 0x74, 0x91, 0x85, 0x7a, 0x67,
	0x70, 0x84, 0x5f, 0x67, 0x78, 0x7b, 0x77, 0x78, 0x89, 0x4f, 0x76, 0x58,
	0xad, 0xab, 0x8f, 0x3f, 0x96, 0x7d, 0x77, 0x3c, 0x4a, 0x85, 0x6d, 0x79,
	0x42, 0x59, 0x7b, 0x71, 0x7e, 0x86, 0x80, 0x89, 0x3b, 0x5f, 0x60, 0x67,
	0x80, 0x6e, 0x9d, 0x79, 0x5e, 0x7c, 0x27, 0x6f, 0x8b, 0x71, 0x7a, 0x9b,
	0x77, 0x6a, 0x59, 0x65, 0x86, 0x77, 0xa1, 0x8a, 0x84, 0x8e, 0x7c, 0x68,
	0x60, 0xa4, 0x92, 0x56, 0xbb, 0x76, 0x61, 0x72, 0x57, 0x76, 0x68, 0x67,
	0xba, 0x6c, 0x79, 0x71, 0x5b, 0x7d, 0x63, 0x6d, 0x92, 0x92, 0x3c, 0x86,
	0x3e, 0x90, 0x64, 0x80, 0x69, 0x78, 0x85, 0x70, 0x84, 0x89, 0x7b, 0x6e,
	0x70, 0x5f, 0x7f, 0x7e, 0x90, 0x6a, 0xa8, 0x69, 0x8b, 0x99, 0x8f, 0x6c,
	0xac, 0x77, 0x66, 0x83, 0x8f, 0x78, 0x9d, 0x55, 0x6c, 0x6a, 0x69, 0x83,
	0x71, 0x81, 0x6b, 0x78, 0x77, 0x5c, 0x36, 0x6d, 0x9c, 0x7c, 0x7b, 0x7f,
	0x6a, 0x63, 0x79, 0x70, 0x76, 0x7e, 0x7f, 0x6a, 0x77, 0x66, 0x80, 0x6b,
	0x7b, 0x72, 0x8e, 0x7c, 0x68, 0x69, 0x7f, 0x8d, 0x72, 0x5f, 0x7b, 0x76,
	0x89, 0x72, 0x85, 0x70, 0x6f, 0x6e, 0x71, 0x7e, 0x84, 0x6c, 0x6b, 0x7d,
	0x67, 0x73, 0x88, 0x6c, 0x88, 0x72, 0x6d, 0x8a, 0x85, 0x80, 0x87, 0x7c,
	0x89, 0x72, 0x85, 0x87, 0x87, 0x79, 0x70, 0x79, 0x7f, 0x7d, 0x82, 0x79,
	0x89, 0x6b, 0x70, 0x62, 0x74, 0x87, 0x82, 0x72, 0x7b, 0x82, 0x86, 0x7e,
	0x6f, 0x74, 0x5a, 0x72, 0x65, 0x7a, 0x80, 0x7e, 0x6c, 0x75, 0x77, 0x78,
	0x6f, 0x86, 0x70, 0x83, 0x64, 0x84, 0x76, 0x7a, 0x88, 0x6a, 0x7b, 0x83,
	0x6e, 0x84, 0x75, 0x81, 0x86, 0x65, 0x76, 0x7f, 0x7c, 0x69, 0x81, 0x80,
	0x70, 0x71, 0x7c, 0x67, 0x8c, 0x74, 0x4c, 0x7b, 0x80, 0x67, 0x7f, 0x4d,
	0x62, 0x74, 0x7a, 0x79, 0x82, 0x72, 0x79, 0x84, 0x7b, 0x93, 0x89, 0x69,
	0x70, 0x71, 0x79, 0x71, 0x7c, 0x6f, 0x77, 0x82, 0x73, 0x82, 0x81, 0x66,
	0x80, 0x7e, 0x6d, 0x7c, 0x6a, 0x82, 0x8c, 0x70, 0x78, 0x70, 0x74, 0x83,
	0x83, 0x7a, 0x54, 0x88, 0x7e, 0x80, 0x77, 0x80, 0x6f, 0x75, 0x75, 0x73,
	0x6f, 0x7d, 0x80, 0x84, 0x67, 0x81, 0x70, 0x71, 0x54, 0x81, 0x85, 0x6a,
	0x78, 0x70, 0x72, 0x74, 0x84, 0x7a, 0x74, 0x62, 0x81, 0x83, 0x7d, 0x6e,
	0x74, 0x7a, 0x78, 0x6c, 0x7a, 0x7e, 0x6b, 0x82, 0x6a, 0x73, 0x7a, 0x78,
	0x65, 0x79, 0x6d, 0x81, 0x83, 0x74, 0x71, 0x70, 0x77, 0x71, 0x7a, 0x51,
	0x84, 0x73, 0x61, 0x69, 0x7d, 0x78, 0x78, 0x87, 0x87, 0x86, 0x8a, 0x7a,
	0x79, 0x86, 0x7e, 0x86, 0x7d, 0x91, 0x69, 0x84, 0x7c, 0x7b, 0x5f, 0x90,
	0x6f, 0x84, 0x6c, 0x8e, 0x69, 0x92, 0x82, 0x8e, 0x78, 0x5e, 0x5a, 0x68,
	0x86, 0x7a, 0x64, 0x76, 0x67, 0x6f, 0x9e, 0x83, 0x4b, 0x6d, 0x84, 0x7f,
	0x7a, 0x86, 0x63, 0x7b, 0x67, 0x6f, 0x83, 0x73, 0x6c, 0x81, 0x69, 0x99,
	0x7a, 0x6d, 0x77, 0x6d, 0x81, 0x72, 0x82, 0x5e, 0x71, 0x83, 0x76, 0x8c,
	0x8d, 0x7e, 0x8c, 0x8f, 0x80, 0x72, 0x7a, 0x87, 0x7a, 0x77, 0x77, 0x7f,
	0x8f, 0x7a, 0x8e, 0x6e, 0x7a, 0x63, 0x64, 0x8c, 0x94, 0x76, 0x78, 0x5a,
	0x7c, 0x84, 0x79, 0x5a, 0x7c, 0x75, 0x7b, 0x76, 0x66, 0x7a, 0x56, 0x6d,
	0x6a, 0x65, 0x79, 0x6d, 0x67, 0x6e, 0x72, 0x73, 0x96, 0x7c, 0x6e, 0x85,
	0x6c, 0x77, 0x74, 0x75, 0x75, 0x7a, 0x53, 0x6b, 0x61, 0x7a, 0x80, 0x8d,
	0x78, 0x9a, 0x88, 0x65, 0x8a, 0x5b, 0x77, 0x3d, 0x81, 0x6b, 0x68, 0x86,
	0x77, 0x66, 0x9b, 0x7f, 0x7e, 0x74, 0x85, 0x6e, 0x7a, 0x7b, 0x84, 0x64,
	0x70, 0x6a, 0x78, 0x68, 0x6f, 0x6e, 0x52, 0x68, 0x88, 0x71, 0x75, 0x85,
	0x87, 0x72, 0x82, 0x70, 0x54, 0x87, 0x8b, 0x88, 0x5a, 0x52, 0x75, 0x6f,
	0x75, 0x82, 0x5e, 0x89, 0x79, 0x84, 0x73, 0x91, 0x78, 0x80, 0x6e, 0x73,
	0x86, 0x6f, 0x8f, 0x77, 0x76, 0x85, 0x59, 0x6e, 0x90, 0x89, 0x89, 0x81,
	0x80, 0x7e, 0x71, 0x6c, 0x83, 0x75, 0x71, 0x5e, 0x98, 0x74, 0x71, 0x81,
	0x7a, 0x73, 0x76, 0x71, 0x5f, 0x74, 0x75, 0x63, 0x67, 0x84, 0x73, 0x6a,
	0x5a, 0x73, 0x87, 0x68, 0x71, 0x96, 0x62, 0x7f, 0x70, 0x89, 0x8c, 0x7f,
	0x79, 0x80, 0x6f, 0x6f, 0x73, 0x76, 0x5f, 0x77, 0x6b, 0x6f, 0x51, 0x88,
	0x6a, 0x68, 0x63, 0x6f, 0x59, 0x7f, 0x64, 0x73, 0x61, 0x89, 0x92, 0x60,
	0x82, 0x7e, 0x83, 0x78, 0x6c, 0x62, 0x84, 0x7f, 0x75, 0x60, 0x5e, 0x81,
	0x73, 0x7b, 0x60, 0x59, 0x88, 0x73, 0x6d, 0x6f, 0x6c, 0x77, 0x86, 0x6b,
	0x87, 0x76, 0x87, 0x6c, 0x81, 0x60, 0x78, 0x6e, 0x71, 0x6e, 0x7f, 0x64,
	0x63, 0x76, 0x7b, 0x85, 0x7b, 0x7f, 0x8c, 0x77, 0x3b, 0x8c, 0x69, 0x73,
	0x79, 0x74, 0x81, 0x77, 0x8e, 0x6d, 0x6d, 0x87, 0x75, 0x71, 0x9d, 0x6c,
	0x8d, 0x5e, 0x81, 0x5b, 0x81, 0x5e, 0x68, 0x78, 0x76, 0x8b, 0x70, 0x85,
	0x8d, 0x7b, 0x86, 0x75, 0x79, 0x8b, 0x8a, 0x88, 0x7d, 0x6f, 0x53, 0xa3,
	0x6d, 0x81, 0x74, 0x6c, 0x71, 0x85, 0x87, 0x61, 0x85, 0x88, 0x73, 0x7c,
	0x7f, 0x71, 0x5f, 0x66, 0x87, 0x7f, 0x85, 0x79, 0x90, 0x70, 0x73, 0x7c,
	0x6a, 0x97, 0x6f, 0x6b, 0x6e, 0x7d, 0x72, 0x76, 0x88, 0x8f, 0x6e, 0x6d,
	0x6d, 0x7a, 0x7d, 0x7c, 0x74, 0x71, 0x70, 0x64, 0x79, 0x74, 0x7b, 0x56,
	0x7a, 0x94, 0x77, 0x71, 0x87, 0x81, 0x6c, 0x71, 0x7c, 0x68, 0x8c, 0x74,
	0x6e, 0x6f, 0x6e, 0x72, 0x7c, 0x76, 0x98, 0x80, 0x78, 0x67, 0x76, 0x8a,
	0x97, 0x84, 0x7c, 0x45, 0x8a, 0x99, 0x79, 0x74, 0x69, 0x71, 0x82, 0x6f,
	0x84, 0x85, 0x84, 0x71, 0x67, 0x79, 0x73, 0x85, 0x76, 0x69, 0x76, 0x72,
	0x4d, 0x70, 0x80, 0x73, 0x83, 0x7b, 0x81, 0x7a, 0x75, 0x6f, 0x6e, 0x72,
	0x86, 0x71, 0x7e, 0x87, 0x7c, 0x6f, 0x71, 0x77, 0x6f, 0x70, 0x7c, 0x82,
	0x81, 0x8e, 0x6e, 0x8e, 0x6b, 0x82, 0x6a, 0x53, 0x90, 0x6d, 0x76, 0x6f,
	0x66, 0x72, 0x55, 0x8e, 0x6a, 0x57, 0x5a, 0x70, 0x88, 0x5f, 0x73, 0x71,
	0x61, 0x8e, 0x5c, 0x89, 0x77, 0x74, 0x7c, 0x85, 0x64, 0x84, 0x6e, 0x8a,
	0x7b, 0x62, 0x6e, 0x7c, 0x64, 0x79, 0x70, 0x76, 0x66, 0x90, 0x6d, 0x67,
	0x79, 0x65, 0x75, 0x82, 0xa1, 0x63, 0x82, 0x72, 0x77, 0x80, 0x63, 0x72,
	0x88, 0x6d, 0x6b, 0x77, 0x7e, 0x79, 0x66, 0x64, 0x7c, 0x81, 0x85, 0x7b,
	0x84, 0x90, 0x76, 0x88, 0x77, 0x70, 0x71, 0x69, 0x8e, 0x76, 0x9c, 0x58,
	0x9c, 0x9c, 0x69, 0x63, 0x69, 0x87, 0x7b, 0x70, 0x7e, 0x71, 0x86, 0x98,
	0x86, 0x78, 0x93, 0x70, 0x89, 0x68, 0x83, 0x98, 0x73, 0x89, 0x80, 0x8e,
	0x90, 0x71, 0x6e, 0x6d, 0x65, 0x85, 0x7f, 0x71, 0x75, 0x68, 0x7e, 0x80,
	0x8f, 0x7d, 0x9e, 0x79, 0x72, 0x6f, 0x84, 0x73, 0x8f, 0x72, 0x90, 0x76,
	0x88, 0x89, 0x8c, 0x7e, 0x75, 0x6d, 0x81, 0x7c, 0x85, 0x79, 0x85, 0x80,
	0x6e, 0x7b, 0x6d, 0x68, 0x71, 0x85, 0x73, 0x72, 0x8a, 0x8c, 0x7e, 0x53,
	0x6b, 0x90, 0x86, 0x86, 0x66, 0x76, 0x99, 0x78, 0x82, 0x7d, 0x5c, 0x93,
	0x87, 0x88, 0x7a, 0x87, 0x82, 0x9a, 0x8c, 0x73, 0x95, 0x7b, 0x83, 0x78,
	0x89, 0x79, 0x90, 0x77, 0x72, 0x6c, 0x80, 0x7d, 0x94, 0x4c, 0x72, 0x6a,
	0x89, 0x72, 0x7a, 0x98, 0x98, 0x8b, 0x72, 0xa7, 0x71, 0x74, 0x7c, 0x86,
	0x7d, 0x67, 0x6a, 0x61, 0x69, 0x6a, 0x80, 0x4f, 0x93, 0x96, 0x7e, 0x7f,
	0x7b, 0x8c, 0x7e, 0x83, 0x69, 0x5d, 0x85, 0x7d, 0x99, 0x64, 0x5b, 0x97,
	0x67, 0xa9, 0x6a, 0x43, 0x88, 0x76, 0x7b, 0x85, 0x9c, 0x61, 0x7c, 0x7f,
	0x8b, 0x5a, 0x59, 0x81, 0x80, 0x77, 0x85, 0x61, 0x6f, 0x86, 0x6e, 0x53,
	0x60, 0xa5, 0x94, 0x82, 0x73, 0x82, 0x7e, 0x70, 0x8a, 0x61, 0x75, 0x75,
	0x7c, 0x7e, 0x69, 0x79, 0x5d, 0x4a, 0x6f, 0x6b, 0x7f, 0x7a, 0x47, 0x92,
	0x78, 0x7a, 0x7e, 0x89, 0x8c, 0x48, 0x93, 0x50, 0x55, 0x88, 0x9b, 0x55,
	0x8a, 0xa2, 0x5a, 0x62, 0x67, 0x54, 0x4b, 0x77, 0x6f, 0x69, 0x96, 0x6f,
	0x74, 0x90, 0x6f, 0x63, 0x59, 0x5d, 0x69, 0x6b, 0x52, 0x73, 0x74, 0x73,
	0x62, 0x69, 0x82, 0x67, 0xae, 0x8a, 0x80, 0x6a, 0x86, 0x82, 0x74, 0x5d,
	0x78, 0x6d, 0x8a, 0x7b, 0x7d, 0x83, 0x77, 0x7f, 0x80, 0x9a, 0x9b, 0x67,
	0x98, 0x7c, 0x7e, 0x69, 0x5f, 0x68, 0x40, 0x78, 0x78, 0x71, 0x82, 0x74,
	0x85, 0x73, 0x69, 0x79, 0x92, 0x86, 0x84, 0x7c, 0x78, 0x7e, 0x78, 0x8a,
	0x77, 0x7b, 0x75, 0x76, 0x7c, 0x54, 0x80, 0x7d, 0x73, 0x81, 0x7b, 0x66,
	0x84, 0x69, 0x74, 0x5b, 0x8a, 0x6f, 0x97, 0x78, 0x7e, 0x7d, 0x8b, 0x87,
	0x89, 0x74, 0x8f, 0x97, 0x7c, 0x84, 0x78, 0x6a, 0x75, 0x80, 0x7e, 0x8f,
	0x7b, 0x60, 0x8e, 0x90, 0x93, 0x7f, 0x7e, 0x67, 0x7c, 0x7d, 0x71, 0x6c,
	0x77, 0x79, 0x8f, 0x79, 0x8d, 0x4a, 0x63, 0x64, 0x73, 0x7c, 0x86, 0x6a,
	0x80, 0x85, 0x6a, 0x62, 0x70, 0x89, 0x5e, 0x8e, 0x7d, 0x79, 0x7b, 0x8b,
	0x8d, 0x87, 0x81, 0x82, 0x95, 0x8d, 0x7c, 0x83, 0x8c, 0x71, 0x69, 0x7f,
	0x7b, 0x5d, 0x72, 0x6e, 0x84, 0x6c, 0x80, 0x7f, 0x94, 0x8e, 0x73, 0x93,
	0x8d, 0x6d, 0x81, 0x62, 0x6c, 0x8e, 0x6a, 0x6b, 0x57, 0x8d, 0x80, 0x77,
	0x95, 0x6d, 0x80, 0x7c, 0x85, 0x6a, 0x77, 0x79, 0x5f, 0x85, 0x7e, 0x65,
	0x8e, 0x63, 0x59, 0x79, 0x91, 0x90, 0x79, 0x7a, 0x75, 0x7a, 0x7f, 0x6b,
	0x6f, 0x60, 0x94, 0x75, 0x8e, 0x74, 0x6d, 0x5e, 0x5f, 0x80, 0x92, 0x87,
	0x7b, 0x6c, 0x70, 0x6a, 0x7e, 0x84, 0x7e, 0xa8, 0x6e, 0x95, 0x57, 0x88,
	0x79, 0x8a, 0x8b, 0x54, 0x60, 0x87, 0x8b, 0x70, 0x8a, 0x74, 0xa4, 0x74,
	0x81, 0x88, 0x59, 0x73, 0x62, 0x74, 0x87, 0x8e, 0x64, 0x73, 0x75, 0x77,
	0x77, 0x74, 0x76, 0x80, 0x72, 0x5c, 0x60, 0x8d, 0x5f, 0x73, 0x62, 0x83,
	0x75, 0x7e, 0x80, 0x7f, 0x88, 0x88, 0x78, 0x73, 0x73, 0x75, 0x84, 0x79,
	0x79, 0x8c, 0x71, 0x73, 0x74, 0x8a, 0x8d, 0x55, 0x5a, 0x7d, 0x8e, 0x6a,
	0x70, 0x92, 0x7d, 0x6a, 0x87, 0x69, 0x6d, 0x80, 0x68, 0x77, 0x83, 0x61,
	0x7b, 0x79, 0x66, 0x67, 0x8d, 0x72, 0x6d, 0x7c, 0x6e, 0x72, 0x75, 0x7a,
	0x81, 0x70, 0x7d, 0x67, 0x61, 0x83, 0x8b, 0x5e, 0x75, 0x7d, 0x75, 0x66,
	0x76, 0x71, 0x87, 0x87, 0x6e, 0x59, 0x6e, 0x83, 0x8a, 0x88, 0x97, 0x64,
	0x84, 0x74, 0x7b, 0x7f, 0x80, 0x3c, 0x6b, 0x66, 0x6a, 0x84, 0x87, 0x72,
	0x7e, 0x7b, 0x6e, 0x76, 0x83, 0x83, 0x88, 0x73, 0x92, 0x58, 0x83, 0x81,
	0x8e, 0x74, 0x6a, 0x89, 0x5f, 0x7c, 0x85, 0x76, 0x90, 0x87, 0x70, 0x5c,
	0x71, 0x77, 0x8b, 0x66, 0x75, 0x84, 0x8c, 0xae, 0x8a, 0x70, 0x63, 0x61,
	0x5a, 0x79, 0x80, 0x71, 0x6c, 0x77, 0x7d, 0x62, 0x8e, 0x86, 0x6a, 0x6e,
	0x56, 0x7f, 0x6c, 0x6e, 0x66, 0x61, 0x62, 0x7d, 0x7d, 0x7b, 0x7d, 0x88,
	0x6a, 0x6a, 0x7b, 0x7f, 0x69, 0x90, 0x69, 0x5e, 0x6d, 0x6f, 0x7e, 0x66,
	0x8e, 0x8b, 0x5c, 0x86, 0x7e, 0x6e, 0x91, 0x61, 0x99, 0x81, 0x86, 0x80,
	0x8e, 0x63, 0x85, 0x75, 0x93, 0x74, 0x7a, 0x85, 0x67, 0x70, 0x7f, 0x79,
	0x7c, 0x93, 0x71, 0x70, 0x62, 0x69, 0x71, 0x72, 0x76, 0x80, 0x61, 0x92,
	0x69, 0x86, 0x8f, 0x68, 0x7d, 0x79, 0x61, 0x6e, 0x7a, 0x6d, 0x4e, 0x6e,
	0x7a, 0x84, 0x75, 0x7e, 0x71, 0x63, 0x68, 0x6a, 0x67, 0x6e, 0x81, 0x7b,
	0x79, 0x8c, 0x72, 0x82, 0x68, 0x7a, 0x84, 0x83, 0x6a, 0x77, 0x6d, 0x6b,
	0x81, 0x75, 0x7c, 0x63, 0x83, 0x7c, 0x69, 0x78, 0x65, 0x79, 0x6e, 0x66,
	0x81, 0x81, 0x60, 0x7d, 0x71, 0x64, 0x7b, 0x82, 0x62, 0x79, 0x66, 0x86,
	0x86, 0x71, 0x69, 0x6a, 0x79, 0x61, 0x82, 0x58, 0x76, 0x8d, 0x5c, 0x65,
	0x80, 0x74, 0x79, 0x85, 0x79, 0x80, 0x97, 0x60, 0x76, 0x8a, 0x7a, 0x7e,
	0x7a, 0x82, 0x63, 0x84, 0x85, 0x7c, 0x5b, 0x81, 0x66, 0x73, 0x7c, 0x77,
	0x7c, 0x87, 0x80, 0x79, 0x62, 0x78, 0x81, 0x6f, 0x73, 0x76, 0x88, 0x7b,
	0x6e, 0x76, 0x78, 0x6c, 0x85, 0x73, 0x82, 0x69, 0x71, 0x79, 0x89, 0x72,
	0xa8, 0x76, 0x6e, 0x7b, 0x6b, 0x7e, 0x7c, 0x81, 0x82, 0x87, 0x79, 0x85,
	0x7f, 0x82, 0x7f, 0x82, 0x93, 0x7d, 0x82, 0x6c, 0x77, 0x88, 0x77, 0x82,
	0x79, 0x6c, 0x6f, 0x75, 0x7d, 0x79, 0x7e, 0x82, 0x7a, 0x78, 0x74, 0x73,
	0x7d, 0x76, 0x57, 0x7c, 0x83, 0x7e, 0x8a, 0x6c, 0x7e, 0x71, 0x70, 0x66,
	0x72, 0x84, 0x7c, 0x84, 0x7f, 0x7c, 0x76, 0x81, 0x76, 0x76, 0x83, 0x76,
	0x7b, 0x7d, 0x82, 0x77, 0x6b, 0x77, 0x7f, 0x6f, 0x91, 0x8f, 0x75, 0x7b,
	0x7e, 0x6d, 0x6b, 0x88, 0x73, 0x8e, 0x75, 0x73, 0x78, 0x86, 0x74, 0x80,
	0x75, 0x77, 0x8b, 0x7f, 0x7f, 0x7c, 0x75, 0x84, 0x89, 0x71, 0x81, 0x7e,
	0x75, 0x7a, 0x76, 0x78, 0x83, 0x6e, 0x7e, 0x78, 0x80, 0x79, 0x6f, 0x7c,
	0x7a, 0x75, 0x8a, 0x76, 0x5f, 0x88, 0x84, 0x69, 0x7a, 0x71, 0x82, 0x8e,
	0x6e, 0x85, 0x88, 0x79, 0x77, 0x89, 0x6f, 0x7c, 0x6b, 0x5c, 0x84, 0x76,
	0x87, 0x7b, 0x88, 0x6d, 0x83, 0x64, 0x64, 0x7d, 0x86, 0x87, 0x72, 0x78,
	0x91, 0x80, 0x7f, 0x7f, 0x68, 0x7b, 0x71, 0x89, 0x7e, 0x6a, 0x81, 0x89,
	0x80, 0x82, 0x85, 0x67, 0x68, 0x69, 0x8a, 0x7b, 0x77, 0x7a, 0x8a, 0x77,
	0x81, 0x67, 0x70, 0x71, 0x77, 0x78, 0x6e, 0x81, 0x83, 0x61, 0x7d, 0x85,
	0x71, 0x65, 0x74, 0x71, 0x78, 0x7e, 0x75, 0x69, 0x84, 0x81, 0x76, 0x7f,
	0x76, 0x6e, 0x6a, 0x82, 0x75, 0x72, 0x7b, 0x7b, 0x62, 0x70, 0x8b, 0x7d,
	0x81, 0x8a, 0x76, 0x64, 0x82, 0x70, 0x87, 0x6d, 0x62, 0x8d, 0x7d, 0x66,
	0x83, 0x6d, 0x66, 0x6c, 0x92, 0x71, 0x65, 0x7c, 0x6b, 0x71, 0x82, 0x86,
	0x74, 0x79, 0x69, 0x73, 0x7b, 0x97, 0x7b, 0x76, 0x7b, 0x56, 0x51, 0x72,
	0x6c, 0x74, 0x84, 0x83, 0x6c, 0x76, 0x79, 0x84, 0x69, 0x6f, 0x72, 0x5e,
	0x6f, 0x72, 0x81, 0x72, 0xb0, 0x6f, 0x86, 0x79, 0x6c, 0x82, 0x75, 0x72,
	0x7a, 0x69, 0x7d, 0x77, 0x68, 0x82, 0x76, 0x7c, 0x7c, 0x7f, 0x76, 0x74,
	0x77, 0x7f, 0x7a, 0x77, 0x74, 0x8c, 0x6f, 0x70, 0x79, 0x7d, 0x84, 0x56,
	0x6f, 0x6e, 0x77, 0x87, 0x7f, 0x7f, 0x76, 0x91, 0x83, 0x74, 0x72, 0x82,
	0x7e, 0x90, 0x73, 0x88, 0x77, 0x79, 0x6e, 0x76, 0x5a, 0x83, 0x50, 0x78,
	0x6a, 0x7d, 0x83, 0x82, 0x7f, 0x87, 0x74, 0x71, 0x5b, 0x70, 0x91, 0x7f,
	0x7d, 0x75, 0x79, 0x7f, 0x77, 0x72, 0x7b, 0x6c, 0x6e, 0x84, 0x72, 0x6a,
	0x86, 0x84, 0x88, 0x80, 0x72, 0x98, 0x7d, 0x81, 0x85, 0x72, 0x8f, 0x74,
	0x64, 0x70, 0x73, 0x77, 0x68, 0x7e, 0x62, 0x88, 0x7e, 0x77, 0x83, 0x82,
	0x70, 0x73, 0x5c, 0x66, 0x82, 0x83, 0x83, 0x84, 0x7f, 0x90, 0x91, 0x7c,
	0x7c, 0x89, 0x7f, 0x86, 0x87, 0x83, 0x7f, 0x79, 0x65, 0x89, 0x85, 0x7e,
	0x80, 0x7f, 0x82, 0x73, 0x84, 0x82, 0x81, 0x89, 0x93, 0x89, 0x87, 0x90,
	0x87, 0x82, 0x79, 0x81, 0x81, 0x79, 0x7e, 0x80, 0x78, 0x84, 0x85, 0x7e,
	0x7f, 0x76, 0x80, 0x7c, 0x81, 0x82, 0x8d, 0x84, 0x7d, 0x81, 0x7c, 0x8f,
	0x81, 0x77, 0x84, 0x8a, 0x7d, 0x71, 0x7d, 0x77, 0x86, 0x88, 0x7e, 0x7c,
	0x83, 0x7c, 0x7f, 0x81, 0x7c, 0x94, 0x7e, 0x7a, 0x87, 0x81, 0x6f, 0x7c,
	0x85, 0x7d, 0x83, 0x88, 0x81, 0x7f, 0x7c, 0x7c, 0x87, 0x77, 0x7a, 0x85,
	0x7b, 0x77, 0x8a, 0x76, 0x7d, 0x89, 0x7b, 0x83, 0x79, 0x7d, 0x86, 0x7c,
	0x84, 0x89, 0x95, 0x83, 0x84, 0x7e, 0x7c, 0x7e, 0x83, 0x8b, 0x7d, 0x7d,
	0x78, 0x81, 0x7c, 0x82, 0x7e, 0x71, 0x6f, 0x77, 0x52, 0x75, 0x7a, 0x90,
	0x84, 0x64, 0x87, 0x6f, 0x7a, 0x7b, 0x89, 0x87, 0x61, 0x74, 0x7c, 0x68,
	0x3b, 0x7b, 0x78, 0x74, 0x68, 0x6e, 0x77, 0x78, 0x75, 0x81, 0x75, 0x75,
	0x84, 0x79, 0x81, 0x90, 0x6d, 0x8c, 0x79, 0x6b, 0x86, 0x7d, 0x88, 0x6e,
	0x71, 0x81, 0x8a, 0x82, 0x7c, 0x75, 0x43, 0x84, 0x6c, 0x52, 0x64, 0x65,
	0x8a, 0x74, 0x78, 0x68, 0x85, 0x7d, 0x63, 0x7c, 0x7c, 0x69, 0x50, 0x77,
	0x7f, 0x7b, 0x7e, 0x8b, 0x85, 0x8c, 0x66, 0x8f, 0x87, 0x72, 0x87, 0x85,
	0x86, 0x80, 0x54, 0x7c, 0x81, 0x7f, 0x80, 0x7c, 0x81, 0x66, 0x70, 0x60,
	0x83, 0x9c, 0x5e, 0x63, 0x6a, 0x6d, 0x85, 0x76, 0x72, 0x77, 0x6e, 0x7c,
	0x7d, 0x7e, 0x7a, 0x84, 0x70, 0x79, 0x85, 0x51, 0x83, 0x56, 0x82, 0x82,
	0x72, 0x84, 0x78, 0x82, 0x88, 0x6b, 0x94, 0x83, 0x6f, 0x70, 0x75, 0x7e,
	0x7f, 0x49, 0x7f, 0x7e, 0x6b, 0x8d, 0x79, 0x86, 0x6e, 0x74, 0x71, 0x69,
	0x84, 0x6f, 0x82, 0x64, 0x83, 0x7d, 0x77, 0x76, 0x7a, 0x69, 0x74, 0x73,
	0x70, 0x77, 0x6a, 0x7d, 0x57, 0x75, 0x61, 0x6b, 0x6b, 0x84, 0x81, 0x68,
	0x7c, 0x6c, 0x7e, 0x6f, 0x87, 0x5a, 0x65, 0x7c, 0x87, 0x79, 0x70, 0x7e,
	0x7c, 0x7e, 0x6b, 0x8a, 0x78, 0x60, 0x8e, 0x99, 0x87, 0x76, 0x85, 0x6e,
	0x63, 0x7e, 0x90, 0x93, 0x64, 0x5f, 0x8b, 0x6e, 0x80, 0x63, 0x6c, 0x7e,
	0x7d, 0x5f, 0x69, 0x8b, 0x86, 0x93, 0x8c, 0x66, 0x5c, 0x7d, 0x74, 0x84,
	0x7d, 0x78, 0x5e, 0xa0, 0x6e, 0x5e, 0x74, 0x7f, 0x73, 0x66, 0x59, 0x77,
	0x85, 0x73, 0x5f, 0x89, 0x69, 0x83, 0x81, 0x71, 0x77, 0x77, 0x5b, 0x7a,
	0x77, 0x7b, 0x68, 0x7d, 0x85, 0x86, 0x89, 0x7f, 0x66, 0x76, 0x87, 0x85,
	0x7c, 0x7f, 0x6c, 0x76, 0x87, 0x84, 0x77, 0x79, 0x7c, 0x80, 0x6e, 0x7a,
	0x75, 0x6a, 0x6e, 0x65, 0x81, 0x83, 0x79, 0x6a, 0x82, 0x87, 0x89, 0x63,
	0x61, 0x83, 0x82, 0x83, 0x68, 0x7c, 0x93, 0x7d, 0x84, 0x88, 0x83, 0x7b,
	0x81, 0x89, 0x80, 0x81, 0x6c, 0x85, 0x7f, 0x83, 0x88, 0x5d, 0x88, 0x6f,
	0x83, 0x60, 0x7b, 0x7d, 0x57, 0x60, 0x72, 0x77, 0x7d, 0x6d, 0x79, 0x87,
	0x86, 0x79, 0x68, 0x88, 0x60, 0x81, 0x8c, 0x85, 0x71, 0x80, 0x7e, 0x79,
	0x86, 0x6e, 0x76, 0x82, 0x71, 0x87, 0x61, 0x83, 0x8d, 0x7b, 0x6f, 0x68,
	0x7c, 0x84, 0x85, 0x7a, 0x78, 0x81, 0x77, 0x79, 0x60, 0x64, 0x79, 0x87,
	0x7f, 0x7f, 0x85, 0x7b, 0x6b, 0x83, 0x7b, 0x7f, 0x86, 0x79, 0x87, 0x78,
	0x83, 0x81, 0x87, 0x8a, 0x84, 0x94, 0x7a, 0x8f, 0x46, 0x75, 0x76, 0x6b,
	0x7c, 0x6a, 0x6c, 0x61, 0x7e, 0x8f, 0x86, 0x7d, 0x71, 0x86, 0x80, 0x7b,
	0x79, 0x74, 0x80, 0x71, 0x7f, 0x6b, 0x8d, 0x71, 0x78, 0x6a, 0x6d, 0x61,
	0x7c, 0x81, 0x8d, 0x72, 0x54, 0x88, 0x81, 0x61, 0x81, 0x82, 0x82, 0x83,
	0x87, 0x85, 0x7f, 0x7f, 0x62, 0x7f, 0x6a, 0x5b, 0x7f, 0x82, 0x59, 0x89,
	0x7b, 0x74, 0x85, 0x87, 0x7c, 0x5e, 0x75, 0x7b, 0x6b, 0x67, 0x64, 0x76,
	0x80, 0x5f, 0x82, 0x73, 0x57, 0x73, 0x7e, 0x84, 0x6f, 0x57, 0x54, 0x6f,
	0x64, 0x85, 0x86, 0x74, 0x91, 0x61, 0x75, 0x6d, 0x81, 0x70, 0x7c, 0x83,
	0x75, 0x5e, 0x47, 0x64, 0x85, 0x7e, 0x63, 0x7d, 0x6f, 0x77, 0x78, 0x78,
	0x66, 0x76, 0x6c, 0x85, 0x95, 0x69, 0x5e, 0x6e, 0x68, 0x6c, 0x7c, 0x81,
	0x80, 0x99, 0x89, 0x7d, 0x76, 0x9d, 0x55, 0x82, 0x72, 0x93, 0x78, 0x77,
	0x5b, 0x63, 0x83, 0x87, 0x8f, 0x81, 0x8a, 0x7d, 0x81, 0x6c, 0x72, 0x75,
	0x62, 0x81, 0x6f, 0x64, 0x7c, 0x86, 0x7e, 0x6e, 0x8d, 0x73, 0x7f, 0x82,
	0x72, 0x61, 0x6f, 0x7a, 0x6b, 0x7b, 0x83, 0x82, 0x87, 0x66, 0x79, 0x82,
	0x80, 0x8a, 0x60, 0x7d, 0x65, 0x8d, 0x92, 0x67, 0x7e, 0xa4, 0x73, 0x8b,
	0x7d, 0x5f, 0x7d, 0x65, 0x72, 0x81, 0x81, 0x81, 0x80, 0x77, 0x8f, 0x89,
	0x62, 0x73, 0x77, 0x85, 0x7e, 0x76, 0x7c, 0x73, 0x6c, 0x83, 0x88, 0x82,
	0x80, 0x7c, 0x77, 0x7a, 0x98, 0x82, 0x95, 0x76, 0x7f, 0x51, 0x6b, 0x82,
	0x85, 0x80, 0x80, 0x7f, 0x79, 0x56, 0x7a, 0x83, 0x94, 0x75, 0x7b, 0x7c,
	0x7f, 0x6d, 0x7b, 0x7c, 0x77, 0x7d, 0x7f, 0x7a, 0x7e, 0x83, 0x73, 0x94,
	0x7b, 0x7c, 0x81, 0x74, 0x7b, 0x3d, 0x58, 0x5d, 0x7e, 0x80, 0x74, 0x65,
	0x7c, 0x73, 0x73, 0x8e, 0x64, 0x81, 0x7a, 0x8f, 0x75, 0x7b, 0x79, 0x74,
	0x62, 0x55, 0x7f, 0x3a, 0x90, 0x6a, 0x8c, 0x7f, 0x7f, 0x7d, 0x6a, 0x7c,
	0x7f, 0x81, 0x7e, 0x84, 0x81, 0x8f, 0x81, 0x7f, 0x88, 0x78, 0x83, 0x78,
	0x7b, 0x7c, 0x80, 0x80, 0x66, 0x75, 0x64, 0x78, 0x7f, 0x8f, 0x73, 0x7f,
	0x8d, 0x70, 0x7c, 0x52, 0x7f, 0x7a, 0x59, 0x99, 0x7e, 0x84, 0x5c, 0x5f,
	0x6c, 0x76, 0x8e, 0x7a, 0x6d, 0x86, 0x98, 0x69, 0x59, 0x8c, 0x75, 0x75,
	0x7f, 0x6d, 0x76, 0x63, 0x69, 0x50, 0x4c, 0x86, 0x78, 0x83, 0x7b, 0x82,
	0x4c, 0x81, 0x77, 0x78, 0x82, 0x5d, 0x76, 0x78, 0xa7, 0x7b, 0x73, 0x7f,
	0x44, 0x87, 0x79, 0x67, 0x79, 0x6f, 0x5a, 0x9f, 0x77, 0x6c, 0x63, 0x7a,
	0x82, 0x7f, 0x53, 0x6a, 0x70, 0x84, 0x77, 0x85, 0x82, 0x7b, 0x6b, 0x8d,
	0x71, 0x62, 0x7e, 0x79, 0x64, 0x68, 0x61, 0x67, 0x7f, 0x89, 0x6b, 0x83,
	0x61, 0x8e, 0x90, 0x80, 0x61, 0x74, 0x97, 0x79, 0x7b, 0x81, 0x5c, 0x81,
	0x6c, 0x83, 0x84, 0x7a, 0x64, 0x82, 0x88, 0x7e, 0x55, 0x88, 0x8a, 0x83,
	0x83, 0x6f, 0x70, 0x6e, 0x68, 0x5a, 0x71, 0x79, 0x7e, 0x7d, 0x78, 0x7e,
	0x86, 0x7e, 0x84, 0x6f, 0x78, 0x73, 0x7e, 0x5c, 0x82, 0x8d, 0x7f, 0x67,
	0x73, 0x7e, 0x66, 0x77, 0x7f, 0x82, 0x89, 0x69, 0x89, 0x86, 0x80, 0x81,
	0x93, 0x57, 0x87, 0x87, 0x78, 0x71, 0x75, 0x85, 0x86, 0x81, 0x8f, 0x7c,
	0x64, 0x6d, 0x81, 0x6b, 0x88, 0x81, 0x64, 0x75, 0x83, 0x80, 0x83, 0x8c,
	0x60, 0x7a, 0x58, 0x89, 0x80, 0x8d, 0x78, 0x71, 0x6d, 0x7c, 0x8f, 0x71,
	0x80, 0x81, 0x79, 0x71, 0x7f, 0x6d, 0x6e, 0x69, 0x64, 0x7a, 0x67, 0x8c,
	0x7a, 0x6e, 0x7e, 0x90, 0x7b, 0x77, 0x84, 0x72, 0x77, 0x73, 0x6c, 0x87,
	0x79, 0x8a, 0x61, 0x78, 0x88, 0x67, 0x7a, 0x6e, 0x83, 0x67, 0x7c, 0x6f,
	0x80, 0x70, 0x71, 0x6c, 0x85, 0x71, 0x6d, 0x6e, 0x8a, 0x54, 0x89, 0x54,
	0x6b, 0x7c, 0x87, 0x73, 0x7b, 0x93, 0x65, 0x87, 0x8c, 0x7c, 0x7c, 0x77,
	0x8a, 0x73, 0x63, 0x77, 0x79, 0x7f, 0x83, 0x85, 0x83, 0x6f, 0x71, 0x51,
	0x55, 0x86, 0x6c, 0x6c, 0x6e, 0x77, 0x84, 0x70, 0x7c, 0x80, 0x97, 0x76,
	0x5d, 0x8d, 0x79, 0x64, 0x60, 0x88, 0x79, 0x6a, 0x75, 0x72, 0x92, 0x70,
	0x6b, 0x81, 0x81, 0x7b, 0x8b, 0xab, 0x86, 0x93, 0x58, 0x5b, 0x78, 0x7a,
	0x58, 0x75, 0x6a, 0x79, 0x75, 0x74, 0x75, 0x85, 0x72, 0x65, 0x8a, 0x75,
	0x7a, 0x8c, 0x6d, 0x88, 0x76, 0x76, 0x8d, 0x80, 0x6f, 0x6b, 0x90, 0x65,
	0x88, 0x86, 0x65, 0x89, 0x73, 0x79, 0x7e, 0x70, 0x70, 0x76, 0x81, 0x6d,
	0x81, 0x6e, 0x53, 0x77, 0x71, 0x69, 0x90, 0x73, 0x7d, 0x6e, 0x5e, 0x6c,
	0x80, 0x85, 0x7a, 0x8b, 0x7d, 0x56, 0x82, 0x83, 0x86, 0x71, 0x76, 0x77,
	0x84, 0x57, 0x68, 0x63, 0x90, 0x77, 0x80, 0x7b, 0x79, 0x6c, 0x83, 0x81,
	0x82, 0x66, 0x66, 0x87, 0xa0, 0x8c, 0x82, 0x88, 0x66, 0x57, 0x6f, 0x76,
	0x78, 0x7f, 0x78, 0x74, 0x7c, 0x7d, 0x64, 0x7e, 0x81, 0x8b, 0x6b, 0x56,
	0x6d, 0x62, 0x6c, 0x69, 0x77, 0x83, 0x74, 0x77, 0x56, 0x7b, 0x84, 0x68,
	0x6a, 0x7c, 0x62, 0x8d, 0x73, 0x7f, 0x84, 0x79, 0x56, 0x83, 0x79, 0xa3,
	0x73, 0x4c, 0x74, 0x7e, 0x66, 0x73, 0x82, 0x6e, 0x79, 0x66, 0x57, 0x66,
	0x8b, 0x87, 0x82, 0x77, 0x70, 0x8d, 0x6c, 0x78, 0x85, 0x86, 0x86, 0x81,
	0x78, 0x7c, 0x7f, 0x84, 0x80, 0x87, 0x72, 0x7a, 0x8a, 0x54, 0x84, 0x6e,
	0x71, 0x72, 0x68, 0x73, 0x71, 0x71, 0x7a, 0x82, 0x7c, 0x71, 0x79, 0x77,
	0x8b, 0x7a, 0x5a, 0x83, 0x51, 0x7d, 0x77, 0x76, 0x72, 0x7d, 0x74, 0x83,
	0x89, 0x6e, 0x87, 0x79, 0x75, 0x7b, 0x63, 0x82, 0x72, 0x78, 0x77, 0x64,
	0x7c, 0x72, 0x83, 0x71, 0x7a, 0x72, 0x7d, 0x7d, 0x65, 0x7f, 0x7c, 0x8d,
	0x79, 0x77, 0x81, 0x77, 0x7c, 0x79, 0x73, 0x83, 0x95, 0x79, 0x74, 0x82,
	0xa3, 0x81, 0x77, 0x7d, 0x6d, 0x8b, 0x50, 0x6c, 0x58, 0x87, 0x6c, 0x6e,
	0x7a, 0x74, 0x83, 0x73, 0x6c, 0x94, 0x75, 0x72, 0x5a, 0x8a, 0x95, 0x59,
	0x7a, 0x74, 0x8e, 0x5e, 0x79, 0x8f, 0x89, 0x85, 0x82, 0x5e, 0x69, 0x99,
	0x65, 0x62, 0x79, 0x6c, 0x8a, 0x93, 0x6e, 0x6c, 0x9c, 0x75, 0x5e, 0x7c,
	0x61, 0x59, 0x92, 0x75, 0x71, 0x94, 0x71, 0x9d, 0x63, 0x7f, 0x74, 0x7a,
	0x93, 0x59, 0x6a, 0x5f, 0x67, 0x5d, 0x71, 0x59, 0x5d, 0x6e, 0x68, 0x6e,
	0x6c, 0x6b, 0x83, 0x6f, 0x89, 0x87, 0x4f, 0x8d, 0x77, 0x59, 0x87, 0x87,
	0x7b, 0x70, 0x63, 0x98, 0x84, 0x71, 0x73, 0x7d, 0x67, 0x77, 0x78, 0x5d,
	0x81, 0x79, 0x70, 0x88, 0x93, 0x34, 0x8b, 0x6f, 0x82, 0x86, 0x83, 0x80,
	0x89, 0x6a, 0x8a, 0x90, 0x8f, 0x71, 0x69, 0x96, 0x82, 0x68, 0x75, 0x92,
	0x66, 0x68, 0x8a, 0x8c, 0x88, 0x93, 0x6d, 0x8b, 0x53, 0x68, 0x6e, 0x7a,
	0x83, 0x76, 0x7c, 0x87, 0x61, 0x85, 0x70, 0x6b, 0x6f, 0x83, 0x7b, 0x9c,
	0x72, 0x62, 0x74, 0x7e, 0x4a, 0x8e, 0x74, 0x70, 0x82, 0x93, 0x60, 0x88,
	0x7e, 0x77, 0x85, 0x87, 0x7f, 0x6c, 0x68, 0x60, 0x5b, 0x6d, 0x99, 0x55,
	0x93, 0x60, 0x83, 0x79, 0x95, 0x8f, 0xa0, 0x5e, 0x7b, 0x45, 0x84, 0x78,
	0x7d, 0x82, 0x78, 0x70, 0xa1, 0x68, 0x63, 0x79, 0x80, 0x66, 0x81, 0x88,
	0x7e, 0x6e, 0x7c, 0x6d, 0x87, 0x6b, 0x78, 0x69, 0x6a, 0x88, 0x64, 0x7c,
	0x70, 0x83, 0x79, 0x72, 0x7b, 0x82, 0x90, 0x60, 0x79, 0x79, 0x94, 0x7c,
	0x71, 0x8f, 0x72, 0x7a, 0x70, 0x8b, 0x57, 0x82, 0x77, 0x88, 0x56, 0x99,
	0x9b, 0x9b, 0x77, 0x64, 0x90, 0x6d, 0x75, 0x63, 0x7d, 0x81, 0x6e, 0x89,
	0x85, 0x73, 0x87, 0x71, 0x8b, 0x82, 0x8a, 0x9b, 0x89, 0x68, 0x8a, 0x7c,
	0x6e, 0x69, 0x8e, 0x84, 0x6a, 0x73, 0x80, 0x9c, 0x7d, 0x72, 0xa6, 0x7c,
	0x67, 0x6c, 0x64, 0x8d, 0x9a, 0x90, 0x62, 0x91, 0x7c, 0x9a, 0x79, 0x71,
	0x86, 0x6a, 0x73, 0x80, 0x9d, 0x8d, 0x74, 0x94, 0x8a, 0x6f, 0x77, 0x64,
	0x81, 0x6a, 0x83, 0x64, 0x6d, 0x64, 0x76, 0x6d, 0x48, 0x89, 0x7c, 0x69,
	0x66, 0x83, 0x6c, 0x7a, 0x86, 0x85, 0x75, 0x80, 0x63, 0x92, 0x6b, 0x68,
	0x66, 0x65, 0x80, 0x9b, 0x8b, 0x69, 0x7e, 0x77, 0x78, 0x7f, 0x76, 0x55,
	0x95, 0x97, 0xb1, 0x65, 0x7f, 0x86, 0x56, 0x91, 0x80, 0x81, 0x61, 0x80,
	0x85, 0x88, 0x6b, 0x59, 0x77, 0x5a, 0x78, 0x81, 0x6b, 0x87, 0x6d, 0x83,
	0x62, 0x8f, 0x99, 0x5b, 0x7c, 0x6b, 0x89, 0x6f, 0x6c, 0x60, 0x59, 0x75,
	0x53, 0x7f, 0x69, 0x76, 0x70, 0x8c, 0x67, 0x87, 0x98, 0x77, 0x67, 0x74,
	0x94, 0x6b, 0xa6, 0x87, 0x95, 0x8b, 0x8f, 0x7c, 0x7d, 0x75, 0x75, 0x5a,
	0x60, 0x7f, 0x5e, 0x70, 0x96, 0xa2, 0x68, 0x76, 0x31, 0x79, 0x93, 0x68,
	0x7a, 0x8e, 0x75, 0x97, 0x7c, 0x67, 0x86, 0x87, 0x6f, 0x80, 0x78, 0x83,
	0x62, 0x8a, 0x76, 0x81, 0x79, 0x8b, 0x7f, 0x86, 0x6f, 0x7c, 0x64, 0x8b,
	0x6a, 0x60, 0x8a, 0x77, 0xa6, 0x5f, 0x7a, 0x8c, 0x8d, 0x6b, 0x6b, 0x80,
	0x78, 0x7b, 0x8a, 0x7c, 0x7c, 0x68, 0x75, 0x5e, 0x6e, 0x84, 0x7a, 0x75,
	0x6a, 0x79, 0x7a, 0x92, 0x7a, 0x70, 0x7a, 0x81, 0x86, 0x8f, 0x7d, 0x79,
	0x82, 0x6d, 0x8a, 0x95, 0x60, 0x63, 0x7c, 0x7b, 0x8a, 0x8a, 0x72, 0x4d,
	0x6b, 0x7c, 0x61, 0x72, 0x7e, 0x7e, 0x75, 0x81, 0x80, 0x7b, 0x89, 0x6e,
	0x6a, 0x82, 0x86, 0x92, 0x74, 0x8d, 0x7a, 0x56, 0x81, 0x76, 0x87, 0x6a,
	0x69, 0x74, 0x6a, 0x75, 0x66, 0x7c, 0x76, 0x89, 0x74, 0x70, 0x8d, 0x67,
	0x6f, 0x7a, 0x7d, 0x73, 0x88, 0x7d, 0x80, 0x7e, 0x92, 0x7d, 0x6a, 0x76,
	0x76, 0x72, 0x80, 0x51, 0x62, 0x60, 0x56, 0x71, 0x83, 0x77, 0x86, 0x7c,
	0x75, 0x57, 0x73, 0x4d, 0x7c, 0x6a, 0x84, 0x6f, 0x57, 0x84, 0x64, 0x89,
	0x69, 0x87, 0x49, 0x8b, 0x94, 0x6e, 0x64, 0x96, 0x66, 0x8b, 0x5d, 0x68,
	0x87, 0x76, 0x8a, 0x8c, 0x7f, 0x79, 0x66, 0x8b, 0x61, 0x74, 0x81, 0x92,
	0x78, 0x64, 0x6a, 0x97, 0x95, 0x71, 0x82, 0x90, 0x83, 0x78, 0x6d, 0x49,
	0x8b, 0x5e, 0x91, 0x95, 0x76, 0x6f, 0x88, 0x64, 0x73, 0x6c, 0x89, 0x7d,
	0x5a, 0x74, 0x79, 0x77, 0x7b, 0x69, 0x8d, 0x7f, 0x8f, 0x5f, 0x62, 0x83,
	0x71, 0x82, 0x66, 0x87, 0x81, 0x72, 0x79, 0x7c, 0x71, 0x81, 0x78, 0x87,
	0x7a, 0x7c, 0x84, 0x6c, 0x93, 0x68, 0x7d, 0x80, 0x95, 0x9e, 0x6f, 0x5c,
	0x93, 0x8d, 0x66, 0x96, 0x9f, 0x79, 0x64, 0x87, 0x70, 0x8c, 0x88, 0x8a,
	0x8e, 0x76, 0x74, 0x7e, 0x6a, 0x44, 0x63, 0x6d, 0x70, 0x76, 0x6a, 0x62,
	0x7b, 0xa3, 0x7f, 0x82, 0x70, 0x8e, 0x7f, 0x86, 0x7e, 0x73, 0x91, 0x86,
	0x71, 0x7f, 0x95, 0x7e, 0x75, 0x88, 0x87, 0x78, 0x71, 0x7c, 0x89, 0x83,
	0x6f, 0x71, 0x67, 0x73, 0x85, 0x7c, 0x77, 0x7b, 0x81, 0x7c, 0x82, 0x97,
	0x83, 0x9f, 0x89, 0x7b, 0x71, 0x70, 0x80, 0x7f, 0x7d, 0x70, 0x80, 0x73,
	0x71, 0x81, 0x82, 0x84, 0x77, 0x83, 0x8c, 0x78, 0x81, 0x8a, 0x77, 0x74,
	0x70, 0x78, 0x7c, 0x79, 0x6c, 0x6e, 0x69, 0x7c, 0x6e, 0x7a, 0x72, 0x8a,
	0x80, 0x65, 0x89, 0x66, 0x86, 0x73, 0x61, 0x77, 0x7b, 0x75, 0x82, 0x88,
	0x88, 0x83, 0x70, 0x83, 0x73, 0x7e, 0x8a, 0x83, 0x7b, 0x85, 0x9c, 0x5d,
	0x79, 0x6e, 0x81, 0x69, 0x7c, 0x8f, 0x8c, 0x7d, 0x6a, 0x67, 0x8d, 0xa1,
	0x80, 0x7a, 0x82, 0x7f, 0x74, 0x77, 0x99, 0x80, 0x78, 0x8e, 0x77, 0x6e,
	0x5d, 0x95, 0x67, 0x82, 0x8e, 0x79, 0x67, 0x54, 0x70, 0x8f, 0x8f, 0x74,
	0x82, 0x97, 0x78, 0x77, 0x70, 0x76, 0x76, 0x65, 0x7a, 0x52, 0x49, 0x75,
	0x90, 0x65, 0x87, 0x6b, 0x6f, 0x75, 0x66, 0x73, 0x7a, 0x52, 0x6e, 0x73,
	0x77, 0x59, 0x77, 0x52, 0x32, 0x89, 0x61, 0x5f, 0x71, 0x6c, 0x72, 0x8a,
	0x72, 0x7b, 0x80, 0x9e, 0x6a, 0x6f, 0x81, 0x68, 0x9a, 0x8d, 0x85, 0x6b,
	0x9c, 0x71, 0x37, 0x86, 0x77, 0x6b, 0x76, 0x72, 0x79, 0x6e, 0x6d, 0x6e,
	0x63, 0x9e, 0x93, 0x81, 0x83, 0x77, 0x52, 0x6a, 0x68, 0x62, 0x61, 0x7b,
	0x70, 0x6f, 0x60, 0x83, 0x4d, 0x61, 0x6a, 0x7c, 0x59, 0x71, 0x50, 0x5a,
	0x76, 0x55, 0x76, 0x8e, 0x94, 0x92, 0xa4, 0x61, 0x70, 0x7a, 0xa5, 0x62,
	0x77, 0x56, 0x69, 0x5d, 0x80, 0x75, 0x95, 0x78, 0x90, 0x7d, 0x67, 0x8a,
	0x87, 0x65, 0x57, 0x75, 0x78, 0x8c, 0x61, 0x89, 0x8e, 0x83, 0x88, 0x85,
	0x6e, 0x70, 0x87, 0x84, 0x77, 0x82, 0x7e, 0x85, 0x71, 0x6f, 0x82, 0x70,
	0x7b, 0x70, 0x71, 0x75, 0x71, 0x82, 0x84, 0x6a, 0x80, 0x6c, 0x7e, 0x95,
	0x60, 0x7e, 0x84, 0x8c, 0x78, 0x50, 0x83, 0x85, 0x6a, 0x7c, 0x57, 0x6d,
	0x7b, 0x77, 0x81, 0x59, 0x85, 0x68, 0x8b, 0x6e, 0x78, 0x7f, 0x75, 0x69,
	0x75, 0x87, 0x72, 0x75, 0x65, 0x8f, 0x81, 0x7c, 0x71, 0x77, 0x7e, 0x74,
	0x7b, 0x74, 0x6f, 0x75, 0x83, 0x79, 0x80, 0x7d, 0x84, 0x6f, 0x66, 0x65,
	0x8f, 0x67, 0x7c, 0x61, 0x8a, 0x5c, 0x81, 0x7e, 0x55, 0x70, 0x78, 0x78,
	0x58, 0x79, 0x7c, 0x78, 0x74, 0x74, 0x48, 0x75, 0x83, 0x86, 0x5c, 0x72,
	0x91, 0x8b, 0x78, 0x7a, 0x77, 0x64, 0x7e, 0x67, 0x72, 0x50, 0x7c, 0x90,
	0x7b, 0x87, 0x6f, 0x7d, 0x6d, 0x4b, 0x83, 0x72, 0x90, 0x6b, 0x56, 0x6f,
	0x87, 0x87, 0x66, 0x78, 0x7a, 0x5a, 0x5a, 0x79, 0x60, 0x6f, 0x66, 0x78,
	0x91, 0x6d, 0x68, 0x5f, 0x71, 0x6a, 0x6c, 0x77, 0x73, 0x84, 0x74, 0x5e,
	0x71, 0x76, 0x8e, 0x80, 0x83, 0x82, 0x65, 0x5f, 0x69, 0x8d, 0x70, 0x98,
	0x75, 0x74, 0x7d, 0x5e, 0x7b, 0x68, 0x68, 0x7e, 0x5e, 0x7b, 0x73, 0x88,
	0x7d, 0x6c, 0x6a, 0x80, 0x6e, 0x58, 0x61, 0x81, 0x6c, 0x75, 0x77, 0x85,
	0x5c, 0x8b, 0x78, 0x81, 0x71, 0x73, 0x6e, 0x7d, 0x88, 0x83, 0x73, 0x91,
	0x67, 0x78, 0x4c, 0x80, 0x6f, 0x80, 0x8e, 0x67, 0x81, 0x82, 0x46, 0x84,
	0x7b, 0x59, 0x86, 0x7f, 0x7f, 0x4c, 0x68, 0x8c, 0x78, 0x9a, 0x71, 0x70,
	0x62, 0x7d, 0x84, 0x82, 0x93, 0x87, 0x8d, 0x77, 0x87, 0x57, 0x74, 0x71,
	0x8b, 0x85, 0x85, 0x81, 0x80, 0x5e, 0x83, 0x77, 0x79, 0x75, 0x80, 0x7c,
	0x7c, 0x88, 0x7f, 0x7f, 0x69, 0x81, 0x71, 0x6d, 0x77, 0x7c, 0x75, 0x5c,
	0x59, 0x63, 0x7e, 0x7c, 0x74, 0x7a, 0x71, 0x5d, 0x97, 0x9a, 0x80, 0x5f,
	0x70, 0x89, 0x76, 0x7a, 0x7e, 0x6e, 0x75, 0x74, 0x81, 0x85, 0x80, 0x80,
	0x61, 0x6d, 0x82, 0x67, 0x6d, 0x83, 0x9a, 0x79, 0x72, 0x5c, 0x6e, 0x6f,
	0x64, 0x71, 0x96, 0x59, 0x65, 0x72, 0x74, 0x89, 0x86, 0x60, 0x84, 0x81,
	0x77, 0x86, 0x86, 0x75, 0x78, 0x85, 0x72, 0x78, 0x84, 0x97, 0x8b, 0x76,
	0x7d, 0x72, 0x7d, 0x6f, 0x91, 0x5c, 0x65, 0x65, 0x6f, 0x76, 0x80, 0x84,
	0x6c, 0x79, 0x5f, 0x73, 0x7d, 0x8b, 0x77, 0x7a, 0x8a, 0x8b, 0x51, 0x85,
	0x88, 0x79, 0x7c, 0x55, 0x71, 0x78, 0x7a, 0x88, 0x6c, 0x6e, 0x7c, 0x7b,
	0x7b, 0x74, 0x78, 0x8c, 0x6a, 0x8a, 0x73, 0x5c, 0x6f, 0x73, 0x76, 0x5d,
	0x74, 0x81, 0x67, 0x87, 0x81, 0x99, 0x6d, 0x89, 0x88, 0x60, 0x77, 0x8e,
	0x6a, 0x6f, 0x7a, 0x66, 0x78, 0x98, 0x7e, 0x6c, 0x8e, 0x63, 0x69, 0x6a,
	0x2d, 0x90, 0x65, 0x5e, 0x54, 0x7c, 0x9d, 0x59, 0x7b, 0x76, 0x84, 0x77,
	0x5d, 0x73, 0x67, 0x78, 0x7e, 0x80, 0x60, 0x7b, 0x83, 0x7e, 0x92, 0xa9,
	0x80, 0x5f, 0x94, 0xa3, 0x72, 0x6a, 0x73, 0x64, 0x7b, 0x41, 0x96, 0x77,
	0x4c, 0x76, 0x81, 0x6f, 0x72, 0x8f, 0x4f, 0x6d, 0x7c, 0x8c, 0x70, 0x96,
	0x6d, 0x5f, 0x76, 0x7c, 0xa0, 0x76, 0x76, 0x47, 0x58, 0x77, 0x57, 0x79,
	0x79, 0x68, 0x92, 0x63, 0x70, 0x61, 0x2d, 0x5f, 0x70, 0x58, 0x7b, 0x95,
	0x71, 0x83, 0x83, 0x53, 0x6c, 0x72, 0x74, 0x90, 0x9a, 0x70, 0x93, 0x6a,
	0x6a, 0x88, 0x77, 0x8c, 0x62, 0x72, 0x7a, 0x6a, 0x70, 0x57, 0x77, 0x6e,
	0x76, 0x77, 0x8e, 0x63, 0x86, 0x90, 0x81, 0x5a, 0x7f, 0x6e, 0x6e, 0x50,
	0x8e, 0x79, 0x76, 0x79, 0x9b, 0x77, 0x6b, 0x9a, 0x6d, 0x7a, 0x6f, 0x73,
	0x57, 0x87, 0x72, 0x7b, 0x85, 0x83, 0x93, 0x7a, 0x88, 0x7f, 0x74, 0x73,
	0x65, 0x73, 0x8d, 0x6e, 0x78, 0x85, 0x75, 0x90, 0x70, 0x5c, 0x5a, 0x63,
	0x6a, 0x7b, 0x80, 0x71, 0x7e, 0x86, 0x77, 0x7d, 0x76, 0x8c, 0x8b, 0x81,
	0x8a, 0x5e, 0x8d, 0x73, 0x68, 0x7a, 0x83, 0x5f, 0x6b, 0x7d, 0x6a, 0x87,
	0x91, 0x81, 0x6e, 0x84, 0x8a, 0x78, 0x68, 0x77, 0x8a, 0x7f, 0x82, 0x75,
	0x7b, 0x75, 0x69, 0x73, 0x77, 0x74, 0x95, 0x71, 0x7e, 0x5e, 0x7b, 0x6a,
	0x7e, 0x9d, 0x81, 0x71, 0x78, 0x7b, 0x66, 0x80, 0x77, 0x74, 0x7c, 0x6e,
	0x90, 0x7f, 0x8b, 0x86, 0x5f, 0x63, 0x88, 0x71, 0x77, 0x82, 0x99, 0x94,
	0x74, 0x7d, 0x8c, 0x83, 0x77, 0x79, 0x70, 0x93, 0x81, 0x80, 0x77, 0x45,
	0x88, 0x71, 0x5b, 0x72, 0x76, 0x88, 0x5b, 0x8e, 0x7b, 0x85, 0x79, 0x85,
	0x87, 0x75, 0x83, 0x91, 0x7b, 0x6f, 0x6c, 0x6e, 0x7f, 0x80, 0x7e, 0x7f,
	0x8a, 0x8b, 0x90, 0x63, 0x7f, 0x83, 0x92, 0x7c, 0x70, 0x7f, 0x6a, 0x75,
	0x72, 0x6b, 0x5e, 0x6e, 0x77, 0xa3, 0x72, 0x79, 0x82, 0x68, 0x9e, 0x5b,
	0x6b, 0x67, 0x77, 0x95, 0x92, 0x8c, 0x75, 0x73, 0x7f, 0x7c, 0x6b, 0x75,
	0x60, 0x78, 0x6d, 0x6c, 0x79, 0x7c, 0x89, 0x86, 0x9e, 0x74, 0x63, 0x65,
	0x76, 0x6a, 0x83, 0x5b, 0x7e, 0x70, 0x6b, 0x84, 0x63, 0x5b, 0x8c, 0x90,
	0x8a, 0x73, 0x81, 0x61, 0x84, 0x77, 0x5a, 0x82, 0x6e, 0x81, 0x79, 0x76,
	0x68, 0x81, 0x77, 0x7e, 0x78, 0x84, 0x6c, 0x72, 0x6f, 0x73, 0x8c, 0x86,
	0x46, 0x6b, 0x70, 0x8d, 0x74, 0x7e, 0x67, 0x76, 0x77, 0x88, 0x89, 0x67,
	0x6e, 0x82, 0x86, 0x79, 0x6b, 0x85, 0x80, 0x78, 0x9d, 0x76, 0x83, 0x65,
	0x6f, 0x7f, 0x7c, 0x7d, 0x85, 0x8d, 0x5a, 0x81, 0x9c, 0x99, 0x75, 0x82,
	0x7f, 0x75, 0x5b, 0x7d, 0x77, 0x76, 0x76, 0x7b, 0x84, 0x68, 0x53, 0x8e,
	0x8a, 0x6a, 0x74, 0x62, 0x76, 0x7d, 0x8f, 0x7a, 0x99, 0x6e, 0x75, 0x6b,
	0x6c, 0x6b, 0x83, 0x72, 0x7c, 0xa3, 0x80, 0x76, 0x6d, 0x4f, 0x8d, 0x60,
	0x7a, 0x7a, 0x7b, 0x7a, 0x72, 0x95, 0x8a, 0x7a, 0x71, 0x75, 0x73, 0x94,
	0x95, 0x7f, 0x95, 0x79, 0x81, 0x91, 0x7b, 0x72, 0x56, 0x7a, 0x65, 0x78,
	0x8a, 0x66, 0x91, 0x74, 0x7c, 0x6d, 0x6d, 0x87, 0x85, 0x71, 0x78, 0x76,
	0x79, 0x90, 0x81, 0x6d, 0x85, 0x5e, 0x6f, 0x6f, 0x82, 0x7f, 0x53, 0x76,
	0x6d, 0x78, 0x9a, 0x7b, 0x5f, 0x6c, 0x70, 0x79, 0x73, 0x64, 0x71, 0x62,
	0x6c, 0x71, 0x73, 0x72, 0x70, 0x84, 0x6c, 0x77, 0x78, 0x7e, 0x54, 0x65,
	0x82, 0x76, 0x78, 0x7f, 0x76, 0xac, 0x7a, 0x5c, 0x83, 0x78, 0x80, 0x75,
	0x74, 0x6d, 0x66, 0x6a, 0x6e, 0x6c, 0x6d, 0x74, 0x73, 0x7d, 0x74, 0x98,
	0x7a, 0x72, 0x79, 0x7e, 0x84, 0x7d, 0xa0, 0x78, 0x84, 0x81, 0x83, 0x59,
	0x77, 0x8f, 0x8e, 0x74, 0x71, 0x7c, 0x90, 0x92, 0x89, 0x70, 0x87, 0x8a,
	0x6d, 0x86, 0x81, 0x6c, 0x6b, 0x96, 0x81, 0x7d, 0x78, 0x8a, 0x89, 0x7a,
	0x78, 0x75, 0x76, 0x78, 0x80, 0x7b, 0x5a, 0x83, 0x87, 0xb5, 0x7e, 0x8f,
	0x7e, 0x90, 0x74, 0x84, 0x85, 0x89, 0x81, 0x7f, 0x7a, 0x89, 0x76, 0x7e,
	0x6f, 0x83, 0x8a, 0x75, 0x70, 0xaf, 0x6c, 0x71, 0x94, 0x67, 0x6f, 0x62,
	0x76, 0x7b, 0x78, 0x64, 0x7e, 0x88, 0x74, 0x83, 0x86, 0x7d, 0x9f, 0x69,
	0x68, 0x6d, 0x73, 0x8d, 0x5b, 0x8b, 0x68, 0x85, 0x67, 0x72, 0x65, 0x82,
	0x9e, 0x77, 0x72, 0x86, 0x7a, 0x78, 0x6c, 0x8b, 0x81, 0x70, 0x71, 0x80,
	0x67, 0xae, 0x8a, 0x68, 0x72, 0x80, 0x92, 0x72, 0x6e, 0x6f, 0x95, 0x75,
	0x8b, 0x78, 0x88, 0x78, 0x80, 0x6c, 0x76, 0x7a, 0x75, 0x63, 0x74, 0x70,
	0x8b, 0x77, 0x63, 0x65, 0x84, 0x8f, 0x76, 0x78, 0x72, 0x59, 0x7e, 0x76,
	0x76, 0x82, 0x6b, 0x7e, 0x78, 0x77, 0x95, 0x6f, 0x68, 0x7d, 0x7f, 0x7d,
	0x83, 0x70, 0x85, 0x81, 0x7a, 0x6c, 0x75, 0x9e, 0x73, 0x8d, 0x96, 0x95,
	0x79, 0x8c, 0x7b, 0x71, 0x88, 0x76, 0x92, 0x63, 0x77, 0x94, 0x78, 0x62,
	0x98, 0x6e, 0x65, 0x79, 0x88, 0x74, 0x8a, 0x91, 0x93, 0x80, 0x75, 0x85,
	0x91, 0x7c, 0x6f, 0x90, 0x77, 0x7c, 0x8e, 0x7b, 0x8c, 0xa4, 0x6a, 0x74,
	0x73, 0x63, 0x85, 0x72, 0x66, 0x98, 0x8c, 0x98, 0x6b, 0x94, 0x8d, 0x65,
	0x61, 0x82, 0x72, 0x7f, 0x76, 0x78, 0x67, 0x6f, 0x87, 0x8e, 0x5e, 0x7e,
	0x69, 0x88, 0x54, 0x7e, 0x72, 0x7b, 0x90, 0x57, 0x66, 0x7a, 0x7a, 0xa9,
	0x82, 0x77, 0x6b, 0x98, 0x68, 0x77, 0x5f, 0x82, 0x7d, 0x6b, 0x77, 0x7a,
	0x86, 0x7f, 0x5b, 0xa2, 0x92, 0x74, 0x89, 0x7b, 0x87, 0x73, 0x87, 0x75,
	0x7d, 0x69, 0x7d, 0x72, 0x78, 0x94, 0x8d, 0x60, 0x7b, 0x72, 0x79, 0x8f,
	0x99, 0x77, 0x78, 0x6c, 0x56, 0x8b, 0x92, 0x73, 0x83, 0x72, 0x69, 0x85,
	0x73, 0x8a, 0x85, 0x9f, 0x81, 0x75, 0x65, 0x86, 0x54, 0x88, 0x84, 0x92,
	0xa2, 0x8a, 0x78, 0x87, 0x6d, 0x77, 0x60, 0x78, 0x6b, 0x6c, 0x93, 0x8d,
	0x72, 0x74, 0x54, 0x80, 0x5c, 0x7e, 0x84, 0x80, 0x70, 0x93, 0x6b, 0x7d,
	0x97, 0x77, 0x7f, 0x7e, 0x7a, 0x7d, 0x6e, 0x61, 0x79, 0x65, 0x78, 0x79,
	0x80, 0x6b, 0x93, 0x90, 0x69, 0x6e, 0x81, 0x6e, 0x6c, 0xa3, 0x6b, 0x96,
	0x50, 0x82, 0x58, 0x74, 0x8e, 0x5e, 0x86, 0x6d, 0x7f, 0x94, 0x52, 0x83,
	0x73, 0x5f, 0x8e, 0x80, 0x92, 0x84, 0x7b, 0x5e, 0x5e, 0x83, 0x88, 0x66,
	0x60, 0x66, 0x89, 0x94, 0x92, 0x81, 0x71, 0x77, 0x80, 0x87, 0x8c, 0x7f,
	0x82, 0x85, 0x65, 0x7c, 0x60, 0x78, 0x6b, 0x6a, 0x78, 0x87, 0x76, 0x9b,
	0x80, 0x68, 0x6b, 0x7e, 0x7e, 0x7c, 0x82, 0x7d, 0x6a, 0x87, 0x58, 0x87,
	0x80, 0x7b, 0x6f, 0x83, 0x63, 0x90, 0x76, 0x85, 0x6b, 0x84, 0x6e, 0x7f,
	0x83, 0x80, 0x77, 0x6c, 0x8e, 0x5f, 0x7b, 0x73, 0x81, 0x70, 0x78, 0x7e,
	0x7c, 0x75, 0x7a, 0x89, 0x61, 0x71, 0x64, 0x90, 0x7d, 0x90, 0x6d, 0x7c,
	0x7c, 0x64, 0x73, 0x71, 0x74, 0x97, 0x70, 0x69, 0x74, 0x7a, 0x73, 0x63,
	0x89, 0x7a, 0x71, 0x71, 0x71, 0x71, 0x83, 0x85, 0x74, 0x70, 0x72, 0x83,
	0x7b, 0x71, 0x6d, 0x61, 0x8b, 0x74, 0x73, 0x68, 0x6f, 0x76, 0x85, 0x59,
	0x7c, 0x70, 0x7e, 0x77, 0x74, 0x70, 0x8a, 0x8d, 0x85, 0x73, 0x6c, 0x67,
	0x78, 0x4b, 0x7c, 0x56, 0x5f, 0x6d, 0x59, 0x89, 0x72, 0x59, 0x88, 0x84,
	0x81, 0x82, 0x76, 0x6c, 0x9d, 0x7b, 0x72, 0x6f, 0x74, 0x8d, 0x85, 0x86,
	0x76, 0x75, 0x6c, 0x81, 0x87, 0x70, 0x74, 0x53, 0x68, 0x6b, 0x76, 0x83,
	0x73, 0x62, 0x85, 0x96, 0x63, 0x7c, 0x7d, 0x66, 0x89, 0x9c, 0x72, 0x78,
	0x8a, 0x64, 0x82, 0x6a, 0x73, 0x6e, 0x77, 0x6d, 0x8a, 0x99, 0x8a, 0x7e,
	0x6e, 0x7f, 0x7d, 0x79, 0x95, 0x72, 0x80, 0x7d, 0x7c, 0x71, 0x74, 0x6f,
	0x75, 0x83, 0x6f, 0x72, 0x6e, 0x67, 0x6e, 0x7a, 0x97, 0x7e, 0x77, 0x6c,
	0x85, 0x82, 0x73, 0x79, 0x6d, 0x96, 0x78, 0x6a, 0x6f, 0x7b, 0x71, 0x9a,
	0x7b, 0x60, 0x79, 0x76, 0x83, 0x88, 0x9d, 0x7a, 0x72, 0x86, 0x6a, 0x4f,
	0x82, 0x76, 0x62, 0x74, 0x5b, 0x74, 0x66, 0x7c, 0x6e, 0x76, 0x56, 0x69,
	0x88, 0x89, 0x8a, 0x69, 0x53, 0x83, 0x66, 0x6d, 0x6e, 0x80, 0x7f, 0x63,
	0x7b, 0x78, 0x8e, 0x8f, 0x72, 0x6a, 0x5c, 0x78, 0x7c, 0x8d, 0x84, 0x62,
	0x89, 0x7a, 0x83, 0x84, 0x5c, 0x7a, 0x72, 0x7f, 0x86, 0x75, 0x5c, 0x6d,
	0x7f, 0x80, 0x71, 0x7a, 0x87, 0x7c, 0x5a, 0x7d, 0x88, 0x85, 0x83, 0x7e,
	0x77, 0x7a, 0x64, 0x96, 0x92, 0x98, 0x57, 0x80, 0x8c, 0x82, 0x78, 0x88,
	0x84, 0x82, 0x6a, 0x95, 0x7a, 0x83, 0x79, 0x89, 0x60, 0x6a, 0x79, 0x7c,
	0x6f, 0x82, 0x78, 0x64, 0x74, 0x78, 0x85, 0x68, 0x75, 0x74, 0x78, 0x83,
	0x73, 0x7d, 0x8b, 0x77, 0x72, 0x68, 0x93, 0x65, 0x9a, 0x76, 0x79, 0x6d,
	0x85, 0x9b, 0x85, 0x82, 0x82, 0x81, 0x83, 0x78, 0x88, 0x69, 0x66, 0x7e,
	0x6a, 0x83, 0x85, 0x67, 0x80, 0x63, 0x6e, 0x5c, 0x66, 0x79, 0x77, 0x77,
	0x73, 0x80, 0x81, 0x76, 0x76, 0x73, 0x9a, 0x8d, 0x89, 0x7a, 0x8a, 0x86,
	0x7b, 0x6d, 0x70, 0x9a, 0x84, 0x78, 0x72, 0x72, 0x85, 0x62, 0x76, 0x8a,
	0x75, 0x85, 0x70, 0x87, 0x84, 0x87, 0x7c, 0x83, 0x88, 0x87, 0x83, 0x85,
	0x90, 0x8b, 0x89, 0x70, 0x78, 0x56, 0x6a, 0x47, 0x67, 0x7c, 0x7d, 0x63,
	0x5f, 0x93, 0x85, 0x80, 0x66, 0x77, 0x87, 0x66, 0x89, 0x76, 0x7e, 0x80,
	0x7e, 0x7a, 0x64, 0x8a, 0x79, 0x98, 0x90, 0x82, 0x6d, 0x71, 0x85, 0x90,
	0x74, 0x97, 0x71, 0x84, 0x5b, 0x72, 0x84, 0x71, 0x7e, 0x79, 0x69, 0x80,
	0x93, 0x6a, 0x6d, 0x91, 0x6c, 0x92, 0x6c, 0x7b, 0x6a, 0x71, 0x77, 0x76,
	0x6f, 0x75, 0x8a, 0x72, 0x73, 0xa3, 0x67, 0x7b, 0x8f, 0x54, 0x69, 0x84,
	0x6d, 0x69, 0x60, 0x7b, 0x67, 0x63, 0x7e, 0x6b, 0x84, 0x92, 0x86, 0x6e,
	0x81, 0x66, 0x70, 0x79, 0x84, 0x86, 0x67, 0x7d, 0x66, 0x8f, 0x6f, 0x75,
	0x87, 0x6a, 0x86, 0x7e, 0x78, 0x79, 0x8c, 0x6e, 0x86, 0x85, 0x84, 0x58,
	0x61, 0x76, 0x63, 0x66, 0x91, 0x75, 0x85, 0x87, 0x5e, 0x6b, 0x84, 0x6d,
	0x99, 0x78, 0x82, 0x6f, 0x82, 0x72, 0x7b, 0x7b, 0x78, 0x79, 0x84, 0x73,
	0x77, 0x86, 0x7c, 0x92, 0x7a, 0x86, 0x68, 0x72, 0x73, 0x91, 0x73, 0x64,
	0x5c, 0x7b, 0x7b, 0x6f, 0x74, 0x5e, 0x87, 0x89, 0x73, 0x7b, 0x82, 0x7d,
	0x95, 0x7b, 0x91, 0x85, 0x84, 0x79, 0x75, 0x7b, 0x82, 0x68, 0x7e, 0x82,
	0x7b, 0x6d, 0x70, 0x87, 0x7e, 0x61, 0x8d, 0x75, 0x6b, 0x8b, 0x74, 0x78,
	0x76, 0x76, 0x70, 0x78, 0x7e, 0x93, 0x8e, 0x83, 0x71, 0x6d, 0x94, 0x79,
	0x6f, 0x6f, 0x72, 0x84, 0x7b, 0x6d, 0x6b, 0x81, 0x83, 0x75, 0x81, 0x88,
	0x88, 0x71, 0x70, 0x71, 0x86, 0x75, 0x87, 0x76, 0x7d, 0x5d, 0x62, 0x78,
	0x6c, 0x7b, 0x70, 0x78, 0x70, 0x65, 0x81, 0x92, 0x85, 0x7f, 0x65, 0x7d,
	0x76, 0x79, 0x68, 0x73, 0x62, 0x6a, 0x6e, 0x69, 0x6c, 0x4e, 0x80, 0x88,
	0x7e, 0x72, 0x7c, 0x75, 0x7e, 0x6c, 0x73, 0x80, 0x75, 0x68, 0x82, 0x83,
	0x89, 0x70, 0x69, 0x7a, 0x9e, 0x89, 0x8a, 0x5c, 0x7f, 0x83, 0x74, 0x83,
	0x90, 0x90, 0x6c, 0x60, 0x74, 0x73, 0x61, 0x73, 0x7b, 0x6e, 0x86, 0x70,
	0x6f, 0x72, 0x6d, 0x7e, 0x6d, 0x81, 0x69, 0x87, 0x8b, 0x9c, 0x84, 0x4b,
	0x8b, 0x71, 0x7f, 0x7e, 0x7d, 0x82, 0x93, 0x90, 0x87, 0x6f, 0x7f, 0x73,
	0x72, 0x7c, 0x73, 0x84, 0x78, 0x7e, 0x6c, 0x72, 0x67, 0x65, 0x72, 0x67,
	0x74, 0x67, 0x70, 0x7b, 0x6b, 0x89, 0xa2, 0x5f, 0x91, 0x71, 0x78, 0x6f,
	0x71, 0x66, 0x7f, 0x7e, 0x7c, 0x6c, 0x6d, 0x6f, 0x74, 0x78, 0x59, 0x6f,
	0x71, 0x84, 0x5c, 0x6e, 0x77, 0x71, 0x83, 0x6c, 0x81, 0x85, 0x6b, 0x9a,
	0x75, 0x8c, 0x73, 0x84, 0x72, 0x8a, 0x8c, 0x66, 0x84, 0x96, 0x74, 0x64,
	0x91, 0x74, 0x83, 0x6f, 0x78, 0x70, 0x86, 0x73, 0x97, 0x8c, 0x7e, 0x87,
	0x83, 0x78, 0x90, 0x7b, 0x89, 0x71, 0x67, 0x6a, 0x7f, 0x75, 0x77, 0x7d,
	0x75, 0x80, 0x6c, 0x7a, 0x88, 0x8d, 0x79, 0x95, 0x84, 0x74, 0x6c, 0x7f,
	0x75, 0x84, 0x95, 0x88, 0x80, 0x75, 0x72, 0x6a, 0x71, 0x53, 0x71, 0x70,
	0x8e, 0x7c, 0x6d, 0x7c, 0x78, 0x70, 0x90, 0x6c, 0x74, 0x8e, 0x75, 0x7f,
	0x82, 0x75, 0x76, 0x72, 0x6a, 0x5f, 0x72, 0x8b, 0x75, 0x9a, 0x90, 0x99,
	0x89, 0x78, 0x7e, 0x8f, 0x8c, 0x71, 0x85, 0x8e, 0x7a, 0x8f, 0x76, 0x62,
	0x67, 0x85, 0x6a, 0x96, 0x65, 0x76, 0x87, 0x78, 0x83, 0x96, 0x70, 0x76,
	0x6a, 0x6d, 0x6c, 0x6b, 0x60, 0x70, 0x96, 0x7a, 0x7e, 0x71, 0x63, 0x6c,
	0x89, 0x83, 0x8e, 0x8a, 0x62, 0x7c, 0x78, 0x7e, 0x80, 0x88, 0x7d, 0x94,
	0x76, 0x76, 0x54, 0x77, 0x6f, 0x7b, 0x6d, 0x80, 0x86, 0x68, 0x81, 0x6e,
	0x61, 0x65, 0x7d, 0x77, 0x73, 0x69, 0x69, 0x92, 0x78, 0x7a, 0x5d, 0x8f,
	0x88, 0x6e, 0x82, 0x79, 0x7f, 0x70, 0x75, 0x6a, 0x92, 0x77, 0x78, 0x8c,
	0x9c, 0x48, 0x7f, 0x6a, 0x61, 0x90, 0x68, 0x74, 0x96, 0x7f, 0x96, 0x61,
	0x88, 0x82, 0x7c, 0x71, 0x68, 0x5b, 0x96, 0x7c, 0x6a, 0x8a, 0x73, 0x9a,
	0x8a, 0x7b, 0xaa, 0x63, 0x65, 0x73, 0x93, 0x6e, 0x84, 0x82, 0x81, 0x8a,
	0x64, 0x61, 0x77, 0x87, 0x6e, 0x62, 0x84, 0x85, 0x8b, 0x80, 0x69, 0x81,
	0x65, 0x4e, 0x7d, 0x7e, 0x98, 0x91, 0x62, 0x5e, 0x6f, 0x82, 0x8f, 0x99,
	0x6f, 0x8e, 0x7d, 0x79, 0x7d, 0x4a, 0x58, 0x87, 0x6b, 0x73, 0x6a, 0x6e,
	0x70, 0x65, 0x93, 0x6c, 0xa4, 0x80, 0x80, 0x71, 0x77, 0x88, 0x85, 0x74,
	0x59, 0x92, 0x6c, 0x7a, 0x6b, 0x84, 0x6f, 0x67, 0x83, 0x96, 0x73, 0x78,
	0x87, 0x5f, 0x71, 0x6f, 0x89, 0x5b, 0x65, 0x73, 0x5a, 0x8b, 0x75, 0x6a,
	0x7c, 0x80, 0x79, 0x8a, 0x6f, 0x69, 0x6f, 0xa3, 0x66, 0x5b, 0x9b, 0x86,
	0x70, 0x94, 0x7b, 0x6e, 0x82, 0x96, 0x7b, 0x77, 0x6f, 0x81, 0x82, 0x7b,
	0x88, 0x6e, 0x6c, 0x73, 0x85, 0x81, 0x77, 0x6f, 0x74, 0x87, 0x90, 0x72,
	0x78, 0x8c, 0xbc, 0x7f, 0x7b, 0x76, 0x87, 0x85, 0x94, 0x73, 0x71, 0x74,
	0x74, 0x72, 0x78, 0x74, 0x6c, 0x70, 0x74, 0x8a, 0x6f, 0x79, 0x6f, 0x66,
	0x70, 0x8c, 0x7b, 0x64, 0x79, 0xa1, 0x92, 0x7d, 0x6e, 0xa3, 0x7f, 0x96,
	0x79, 0x77, 0x74, 0x7c, 0x93, 0x7b, 0x7c, 0x79, 0x7b, 0x8e, 0xa0, 0x7f,
	0x8e, 0x5f, 0x73, 0x74, 0x7a, 0x68, 0x8b, 0x79, 0x6e, 0x7c, 0x51, 0x71,
	0x73, 0x73, 0x7d, 0x74, 0x82, 0x9a, 0x87, 0x77, 0x68, 0x7f, 0x9c, 0x89,
	0x7e, 0x77, 0xa0, 0x61, 0x73, 0x71, 0x8a, 0x78, 0x8e, 0x75, 0x6c, 0x72,
	0x72, 0x7d, 0x7a, 0x68, 0x7a, 0x79, 0x75, 0x76, 0x7b, 0x8d, 0x94, 0x7f,
	0x6e, 0x9b, 0x7a, 0x7c, 0xa1, 0x77, 0x8c, 0x81, 0x70, 0x72, 0x89, 0x73,
	0x80, 0x65, 0x79, 0x6b, 0x80, 0x8a, 0x63, 0x77, 0x63, 0x65, 0x6c, 0x6d,
	0x6f, 0x71, 0x50, 0x92, 0x7c, 0x5c, 0x95, 0x76, 0x6e, 0x51, 0x7c, 0x77,
	0x5a, 0x6b, 0x61, 0x7b, 0x60, 0x64, 0x68, 0x80, 0x8c, 0x60, 0x81, 0x70,
	0x66, 0x65, 0x6f, 0x60, 0x6e, 0x55, 0x72, 0x7e, 0x74, 0x9a, 0x6e, 0x61,
	0xae, 0x76, 0x3e, 0x7d, 0x72, 0x6b, 0x62, 0x67, 0x70, 0x79, 0x67, 0x5e,
	0x5a, 0x48, 0x7b, 0x63, 0x78, 0x70, 0x68, 0x7c, 0x68, 0x78, 0x69, 0x64,
	0x73, 0xb3, 0x82, 0x67, 0x6c, 0x95, 0x66, 0x8d, 0x51, 0x70, 0x5f, 0x5f,
	0x6c, 0x82, 0x78, 0x59, 0x9c, 0x7f, 0x84, 0x87, 0x85, 0x7e, 0x45, 0x77,
	0x4f, 0x6e, 0x7e, 0x66, 0x5d, 0x6c, 0x73, 0x72, 0x60, 0x61, 0x90, 0x65,
	0x5b, 0xa7, 0x8b, 0x6c, 0x47, 0x6c, 0x92, 0xa3, 0x86, 0x7a, 0x76, 0x56,
	0x65, 0x88, 0x6e, 0x8d, 0x6f, 0x74, 0x84, 0x76, 0x96, 0x8a, 0x64, 0x80,
	0x71, 0x6b, 0x7b, 0x6c, 0x8a, 0x79, 0x9b, 0x63, 0x7b, 0x77, 0x8b, 0x73,
	0x80, 0x66, 0x6c, 0x86, 0x8e, 0xa1, 0x7c, 0x6c, 0x58, 0x8b, 0x90, 0x7d,
	0x7d, 0x7c, 0x72, 0x8b, 0x76, 0x69, 0x7a, 0x8d, 0x7a, 0x69, 0x9e, 0x74,
	0x56, 0x74, 0xb0, 0x65, 0x85, 0x5c, 0x74, 0x97, 0x84, 0x9d, 0x94, 0x8a,
	0x7a, 0x80, 0x6d, 0x90, 0x7a, 0x7e, 0x78, 0x7c, 0x97, 0x5d, 0x5d, 0x66,
	0x7c, 0x5d, 0x7b, 0x92, 0x7d, 0x6f, 0x7e, 0x8b, 0x9e, 0x58, 0x7d, 0x68,
	0x83, 0x72, 0x67, 0x89, 0x57, 0x7c, 0x86, 0x6d, 0x97, 0x82, 0x7f, 0x77,
	0x83, 0x79, 0x7e, 0x66, 0x8d, 0x78, 0x87, 0x88, 0x68, 0x6a, 0x7a, 0x7d,
	0x98, 0x88, 0x66, 0x5e, 0x7b, 0x95, 0x69, 0x74, 0x83, 0x79, 0x8c, 0x72,
	0x79, 0x82, 0x7f, 0x77, 0x7c, 0x8f, 0x88, 0x7b, 0x8a, 0x74, 0x83, 0x8d,
	0x84, 0x65, 0x89, 0x7e, 0x75, 0x7b, 0x73, 0x67, 0x74, 0x7d, 0x60, 0x7f,
	0x5e, 0x79, 0x72, 0x6f, 0x86, 0x74, 0x69, 0x6d, 0x66, 0x88, 0x92, 0x7e,
	0x38, 0x7b, 0x73, 0x4d, 0x7b, 0x52, 0x81, 0x7d, 0x70, 0x75, 0x96, 0x59,
	0x54, 0x85, 0x72, 0x7b, 0x6f, 0x53, 0x94, 0x58, 0x70, 0x77, 0x76, 0x7c,
	0x61, 0x90, 0x6e, 0x70, 0x8e, 0x78, 0x59, 0x79, 0x61, 0x82, 0x81, 0x8b,
	0x94, 0x7a, 0x77, 0x76, 0x6d, 0x87, 0x9d, 0x75, 0x81, 0x5f, 0x7d, 0x89,
	0x87, 0x67, 0x7e, 0x7d, 0x6b, 0x97, 0x55, 0x76, 0x6c, 0x79, 0x74, 0x77,
	0x8d, 0x67, 0x84, 0x85, 0x7c, 0x6a, 0x74, 0x45, 0x68, 0x83, 0x8a, 0x6d,
	0x9e, 0x6d, 0x53, 0x8b, 0x74, 0x6e, 0x94, 0x7d, 0x71, 0x7e, 0x73, 0x6f,
	0x86, 0x87, 0x78, 0x76, 0x67, 0x7f, 0x90, 0x74, 0x60, 0x6e, 0x6b, 0x66,
	0x71, 0x87, 0x79, 0x5e, 0x7d, 0xa1, 0x75, 0x76, 0x56, 0x7c, 0x65, 0x7d,
	0x81, 0x86, 0x74, 0x6a, 0x79, 0x7f, 0x67, 0x66, 0x79, 0x87, 0x70, 0x5e,
	0x8e, 0x61, 0x91, 0x6e, 0x76, 0x85, 0x77, 0x78, 0x73, 0x80, 0x74, 0x7c,
	0x79, 0x7a, 0x84, 0x87, 0x69, 0x8d, 0x7f, 0x90, 0x6b, 0x6c, 0x83, 0x8b,
	0x7d, 0x71, 0x8f, 0x7e, 0x60, 0x73, 0x6d, 0x6d, 0x8e, 0x72, 0x75, 0x78,
	0x7e, 0x6a, 0x7d, 0x7b, 0x6f, 0x97, 0x7c, 0x6d, 0x73, 0x7c, 0x77, 0x7b,
	0x95, 0x91, 0x7c, 0x8e, 0x85, 0x88, 0x6c, 0x75, 0x92, 0x52, 0x77, 0x63,
	0x7d, 0x51, 0x5c, 0x83, 0x76, 0x87, 0x7c, 0x90, 0x66, 0x72, 0x7b, 0x84,
	0x77, 0x92, 0x62, 0x87, 0x7d, 0x71, 0x6e, 0x86, 0x81, 0x88, 0x70, 0x72,
	0x6b, 0x74, 0x95, 0x56, 0x7e, 0x74, 0x56, 0x7d, 0x78, 0x85, 0x6f, 0x72,
	0x6f, 0x79, 0x8a, 0x7a, 0x7c, 0x78, 0x82, 0x79, 0x72, 0x8a, 0x81, 0x8a,
	0x73, 0x94, 0x82, 0x78, 0x70, 0x6d, 0x72, 0x75, 0x81, 0x82, 0x76, 0x68,
	0x7a, 0x78, 0x5f, 0x84, 0x52, 0x7d, 0x8f, 0x73, 0x7a, 0x7f, 0x66, 0x64,
	0x74, 0x71, 0x6c, 0x6a, 0x7e, 0x76, 0x6b, 0x4f, 0x75, 0x85, 0x93, 0x5c,
	0x84, 0x6c, 0x78, 0x76, 0x55, 0x78, 0x67, 0x5f, 0x91, 0x63, 0x73, 0x6a,
	0x83, 0x5b, 0x85, 0x80, 0x67, 0x81, 0x6c, 0x79, 0x6a, 0x80, 0x5c, 0x7c,
	0x8f, 0x74, 0x7f, 0x66, 0x89, 0x84, 0x73, 0x70, 0x77, 0x88, 0x85, 0x81,
	0x57, 0x84, 0x69, 0x7a, 0x64, 0x5f, 0x77, 0x90, 0x8b, 0x69, 0x58, 0x82,
	0x69, 0x38, 0x62, 0x6d, 0x7f, 0x6c, 0x6f, 0x8e, 0x6e, 0x82, 0x83, 0x4a,
	0x62, 0x8a, 0x80, 0x64, 0x8e, 0x5a, 0x71, 0x6f, 0x97, 0x7e, 0x77, 0x84,
	0x90, 0x91, 0x63, 0x6f, 0xa5, 0x56, 0x8a, 0x5c, 0x69, 0x8b, 0x9c, 0x8d,
	0x57, 0x9e, 0x67, 0x57, 0x86, 0x6a, 0x5d, 0x86, 0x8c, 0x6f, 0x80, 0x82,
	0x68, 0x80, 0x7f, 0x79, 0x6a, 0x6b, 0x6a, 0x8f, 0x7e, 0x79, 0x88, 0x62,
	0x71, 0x8d, 0x78, 0x7c, 0x70, 0x77, 0x83, 0x80, 0x75, 0x62, 0x6f, 0x70,
	0x82, 0x90, 0x66, 0x63, 0x7b, 0x6b, 0x74, 0x69, 0x85, 0x7b, 0x5d, 0x6d,
	0x73, 0x6f, 0x80, 0x6a, 0x87, 0x7b, 0x7e, 0x65, 0x67, 0x6f, 0x7d, 0x8a,
	0x7d, 0x86, 0x87, 0x8d, 0x76, 0x89, 0x7c, 0x84, 0x5d, 0x93, 0x6e, 0x81,
	0x7b, 0x7b, 0x74, 0x74, 0x8a, 0x84, 0x5d, 0x99, 0x7b, 0x78, 0x8c, 0xa4,
	0x6a, 0x82, 0x72, 0x6f, 0x6a, 0x73, 0x6e, 0x7e, 0x76, 0x77, 0x83, 0x7e,
	0x5a, 0x7f, 0x7a, 0x77, 0x83, 0x77, 0x6f, 0x59, 0x74, 0x87, 0x80, 0x8d,
	0x78, 0x6e, 0x6c, 0x72, 0x5f, 0x69, 0x81, 0x78, 0x86, 0x79, 0x7d, 0x78,
	0x9d, 0x76, 0x75, 0x72, 0x89, 0x66, 0x7b, 0x67, 0x6a, 0x88, 0x70, 0x94,
	0x6f, 0x83, 0x83, 0x9a, 0x8b, 0x7f, 0x57, 0x74, 0x6d, 0x6b, 0x73, 0x73,
	0x75, 0x86, 0x72, 0x68, 0x87, 0x75, 0x77, 0x68, 0x5d, 0x78, 0x70, 0x7c,
	0x55, 0x71, 0x83, 0x6f, 0x85, 0x74, 0x73, 0x7e, 0x70, 0x82, 0x82, 0x99,
	0x62, 0x6b, 0x80, 0x7a, 0x84, 0x85, 0x75, 0x86, 0x7f, 0x8a, 0x92, 0x72,
	0x76, 0x76, 0x7b, 0x6f, 0x61, 0x56, 0x91, 0x5a, 0x7d, 0x7a, 0x81, 0x63,
	0x76, 0x85, 0x78, 0x81, 0x68, 0x7e, 0x68, 0x6f, 0x6d, 0x6e, 0x7a, 0x7c,
	0x87, 0x57, 0x7e, 0x80, 0x79, 0x68, 0x6b, 0x7e, 0x59, 0x8a, 0x7e, 0x6c,
	0x8e, 0x77, 0x83, 0x80, 0x7d, 0xa2, 0x68, 0x8e, 0x5e, 0x6c, 0x74, 0x81,
	0x67, 0x84, 0x6f, 0x7b, 0x84, 0x79, 0x6f, 0x75, 0x76, 0x8f, 0x66, 0x74,
	0x7a, 0x50, 0x7a, 0x6d, 0x82, 0x6e, 0x74, 0x81, 0x5b, 0x86, 0x72, 0x7e,
	0x96, 0x7d, 0x9a, 0x5f, 0x6d, 0x67, 0x73, 0x85, 0x7f, 0x7b, 0x68, 0x74,
	0x8e, 0x7f, 0x95, 0x6c, 0x8c, 0x70, 0x66, 0x71, 0x82, 0x7a, 0x69, 0x5b,
	0x67, 0x81, 0x76, 0x60, 0x7a, 0x9a, 0x6c, 0x5e, 0x63, 0x96, 0x6d, 0x81,
	0x6d, 0x87, 0x89, 0x72, 0xa0, 0x74, 0x8e, 0x7b, 0x6c, 0x86, 0x84, 0x95,
	0x77, 0x7d, 0x90, 0x88, 0x82, 0x8f, 0x8d, 0x61, 0x69, 0x65, 0x92, 0x86,
	0x5b, 0x6a, 0x87, 0x68, 0x7d, 0x5f, 0x6f, 0x78, 0x6f, 0x9f, 0x7e, 0x88,
	0x65, 0x71, 0x8b, 0x72, 0x66, 0x90, 0x78, 0x84, 0x80, 0x63, 0x7d, 0x85,
	0x73, 0x59, 0x64, 0x62, 0x87, 0x7d, 0x84, 0x5e, 0x86, 0xa6, 0x6a, 0x86,
	0x96, 0x59, 0x66, 0x94, 0x60, 0x7d, 0x8e, 0x84, 0x96, 0x89, 0x62, 0x8a,
	0x5b, 0x80, 0x76, 0x83, 0x6f, 0x78, 0x90, 0x87, 0x7f, 0x84, 0x85, 0x51,
	0x7d, 0x70, 0x7f, 0x6d, 0x63, 0x60, 0x68, 0x6c, 0x64, 0x6f, 0x93, 0x69,
	0x81, 0x98, 0x8d, 0x78, 0x7e, 0x82, 0x79, 0x6c, 0x7e, 0x77, 0x89, 0x83,
	0x79, 0x63, 0x68, 0x6f, 0x78, 0x93, 0x71, 0x71, 0x74, 0x85, 0x5c, 0x4e,
	0x31, 0x79, 0x72, 0x65, 0x9b, 0x7d, 0x6d, 0x7e, 0x64, 0x73, 0x88, 0x64,
	0x6d, 0x7b, 0x6f, 0x60, 0x6a, 0x5f, 0x63, 0x70, 0x67, 0x7e, 0x77, 0x72,
	0x42, 0x79, 0x68, 0x59, 0x64, 0x4a, 0x74, 0x57, 0x7e, 0x68, 0x7c, 0x8b,
	0x6a, 0x90, 0x94, 0x78, 0x51, 0x84, 0x62, 0x71, 0x66, 0x80, 0x8e, 0x63,
	0x7b, 0x78, 0x5c, 0x82, 0x71, 0x5d, 0x87, 0x7c, 0x66, 0x92, 0x71, 0x76,
	0x70, 0x5d, 0x81, 0x8b, 0x76, 0x7d, 0x6b, 0x72, 0x60, 0x7f, 0x71, 0x59,
	0x61, 0x60, 0x71, 0x75, 0x6e, 0x62, 0x89, 0x33, 0x67, 0x97, 0x85, 0x66,
	0x81, 0x88, 0x6a, 0x7f, 0x8b, 0x5f, 0x9b, 0x7a, 0x82, 0x97, 0x79, 0x7c,
	0x8b, 0x60, 0x88, 0x6c, 0x90, 0x80, 0x80, 0x7a, 0x6c, 0x79, 0x46, 0x5f,
	0x78, 0x53, 0x78, 0x6b, 0x74, 0x64, 0x7a, 0x56, 0x38, 0x8b, 0x69, 0x74,
	0x79, 0x75, 0x75, 0x84, 0x72, 0x70, 0x71, 0x6d, 0x85, 0x85, 0x7b, 0x4a,
	0x8a, 0x77, 0x8f, 0x6e, 0x6c, 0x7d, 0x72, 0x6e, 0x79, 0x87, 0x72, 0x69,
	0x6a, 0x7b, 0x83, 0x75, 0x64, 0x88, 0x66, 0x7b, 0x68, 0x84, 0x8c, 0x52,
	0x6b, 0x58, 0x72, 0x71, 0x4d, 0x7d, 0x73, 0x52, 0x7c, 0x8b, 0x63, 0x95,
	0x97, 0x73, 0x74, 0x77, 0x70, 0x83, 0x77, 0x86, 0x8d, 0x7c, 0x87, 0x73,
	0x85, 0x7f, 0x7c, 0x89, 0x74, 0x7f, 0x73, 0x78, 0x85, 0x7b, 0x7d, 0x6e,
	0x71, 0x8a, 0x7b, 0x75, 0x6a, 0x81, 0x6f, 0x8b, 0x76, 0x6d, 0x62, 0x72,
	0x74, 0x7d, 0x73, 0x60, 0x49, 0x8b, 0x77, 0x73, 0x75, 0x68, 0x6b, 0x71,
	0x60, 0x61, 0x83, 0x88, 0x7d, 0x87, 0x96, 0x67, 0x77, 0x8a, 0x8a, 0x6e,
	0x7c, 0x73, 0xa4, 0x76, 0x77, 0x78, 0x7f, 0x70, 0x7f, 0x76, 0x7b, 0x93,
	0x80, 0x7e, 0x81, 0x6d, 0x72, 0x91, 0x7e, 0x73, 0x82, 0x8b, 0x75, 0x71,
	0x6f, 0x71, 0x57, 0x67, 0x47, 0x87, 0x9e, 0x6a, 0x59, 0x77, 0x80, 0x93,
	0x88, 0x84, 0x8a, 0x92, 0x80, 0x64, 0x8a, 0x7e, 0x8a, 0x7b, 0x7e, 0x83,
	0x71, 0x91, 0x75, 0x89, 0x6c, 0x73, 0x72, 0x7f, 0x8f, 0x7b, 0x87, 0x8b,
	0x82, 0x87, 0x7a, 0x6b, 0x4a, 0x7a, 0x83, 0x71, 0x41, 0x93, 0x6a, 0x83,
	0x51, 0x69, 0x76, 0x81, 0x6e, 0x6a, 0x83, 0x5c, 0x99, 0x73, 0x76, 0x7c,
	0x68, 0x74, 0x6b, 0x81, 0x65, 0x7a, 0x7d, 0x52, 0x68, 0x86, 0x4f, 0x79,
	0x58, 0x6f, 0x6e, 0x76, 0x74, 0x7c, 0x75, 0x69, 0x40, 0x48, 0x84, 0x7b,
	0x84, 0x75, 0x71, 0x5d, 0x8d, 0x85, 0x6c, 0x89, 0x5b, 0x8e, 0x80, 0x8c,
	0x78, 0x76, 0x7e, 0x77, 0x50, 0x91, 0x4a, 0x83, 0x5f, 0x7e, 0x8f, 0x64,
	0x82, 0x8b, 0x6e, 0x9c, 0x85, 0x87, 0x84, 0xb5, 0x78, 0x8c, 0x85, 0x83,
	0x52, 0x8d, 0x79, 0x6a, 0x87, 0x7d, 0x69, 0x8a, 0x62, 0x70, 0x69, 0x5b,
	0x7a, 0x91, 0x6a, 0x8d, 0x51, 0x8c, 0x71, 0x6b, 0x71, 0x7a, 0x83, 0x6c,
	0x5c, 0x58, 0x6b, 0x82, 0x61, 0x8d, 0x89, 0x5e, 0x6e, 0x80, 0x9c, 0x80,
	0x6b, 0x90, 0x91, 0x7f, 0x72, 0x85, 0x73, 0x7b, 0x6c, 0x7b, 0x59, 0x56,
	0x96, 0x92, 0x85, 0x60, 0x98, 0x6b, 0x6c, 0x6a, 0x5b, 0x74, 0x78, 0x5e,
	0x92, 0x7a, 0x85, 0x7c, 0x8d, 0x77, 0x70, 0x8d, 0x73, 0x80, 0x7f, 0x6d,
	0x76, 0x89, 0x83, 0x85, 0x7d, 0x74, 0x97, 0x73, 0x7b, 0x77, 0x6a, 0x88,
	0x7d, 0x7a, 0x7a, 0x5d, 0x80, 0x84, 0x9e, 0x7d, 0x47, 0x7e, 0x77, 0x5d,
	0x6b, 0x81, 0x82, 0x6b, 0x8a, 0x68, 0x8c, 0x82, 0x69, 0x71, 0x9e, 0x72,
	0x8a, 0x8f, 0x83, 0x49, 0x78, 0x83, 0x77, 0x79, 0x7e, 0x66, 0x76, 0x78,
	0x84, 0x83, 0x6b, 0x7a, 0x6e, 0x46, 0x81, 0x70, 0x6c, 0x73, 0x90, 0x72,
	0x88, 0x85, 0x81, 0x83, 0x6d, 0x73, 0x55, 0x4c, 0x49, 0x98, 0x74, 0x70,
	0x89, 0x85, 0x78, 0x7f, 0x72, 0x63, 0x6a, 0x9c, 0x63, 0x7d, 0x8e, 0x78,
	0x7b, 0x7b, 0x84, 0x8d, 0x6f, 0x66, 0x8c, 0x63, 0x5b, 0x7b, 0x67, 0x8e,
	0x81, 0x99, 0x7a, 0x88, 0x59, 0x7c, 0x55, 0x82, 0x55, 0x75, 0x74, 0x7d,
	0x77, 0x73, 0x5e, 0x73, 0x7e, 0x72, 0x80, 0x8e, 0x8e, 0x92, 0x71, 0x5d,
	0x72, 0x71, 0x8c, 0x5a, 0x48, 0x75, 0x67, 0x8c, 0x6e, 0x71, 0x69, 0x81,
	0x8a, 0x7d, 0x65, 0x6e, 0x61, 0x8e, 0x80, 0x76, 0x93, 0x63, 0x81, 0x6a,
	0x58, 0x70, 0x72, 0x82, 0x87, 0x79, 0x43, 0x7a, 0x8f, 0x65, 0x76, 0x99,
	0x66, 0x79, 0x78, 0x8c, 0x8b, 0x7b, 0x92, 0x5f, 0x75, 0xa3, 0x3f, 0x6c,
	0x89, 0x89, 0x76, 0x80, 0x7b, 0x90, 0x76, 0x57, 0x74, 0x77, 0x5f, 0x56,
	0x98, 0x83, 0x79, 0xa1, 0x63, 0x9b, 0x6f, 0x90, 0x8b, 0x8c, 0x7e, 0x60,
	0x73, 0x5e, 0x6b, 0x6a, 0x7f, 0x93, 0x89, 0x7c, 0x5f, 0x8b, 0x7d, 0x74,
	0x62, 0x60, 0x8f, 0x90, 0x8f, 0x94, 0x62, 0x80, 0x5d, 0x70, 0x78, 0x7c,
	0x88, 0x8f, 0x7f, 0x84, 0x71, 0x81, 0x92, 0x78, 0x8d, 0x64, 0x6c, 0x88,
	0x77, 0x6b, 0x7d, 0x63, 0x78, 0x47, 0x5b, 0x8b, 0x84, 0x7b, 0x88, 0x88,
	0x8a, 0x82, 0x97, 0x96, 0x7f, 0x78, 0x6f, 0x79, 0x82, 0x75, 0x74, 0x71,
	0x69, 0x96, 0x8f, 0x7e, 0x86, 0x6b, 0x77, 0x66, 0x89, 0x5f, 0x7c, 0x7d,
	0x76, 0x65, 0x6e, 0x8d, 0x7a, 0x76, 0x69, 0x84, 0x7a, 0x8c, 0x79, 0x7e,
	0x59, 0x87, 0x72, 0x95, 0x57, 0x88, 0x76, 0x81, 0x7a, 0x6b, 0x7e, 0x5f,
	0x75, 0x7b, 0x80, 0x85, 0x7c, 0x89, 0x70, 0x6a, 0x83, 0x74, 0x6b, 0x67,
	0x78, 0x7d, 0x7f, 0xa3, 0x8a, 0x84, 0x7f, 0x88, 0x9a, 0x5b, 0x9c, 0x86,
	0x5d, 0x6b, 0x83, 0x87, 0x78, 0x74, 0x84, 0x8c, 0xa1, 0x7e, 0x54, 0x73,
	0x83, 0x7f, 0x62, 0x6f, 0x58, 0x76, 0x70, 0x98, 0x61, 0x6f, 0x61, 0x72,
	0x7b, 0x84, 0x6f, 0x5a, 0x4e, 0x69, 0x5e, 0x66, 0x6f, 0x62, 0x6d, 0x66,
	0x76, 0x87, 0x72, 0x91, 0x86, 0x77, 0x7d, 0x82, 0x65, 0x79, 0x8e, 0x65,
	0x58, 0x94, 0x70, 0x72, 0x5d, 0x66, 0x5d, 0x89, 0x6f, 0x8b, 0x52, 0x88,
	0x94, 0x65, 0x60, 0x81, 0x81, 0x6e, 0x85, 0x80, 0x70, 0x71, 0x79, 0x67,
	0x84, 0x6e, 0x84, 0x50, 0x9c, 0x85, 0x50, 0x8f, 0x69, 0x4d, 0x75, 0x67,
	0x76, 0x8c, 0x4c, 0x95, 0x6a, 0x89, 0x78, 0x62, 0x83, 0x8b, 0x67, 0x56,
	0x6c, 0x8a, 0x8e, 0x8c, 0x66, 0xbc, 0x89, 0x5f, 0x7d, 0x67, 0x71, 0x83,
	0x5c, 0xa4, 0x7d, 0x87, 0x7a, 0x85, 0xaf, 0x7a, 0x62, 0x5d, 0x3e, 0x64,
	0x80, 0x88, 0x69, 0x61, 0x83, 0x76, 0x81, 0x5e, 0x77, 0x66, 0x7f, 0x7a,
	0x88, 0x81, 0x70, 0x80, 0x5a, 0x5d, 0x84, 0x8b, 0x78, 0x74, 0xa4, 0x6e,
	0x82, 0x7e, 0x7c, 0x75, 0x6f, 0x86, 0x75, 0xa6, 0x77, 0x65, 0x6f, 0x78,
	0x73, 0x73, 0x74, 0x73, 0x99, 0xa4, 0x97, 0x7f, 0x75, 0x78, 0xa2, 0x94,
	0x86, 0x68, 0x7c, 0x75, 0x65, 0x80, 0x78, 0x66, 0x83, 0x6f, 0x76, 0x7e,
	0x8f, 0x75, 0x84, 0x7e, 0x80, 0x8a, 0x93, 0x65, 0x8c, 0x74, 0x74, 0x75,
	0x6c, 0x7f, 0x62, 0x7f, 0x56, 0x8f, 0x8c, 0x78, 0x7a, 0x7e, 0x79, 0x85,
	0x68, 0x73, 0x74, 0x6b, 0x6b, 0x8b, 0x6f, 0x76, 0x67, 0x87, 0x74, 0x66,
	0x80, 0x88, 0x79, 0x91, 0x74, 0x8e, 0x89, 0x5f, 0x97, 0x76, 0x8c, 0x70,
	0x70, 0x71, 0x69, 0x8c, 0x6b, 0x7d, 0x71, 0x6f, 0x8f, 0x9b, 0x85, 0x65,
	0x75, 0x7d, 0x7e, 0x73, 0x6e, 0x83, 0x86, 0x9b, 0x84, 0x50, 0x8e, 0x7c,
	0x83, 0x7e, 0x70, 0x6b, 0x79, 0x84, 0x8a, 0x85, 0x6a, 0x86, 0xaa, 0x5c,
	0x96, 0x8b, 0x6f, 0x5f, 0x66, 0x8a, 0x85, 0x5f, 0x6c, 0x68, 0x7d, 0x65,
	0x5c, 0x8b, 0x7e, 0x7b, 0x6e, 0x7c, 0x74, 0x69, 0x8b, 0x70, 0x7e, 0x74,
	0x69, 0x7d, 0x86, 0x75, 0x6f, 0x94, 0x61, 0x76, 0x73, 0x8b, 0x86, 0x78,
	0x83, 0x68, 0x5d, 0x7b, 0x71, 0x8d, 0x6f, 0x6e, 0x72, 0x78, 0x79, 0x76,
	0x49, 0x39, 0x6d, 0x83, 0x70, 0x77, 0x72, 0x8c, 0x6c, 0x7a, 0x95, 0x9b,
	0x9b, 0x79, 0x7e, 0x66, 0x69, 0x6d, 0x6b, 0x57, 0x72, 0x8a, 0x71, 0x7b,
	0x52, 0x88, 0x60, 0x79, 0x6a, 0x56, 0x8e, 0x77, 0x74, 0x60, 0x6b, 0x5c,
	0x67, 0x66, 0x66, 0x6f, 0x62, 0x78, 0x68, 0x7c, 0x7d, 0x73, 0x97, 0x87,
	0x72, 0x8a, 0x5b, 0x7e, 0x67, 0x6d, 0x7f, 0x66, 0x77, 0x87, 0x5b, 0x8c,
	0x6a, 0x83, 0x50, 0x70, 0x65, 0x73, 0x6a, 0x57, 0x6e, 0x7b, 0x87, 0xa2,
	0x90, 0x56, 0x80, 0x68, 0x60, 0x7a, 0x88, 0x6e, 0x83, 0x64, 0x7b, 0x82,
	0x7d, 0x88, 0x53, 0x70, 0x64, 0x72, 0x89, 0x46, 0x82, 0x86, 0x6e, 0x6b,
	0x56, 0x6f, 0x7c, 0x81, 0x65, 0x88, 0x83, 0x8f, 0x71, 0x69, 0x80, 0x74,
	0x81, 0x8a, 0x6d, 0x7a, 0x7f, 0x7d, 0x92, 0x70, 0x6c, 0x83, 0x63, 0x7f,
	0x76, 0x77, 0x7f, 0x75, 0x8f, 0x72, 0x8a, 0x87, 0x7e, 0x5d, 0x7d, 0x8a,
	0x7f, 0x80, 0x88, 0x78, 0x67, 0x64, 0x76, 0xae, 0x9c, 0x6a, 0x91, 0x6f,
	0x82, 0x76, 0x87, 0x73, 0x83, 0x70, 0x80, 0x75, 0x7e, 0x8b, 0x79, 0x84,
	0x7e, 0x7c, 0x90, 0x62, 0x6d, 0x6f, 0x62, 0x80, 0x71, 0x7d, 0x79, 0x5e,
	0x64, 0x6e, 0x78, 0x7b, 0x92, 0x75, 0x88, 0x7a, 0x7c, 0x6e, 0x78, 0x78,
	0x7b, 0x4b, 0x7b, 0x2d, 0x79, 0x71, 0xa6, 0x83, 0x8f, 0x7f, 0xa2, 0x7f,
	0x7f, 0x73, 0x80, 0x84, 0x83, 0x88, 0x76, 0x79, 0x8d, 0x7b, 0x6f, 0x7f,
	0x85, 0x83, 0x7e, 0x7c, 0x7b, 0x7e, 0x5a, 0x74, 0x81, 0x83, 0x73, 0x7d,
	0x8b, 0x75, 0x80, 0x87, 0x7b, 0x7f, 0x6d, 0x91, 0x79, 0x74, 0x7c, 0x79,
	0x7f, 0x92, 0x7f, 0x87, 0x77, 0x67, 0x82, 0x72, 0x80, 0x87, 0x7c, 0x83,
	0x76, 0x66, 0x66, 0x7d, 0x81, 0x84, 0x5b, 0x77, 0x79, 0x7c, 0x7a, 0x84,
	0x72, 0x7f, 0x6e, 0x62, 0x7c, 0x73, 0x87, 0x7f, 0x8a, 0x85, 0x7f, 0x7f,
	0x78, 0x85, 0x80, 0x7b, 0x7b, 0x7a, 0x3f, 0x84, 0x70, 0x6e, 0x6a, 0x72,
	0x8c, 0x7e, 0x6c, 0x6f, 0x6b, 0x89, 0x75, 0x73, 0xa5, 0x80, 0x7b, 0x87,
	0x60, 0x5f, 0x78, 0x72, 0x7f, 0x77, 0x5f, 0x60, 0x81, 0x65, 0x64, 0x7f,
	0x7f, 0x82, 0x93, 0x97, 0x6e, 0x66, 0x81, 0x7d, 0x78, 0x7f, 0x74, 0x7c,
	0x5e, 0x82, 0x87, 0x80, 0x75, 0x85, 0x75, 0x81, 0x82, 0x85, 0x6b, 0x83,
	0x77, 0x7d, 0x7a, 0x74, 0x93, 0x5d, 0x7f, 0x69, 0x85, 0x8a, 0x67, 0x72,
	0x8f, 0x6b, 0x8f, 0x64, 0x76, 0x85, 0x76, 0x4e, 0x5d, 0x80, 0x77, 0x8f,
	0x60, 0x70, 0x6d, 0x73, 0x6b, 0x72, 0x6f, 0x6b, 0x54, 0x82, 0x7a, 0x6d,
	0x6c, 0x83, 0x86, 0x5b, 0x81, 0x84, 0x7f, 0x71, 0x89, 0x7a, 0x7d, 0x8b,
	0x81, 0x74, 0x6e, 0x4d, 0x85, 0x5a, 0x55, 0x76, 0x77, 0x78, 0x69, 0x6d,
	0x5f, 0x7f, 0x7d, 0x87, 0x6d, 0x74, 0x60, 0x5f, 0x6a, 0x7e, 0x56, 0x8d,
	0x73, 0x83, 0x9e, 0x77, 0x86, 0x65, 0x64, 0x69, 0x6c, 0x80, 0x92, 0x71,
	0x82, 0x6d, 0x97, 0xa1, 0x82, 0x63, 0x83, 0x7c, 0x72, 0x85, 0x8d, 0x78,
	0x85, 0x79, 0x7b, 0x7e, 0x80, 0x7b, 0x88, 0x8e, 0x93, 0x62, 0x76, 0x73,
	0x8f, 0x60, 0x57, 0x81, 0x6e, 0x77, 0x7f, 0x52, 0x84, 0x74, 0x76, 0x51,
	0x5f, 0x8e, 0x95, 0x82, 0x77, 0x82, 0x7d, 0x85, 0x6f, 0x79, 0x7b, 0x7e,
	0x71, 0x6c, 0x79, 0x5a, 0x9c, 0x8a, 0x7e, 0x80, 0x73, 0x6e, 0x62, 0x84,
	0x86, 0x86, 0x7a, 0x6f, 0x88, 0x73, 0x7b, 0x8d, 0x72, 0x65, 0x69, 0x61,
	0x4f, 0x89, 0x4a, 0x69, 0x83, 0x7e, 0x70, 0x7c, 0x7a, 0x7e, 0x8f, 0x98,
	0x82, 0x8d, 0x75, 0x85, 0x84, 0x5b, 0x73, 0x83, 0x6d, 0x8b, 0x61, 0x7e,
	0x79, 0x6d, 0x6e, 0x79, 0x6e, 0x7c, 0x38, 0x8a, 0x62, 0x78, 0x8c, 0xa8,
	0x7d, 0x69, 0x7d, 0x75, 0x7c, 0x69, 0x7b, 0x5e, 0x67, 0x6d, 0x7e, 0x66,
	0x78, 0x77, 0x8e, 0x8c, 0x72, 0x84, 0x9a, 0x75, 0x7e, 0x6a, 0x7a, 0x72,
	0xac, 0x6b, 0x5e, 0x8e, 0x6a, 0x59, 0x7f, 0x8d, 0x77, 0x72, 0x62, 0x92,
	0x7e, 0x66, 0x70, 0x89, 0x6c, 0x51, 0x83, 0x81, 0x72, 0x67, 0x95, 0x7d,
	0x85, 0x5d, 0x8a, 0x84, 0x93, 0x6c, 0x67, 0x70, 0x77, 0x68, 0x6e, 0x5a,
	0x82, 0x78, 0x60, 0x79, 0x86, 0x67, 0x70, 0x68, 0x6f, 0x8d, 0x96, 0x79,
	0x9e, 0x8d, 0x82, 0x91, 0x75, 0x72, 0x77, 0x71, 0x81, 0x85, 0x94, 0x43,
	0x8b, 0x8a, 0x5f, 0x88, 0x7a, 0x8c, 0x6b, 0x6b, 0x7c, 0x79, 0xb4, 0x6f,
	0x5d, 0x7e, 0x86, 0x7b, 0x76, 0x8a, 0x7e, 0x87, 0x77, 0x83, 0x86, 0x8d,
	0x96, 0x76, 0x85, 0x74, 0x74, 0x5d, 0x7f, 0x67, 0x89, 0x6a, 0x7e, 0x8d,
	0x8a, 0x7f, 0x80, 0x7d, 0x6d, 0x81, 0x8e, 0x7f, 0x8d, 0x82, 0x84, 0x77,
	0x7e, 0x7b, 0x6a, 0x6c, 0x84, 0x7c, 0x78, 0x6c, 0x6c, 0x86, 0x83, 0x78,
	0x7c, 0x70, 0x6e, 0x74, 0x81, 0x7c, 0x6e, 0x8a, 0x90, 0x7d, 0x6b, 0x71,
	0x72, 0x86, 0x72, 0x96, 0x78, 0x6f, 0x96, 0x5e, 0x80, 0x75, 0x72, 0x72,
	0x7f, 0x65, 0x61, 0x79, 0x5e, 0x92, 0xa2, 0x88, 0x7e, 0x8f, 0x7f, 0x7a,
	0x7e, 0x7c, 0x7d, 0x70, 0x6f, 0x6f, 0x70, 0x78, 0x81, 0x56, 0x74, 0x73,
	0x64, 0x83, 0x6e, 0x80, 0x72, 0x8e, 0x84, 0x69, 0x83, 0x85, 0x8d, 0x61,
	0x7a, 0x90, 0x7d, 0x54, 0x60, 0x6a, 0x7d, 0x57, 0x61, 0x6d, 0x6e, 0x75,
	0x8a, 0x7e, 0x86, 0x97, 0x75, 0x8c, 0x8b, 0x5a, 0x85, 0x65, 0x6b, 0x82,
	0x70, 0x76, 0x62, 0x82, 0x7f, 0x7b, 0x86, 0x74, 0x9f, 0x67, 0x91, 0x76,
	0x6e, 0x58, 0x62, 0x79, 0x7c, 0x66, 0x57, 0x78, 0x6e, 0x7c, 0x7f, 0x63,
	0x61, 0x9c, 0x73, 0x6e, 0x84, 0xa1, 0x7b, 0x91, 0x77, 0x71, 0x77, 0x7b,
	0x80, 0x81, 0x84, 0x69, 0x7d, 0x75, 0x77, 0x66, 0x7e, 0x89, 0x98, 0x80,
	0x6e, 0x88, 0x71, 0x7c, 0x8d, 0x87, 0x81, 0x96, 0x54, 0x6a, 0x73, 0x6a,
	0x98, 0x89, 0x73, 0x52, 0x6e, 0x79, 0x8b, 0x8d, 0x75, 0x70, 0x7f, 0x72,
	0x8c, 0x6f, 0x69, 0x68, 0x5a, 0x69, 0x58, 0x77, 0x64, 0x99, 0x6a, 0x84,
	0x6a, 0x99, 0x5d, 0x7a, 0x63, 0x69, 0x72, 0x75, 0x89, 0x6d, 0x6d, 0x77,
	0x59, 0x6b, 0x7e, 0x86, 0x81, 0x67, 0x79, 0x91, 0x68, 0x5f, 0x64, 0x6b,
	0x7d, 0x83, 0x84, 0x52, 0x87, 0x7b, 0x6d, 0x87, 0x67, 0x71, 0x62, 0x88,
	0x82, 0x87, 0x65, 0x81, 0x5d, 0x7d, 0x77, 0x89, 0x71, 0x80, 0x80, 0x7e,
	0x6f, 0x76, 0x78, 0x67, 0x8c, 0x8b, 0x89, 0x71, 0x86, 0x68, 0x82, 0x7f,
	0x86, 0x81, 0x84, 0x7e, 0x76, 0x86, 0x74, 0x75, 0x52, 0x6d, 0x65, 0x80,
	0x83, 0x67, 0x78, 0x83, 0x83, 0x62, 0x6a, 0x8b, 0x92, 0x79, 0x70, 0x78,
	0x6b, 0x7f, 0x5b, 0x64, 0x6f, 0x7f, 0x8f, 0x91, 0x7c, 0x77, 0x87, 0x76,
	0x79, 0x7d, 0x81, 0x66, 0x73, 0x88, 0x92, 0x6f, 0x89, 0x80, 0x69, 0x7d,
	0x80, 0x6a, 0x76, 0x75, 0x7f, 0x7b, 0x61, 0x7a, 0x66, 0x8d, 0x84, 0x79,
	0x89, 0x6d, 0x7d, 0x6c, 0x7d, 0x59, 0x78, 0x5c, 0x73, 0x7b, 0x79, 0x7b,
	0x82, 0x64, 0x76, 0x88, 0x6c, 0x84, 0x80, 0x7b, 0x58, 0x86, 0x6e, 0x69,
	0x72, 0x91, 0x88, 0x73, 0x82, 0x75, 0x6a, 0x74, 0x54, 0x86, 0x60, 0x77,
	0x73, 0x71, 0x80, 0x76, 0x73, 0x70, 0x64, 0x98, 0x85, 0x6c, 0x6e, 0x71,
	0x92, 0x71, 0x67, 0x87, 0x6b, 0x72, 0x76, 0x6e, 0x80, 0x86, 0x72, 0x8e,
	0x8e, 0x98, 0x59, 0x81, 0x56, 0x3a, 0x7e, 0x6c, 0x65, 0x59, 0x87, 0x8a,
	0x57, 0x71, 0x82, 0x6d, 0x7d, 0x6e, 0x7d, 0x82, 0x7e, 0x84, 0x7e, 0x9b,
	0x89, 0x9d, 0x75, 0x6a, 0x76, 0x6b, 0x7d, 0x6f, 0x7b, 0x7c, 0x87, 0x80,
	0x6e, 0x76, 0x76, 0x78, 0x69, 0x60, 0x81, 0x73, 0x68, 0x85, 0x69, 0x65,
	0x68, 0x85, 0x7d, 0x5f, 0x7d, 0x77, 0x54, 0x77, 0x82, 0x6b, 0x71, 0x74,
	0x71, 0x6f, 0x86, 0x6f, 0x87, 0x7c, 0x66, 0x7c, 0x71, 0x80, 0x6b, 0x72,
	0x8a, 0x8e, 0x7b, 0x7f, 0x65, 0x6d, 0x6a, 0x75, 0x7f, 0x8f, 0x92, 0x7a,
	0x82, 0x80, 0x7d, 0x6e, 0x79, 0x81, 0x6d, 0x77, 0x7c, 0x87, 0x76, 0x87,
	0x76, 0x82, 0x7b, 0x91, 0x7d, 0x8a, 0x8e, 0x7d, 0x86, 0x7d, 0x71, 0x83,
	0x80, 0x8a, 0x6d, 0x7d, 0x7d, 0x7d, 0x6a, 0x80, 0x4b, 0x78, 0x90, 0x79,
	0x77, 0x89, 0x6d, 0x82, 0x76, 0x72, 0x82, 0x82, 0x75, 0x6b, 0x6e, 0x76,
	0x54, 0x6c, 0x96, 0x58, 0x7b, 0x69, 0x6f, 0x76, 0x6b, 0x71, 0x7d, 0x7f,
	0x7a, 0x6a, 0x96, 0x7e, 0x86, 0x7c, 0x78, 0x79, 0x89, 0x67, 0x6e, 0x70,
	0x82, 0x7f, 0x85, 0x77, 0x7b, 0x6d, 0x6d, 0x70, 0x70, 0x89, 0x7e, 0x7b,
	0x98, 0x73, 0x68, 0x82, 0x80, 0x75, 0x82, 0x79, 0x7c, 0x91, 0x6c, 0x78,
	0x61, 0x88, 0x81, 0x7b, 0x7a, 0x77, 0x79, 0x6f, 0x76, 0x6f, 0x6d, 0x7c,
	0x7f, 0x84, 0x85, 0x75, 0x79, 0x7f, 0x65, 0x73, 0x85, 0x7b, 0x74, 0x74,
	0x79, 0x77, 0x86, 0x78, 0x85, 0x7c, 0x7b, 0x71, 0x6b, 0x76, 0x80, 0x7d,
	0x79, 0x7c, 0x8a, 0x70, 0x79, 0x69, 0x7a, 0x75, 0x7d, 0x63, 0x7b, 0x68,
	0x67, 0x7d, 0x76, 0x86, 0x8f, 0x64, 0x69, 0x6c, 0x6a, 0x57, 0x66, 0x72,
	0x74, 0x5a, 0x76, 0x6e, 0x6b, 0x6e, 0x9b, 0x5f, 0x76, 0x83, 0x59, 0x72,
	0x70, 0x8b, 0x64, 0x6b, 0x8c, 0x7d, 0x77, 0xa4, 0x89, 0x48, 0x6c, 0x9c,
	0x66, 0x9e, 0x6a, 0x7c, 0x69, 0x8a, 0x88, 0x72, 0x76, 0x69, 0x80, 0x5e,
	0x75, 0x75, 0x6c, 0x6f, 0x61, 0x6e, 0x6e, 0x82, 0x77, 0x76, 0x79, 0x63,
	0x7d, 0x5f, 0x71, 0x60, 0x54, 0x73, 0x83, 0x87, 0x78, 0x7c, 0xa0, 0x7e,
	0x94, 0x61, 0x6c, 0x71, 0x6e, 0x77, 0x6f, 0x71, 0x5c, 0x5e, 0x61, 0x7a,
	0x5c, 0x80, 0x74, 0x7c, 0x88, 0x55, 0x60, 0x7d, 0x77, 0x85, 0x6a, 0x94,
	0x75, 0x6b, 0x78, 0x76, 0x73, 0x8f, 0x88, 0x87, 0x72, 0x78, 0x5a, 0x77,
	0x8f, 0x80, 0x5e, 0x75, 0x76, 0x64, 0x58, 0x7f, 0x66, 0x89, 0x77, 0x6f,
	0x70, 0x6c, 0x6a, 0x79, 0x62, 0x8a, 0x83, 0x8f, 0x86, 0x94, 0x8b, 0x79,
	0x75, 0x78, 0x7e, 0x82, 0x89, 0x95, 0x69, 0x9c, 0x86, 0x7d, 0x71, 0x80,
	0x6f, 0x6a, 0x96, 0x8a, 0x87, 0x91, 0x65, 0x89, 0x84, 0x77, 0x95, 0x90,
	0x6d, 0x58, 0x77, 0x7c, 0x75, 0x78, 0x7a, 0x60, 0x83, 0x64, 0x63, 0x7c,
	0x79, 0x60, 0x85, 0x8f, 0x64, 0x6f, 0x91, 0x6b, 0x86, 0x86, 0x79, 0x78,
	0x6f, 0x6a, 0x6f, 0x77, 0x73, 0x66, 0x74, 0x8c, 0x73, 0x78, 0x6d, 0x68,
	0x71, 0x7c, 0x8a, 0x73, 0x83, 0x73, 0x60, 0x8b, 0x9a, 0x7f, 0x6c, 0x6a,
	0x78, 0x78, 0x7d, 0x8f, 0x7b, 0x7e, 0x7a, 0x73, 0x8e, 0x74, 0x74, 0x8a,
	0x71, 0x69, 0x6e, 0x6e, 0x89, 0x8b, 0x79, 0x77, 0x7b, 0x77, 0x6f, 0x78,
	0x86, 0x6c, 0x6f, 0x5e, 0x7b, 0x6c, 0x85, 0x73, 0x85, 0x70, 0x77, 0x71,
	0x8d, 0x73, 0x7d, 0x6c, 0x69, 0x94, 0x86, 0x80, 0x6f, 0x82, 0x9a, 0x54,
	0x83, 0xaa, 0x5b, 0x65, 0x6b, 0x84, 0x72, 0x7e, 0x85, 0x84, 0x85, 0x8b,
	0x65, 0x64, 0x98, 0x68, 0x67, 0x6f, 0x64, 0x84, 0x71, 0x94, 0x89, 0x53,
	0x6d, 0x88, 0x3b, 0x70, 0x89, 0x86, 0x87, 0x73, 0x61, 0x80, 0x8a, 0x75,
	0x7c, 0x47, 0x76, 0x81, 0x5f, 0x75, 0x69, 0x70, 0x86, 0x95, 0x87, 0x79,
	0x7c, 0x64, 0x94, 0x6f, 0x87, 0x98, 0x6c, 0x95, 0x65, 0x83, 0x87, 0x76,
	0x6d, 0x62, 0x76, 0x5d, 0x68, 0x88, 0x89, 0x7e, 0x60, 0x8d, 0x85, 0x64,
	0x55, 0x5d, 0x71, 0x89, 0x7c, 0x65, 0x76, 0x65, 0x76, 0x87, 0x75, 0x5d,
	0x8b, 0x6a, 0x6d, 0x6f, 0x71, 0x74, 0x78, 0x96, 0x7f, 0x4b, 0x65, 0x6b,
	0x87, 0x7c, 0x5d, 0x73, 0x63, 0x77, 0x8a, 0x6f, 0x6e, 0x81, 0x84, 0x8c,
	0x66, 0xb5, 0x49, 0x62, 0x89, 0x82, 0x62, 0x5e, 0x81, 0x60, 0x72, 0x93,
	0x7c, 0x82, 0x74, 0x7f, 0x7a, 0x93, 0x7a, 0x7a, 0x81, 0x86, 0x82, 0x71,
	0x7c, 0x80, 0x88, 0x6d, 0x5d, 0x8c, 0x7f, 0x83, 0x66, 0x74, 0x6e, 0x80,
	0x85, 0x89, 0x86, 0x83, 0x74, 0x7f, 0x7f, 0x80, 0x7a, 0x84, 0x77, 0x72,
	0x86, 0x76, 0x88, 0x74, 0x7b, 0x5f, 0x85, 0x6f, 0x7b, 0x68, 0x90, 0x79,
	0x91, 0x5f, 0x7c, 0x7f, 0x79, 0x83, 0x66, 0x87, 0x6d, 0x80, 0x93, 0x80,
	0x7d, 0x80, 0x84, 0x7b, 0x8e, 0x73, 0x71, 0x76, 0x7c, 0x81, 0x70, 0x79,
	0x7f, 0x7f, 0x84, 0x73, 0x77, 0x7e, 0x84, 0x80, 0x82, 0x72, 0x89, 0x77,
	0x73, 0x72, 0x79, 0x87, 0x84, 0x85, 0x5c, 0x7e, 0x66, 0x88, 0x87, 0x7f,
	0x90, 0x76, 0x83, 0x71, 0x81, 0x6b, 0x8e, 0x61, 0x7e, 0x78, 0x72, 0x5e,
	0x71, 0x87, 0x79, 0x5c, 0x79, 0x70, 0x76, 0x64, 0x74, 0x8b, 0x7c, 0x76,
	0x71, 0x87, 0x73, 0x77, 0x82, 0x6c, 0x71, 0x5f, 0x85, 0x74, 0x8e, 0x94,
	0x79, 0x5d, 0x76, 0x5c, 0x68, 0x81, 0x84, 0x6b, 0x56, 0x8e, 0x7c, 0x69,
	0x7d, 0x81, 0x84, 0x7c, 0x7f, 0x80, 0x77, 0x7f, 0x69, 0x86, 0x6d, 0x4e,
	0x80, 0x84, 0x6b, 0x8c, 0x7d, 0x77, 0x83, 0x87, 0x7d, 0x66, 0x5f, 0x82,
	0x6f, 0x60, 0x76, 0x68, 0x77, 0x5d, 0x84, 0x82, 0x58, 0x74, 0x83, 0x5a,
	0x7c, 0x96, 0x52, 0x7f, 0x63, 0x80, 0x8e, 0x94, 0x90, 0x62, 0x77, 0x7a,
	0x89, 0x75, 0x7f, 0x80, 0x73, 0x78, 0x6a, 0x5f, 0x77, 0x81, 0x6b, 0x82,
	0x60, 0x6b, 0x75, 0x75, 0x64, 0x7d, 0x7a, 0x67, 0x8d, 0x6c, 0x85, 0x6a,
	0x81, 0x69, 0x79, 0x81, 0x80, 0x5d, 0x8d, 0x7b, 0x89, 0x65, 0x60, 0x65,
	0x68, 0x88, 0x85, 0x6e, 0x5a, 0x62, 0x7a, 0x8a, 0x8d, 0x83, 0x82, 0x84,
	0x76, 0x76, 0x80, 0x6f, 0x5b, 0x67, 0x76, 0x5a, 0x7d, 0x82, 0x7d, 0x5d,
	0x89, 0x71, 0x83, 0x84, 0x6d, 0x77, 0x6e, 0x79, 0x79, 0x8d, 0x7b, 0x81,
	0x70, 0x84, 0x72, 0x77, 0x7e, 0x7b, 0x73, 0x7e, 0x78, 0x8d, 0x7b, 0x79,
	0x7d, 0x6b, 0x83, 0x79, 0x5f, 0x7f, 0x65, 0x90, 0x61, 0xa2, 0x88, 0x74,
	0x83, 0x80, 0x8d, 0x87, 0x83, 0x82, 0x8f, 0x7a, 0x77, 0x6e, 0x90, 0x77,
	0x6b, 0x88, 0x78, 0x84, 0x78, 0x84, 0x79, 0x6d, 0x7b, 0x66, 0x8a, 0x7d,
	0x6b, 0x7b, 0x90, 0x7f, 0x7c, 0x8d, 0x72, 0x7c, 0x68, 0x75, 0x73, 0x75,
	0x8b, 0x89, 0x83, 0x72, 0x81, 0x8f, 0x7b, 0x7c, 0x7c, 0x4b, 0x6d, 0x8b,
	0x8d, 0x78, 0x6b, 0x72, 0x7c, 0x80, 0x84, 0x71, 0x8b, 0x7f, 0x8d, 0x84,
	0x70, 0x7d, 0x8d, 0x70, 0x85, 0x8c, 0x95, 0x72, 0x73, 0x94, 0x6b, 0x78,
	0x6f, 0x7b, 0x83, 0x78, 0x80, 0x7b, 0x71, 0x65, 0x77, 0x70, 0x6f, 0x88,
	0x77, 0x5f, 0x71, 0x80, 0x6c, 0x90, 0x7f, 0x81, 0x84, 0x6b, 0x71, 0x7c,
	0x89, 0x76, 0x83, 0x6a, 0x81, 0x76, 0x77, 0x86, 0x73, 0x9d, 0x65, 0x54,
	0x6a, 0x85, 0x70, 0x51, 0x89, 0x84, 0x77, 0x6a, 0x70, 0x77, 0x88, 0x7c,
	0x6a, 0x80, 0x6d, 0x64, 0x85, 0x6a, 0x7d, 0x6f, 0x8a, 0x7c, 0x8d, 0x7b,
	0x62, 0x71, 0x96, 0x8d, 0x79, 0x70, 0x81, 0x76, 0x81, 0x75, 0x99, 0x8e,
	0x6b, 0x81, 0x68, 0x6b, 0x67, 0x79, 0x60, 0x73, 0x64, 0x79, 0x8d, 0x76,
	0x7c, 0x6d, 0x5a, 0x9b, 0x7b, 0x8b, 0x8b, 0x7a, 0x5b, 0x90, 0x6f, 0x7b,
	0x73, 0x75, 0x8d, 0x83, 0x7b, 0x77, 0x54, 0x77, 0x74, 0x63, 0x64, 0x7d,
	0x84, 0x81, 0x83, 0x5b, 0x74, 0x7f, 0x7e, 0x58, 0x59, 0x6d, 0x54, 0x67,
	0x85, 0x7c, 0x81, 0x88, 0x93, 0x7b, 0x81, 0x79, 0x8c, 0x94, 0x80, 0x88,
	0x8a, 0x65, 0x89, 0x65, 0x7f, 0x6c, 0x65, 0x7e, 0x74, 0x86, 0x65, 0x7f,
	0x7f, 0x8b, 0x74, 0x60, 0x60, 0x64, 0x75, 0x78, 0x73, 0x8f, 0x68, 0x89,
	0x87, 0x79, 0x70, 0x66, 0x79, 0x59, 0x83, 0x90, 0x8f, 0x8e, 0x7a, 0x77,
	0x8a, 0x8f, 0x99, 0x73, 0x72, 0x6c, 0x6d, 0x69, 0x7c, 0x7b, 0x75, 0x7c,
	0x5d, 0x75, 0x60, 0x82, 0x71, 0x72, 0x6b, 0x90, 0x72, 0x96, 0x96, 0x62,
	0x66, 0x78, 0x7b, 0x6d, 0x74, 0x73, 0x86, 0x61, 0x87, 0x5f, 0x77, 0x68,
	0x75, 0x8c, 0x87, 0x85, 0x5f, 0x6c, 0x6f, 0x78, 0x68, 0x87, 0x77, 0x7f,
	0x93, 0x5b, 0x6e, 0x81, 0x6e, 0x61, 0x61, 0x67, 0x84, 0x81, 0x78, 0x70,
	0x7c, 0x78, 0x7f, 0x74, 0x6a, 0x7f, 0x76, 0x83, 0x6a, 0x6c, 0x7c, 0x70,
	0x94, 0x87, 0xa6, 0x8f, 0x53, 0x73, 0x81, 0x7e, 0x5e, 0x87, 0xa2, 0x92,
	0x86, 0x96, 0x8a, 0xa0, 0x93, 0x73, 0x7a, 0x71, 0x7b, 0x69, 0x72, 0x67,
	0x8d, 0x7e, 0x62, 0x78, 0x7b, 0x89, 0x89, 0x86, 0x7b, 0x93, 0x8c, 0x6e,
	0x90, 0x73, 0x75, 0x87, 0x81, 0x6c, 0x89, 0x6e, 0x77, 0x71, 0x7a, 0x8d,
	0x5f, 0x7e, 0x8a, 0x66, 0x5d, 0x65, 0xa4, 0x69, 0x7b, 0x74, 0x5e, 0x7f,
	0x6b, 0x9e, 0x86, 0x73, 0x80, 0x62, 0x6c, 0x7c, 0x7e, 0x5c, 0x6b, 0x94,
	0x73, 0x79, 0x7e, 0x7d, 0x89, 0x69, 0xba, 0x7a, 0x80, 0x92, 0x80, 0x94,
	0x49, 0x4b, 0x66, 0x86, 0x5c, 0x59, 0x85, 0x7a, 0x56, 0x9a, 0x4f, 0x84,
	0x85, 0x7c, 0x6c, 0x87, 0x8d, 0x9e, 0x6e, 0x72, 0x82, 0x6e, 0x99, 0x91,
	0x60, 0x72, 0x8d, 0x6a, 0x6b, 0x93, 0x60, 0x84, 0x58, 0x73, 0x77, 0x95,
	0x97, 0x84, 0x7c, 0x88, 0x8a, 0x89, 0x77, 0x70, 0x6a, 0x6d, 0x77, 0x6c,
	0x93, 0x79, 0x6a, 0x6d, 0x57, 0x79, 0x46, 0x77, 0x53, 0x6f, 0x77, 0x51,
	0x6f, 0x88, 0x84, 0x8f, 0x61, 0x84, 0x6c, 0x75, 0x7a, 0x75, 0x68, 0x62,
	0x5c, 0x75, 0x44, 0x71, 0x6e, 0x74, 0x81, 0x89, 0x88, 0x78, 0x7c, 0x95,
	0x5e, 0x8b, 0x6b, 0x83, 0x79, 0x87, 0x6c, 0x8e, 0x73, 0x79, 0x7c, 0x6a,
	0x83, 0x7b, 0x89, 0x59, 0x9d, 0x7f, 0x91, 0x70, 0x83, 0x87, 0x7a, 0x57,
	0x77, 0x8c, 0x7c, 0x75, 0x66, 0x89, 0x85, 0x7e, 0x7f, 0x8a, 0x7f, 0x82,
	0x6d, 0x85, 0x77, 0x95, 0x6f, 0x74, 0x92, 0x6f, 0x63, 0x74, 0x84, 0x80,
	0x7b, 0x6b, 0x74, 0x82, 0x80, 0x78, 0x92, 0x99, 0x61, 0x76, 0x81, 0x7e,
	0x70, 0x91, 0x70, 0x7b, 0x8d, 0x6e, 0x74, 0x7d, 0x82, 0x89, 0x6e, 0x6f,
	0x83, 0x7b, 0x71, 0x8e, 0x75, 0x75, 0x4f, 0x78, 0x5f, 0x71, 0x80, 0x8d,
	0x75, 0x76, 0x7d, 0x76, 0x83, 0x8b, 0x93, 0x7b, 0x7e, 0x83, 0x86, 0x76,
	0x85, 0x6b, 0x76, 0x65, 0x73, 0x88, 0x73, 0x7f, 0x84, 0x75, 0x87, 0x6b,
	0x7b, 0x7c, 0x6e, 0x71, 0x7c, 0x75, 0x75, 0x74, 0x78, 0x75, 0x87, 0x93,
	0x7d, 0x85, 0x7b, 0x73, 0x8c, 0x89, 0x6f, 0x6e, 0x78, 0x73, 0x7d, 0x70,
	0x8d, 0x7a, 0x7c, 0x6e, 0x71, 0x85, 0x71, 0x60, 0x6a, 0x81, 0xa1, 0x64,
	0x8a, 0x64, 0xa1, 0x5a, 0x7e, 0x56, 0x72, 0x76, 0x74, 0x74, 0x7b, 0x5c,
	0x5b, 0x74, 0x8c, 0x55, 0x7f, 0x68, 0x6a, 0x8a, 0x5c, 0x6b, 0x65, 0x87,
	0xa3, 0x63, 0x83, 0x6c, 0x70, 0x4b, 0x8c, 0x8d, 0x6f, 0x7e, 0x68, 0x58,
	0x61, 0x75, 0x74, 0x76, 0x87, 0x62, 0x7a, 0x70, 0x82, 0x81, 0x73, 0x7c,
	0x6a, 0x67, 0x79, 0x77, 0x58, 0x85, 0x6b, 0x61, 0x70, 0x9e, 0x70, 0x6b,
	0x7f, 0x7b, 0x83, 0x8c, 0x7d, 0x7f, 0x83, 0x80, 0x99, 0x73, 0x84, 0x5f,
	0x6d, 0x8c, 0x69, 0x67, 0x7b, 0x8b, 0x63, 0x74, 0x8b, 0x66, 0x7e, 0x6e,
	0x7b, 0x81, 0x7e, 0x67, 0x92, 0x91, 0x73, 0x74, 0x9c, 0x5c, 0x54, 0x71,
	0x7c, 0x87, 0x70, 0x90, 0x5c, 0x8c, 0x4e, 0x5d, 0x79, 0x7c, 0x7c, 0x83,
	0x7c, 0x65, 0x8c, 0x5e, 0x8a, 0x7f, 0x7e, 0x71, 0x83, 0x7d, 0x78, 0x7b,
	0x74, 0x80, 0x73, 0x70, 0x83, 0x81, 0x7f, 0x75, 0x69, 0x85, 0x7c, 0x74,
	0x75, 0x82, 0x81, 0x96, 0x7d, 0x78, 0x7f, 0x78, 0x5e, 0x74, 0x80, 0x8d,
	0x84, 0x7b, 0x88, 0x7a, 0x67, 0x7c, 0x76, 0x80, 0x7f, 0x8b, 0x82, 0x7b,
	0x7f, 0x5e, 0x6a, 0x76, 0x78, 0x6a, 0x8b, 0x6f, 0x7a, 0x84, 0x7d, 0x6d,
	0x72, 0x7c, 0x71, 0x88, 0x81, 0x6f, 0x78, 0x83, 0x6b, 0x7c, 0x6a, 0x8f,
	0x74, 0x87, 0x79, 0x99, 0x8c, 0x6e, 0x5f, 0x83, 0x76, 0x74, 0x78, 0x7d,
	0x70, 0x57, 0x80, 0x8c, 0x76, 0x8e, 0x71, 0x81, 0x71, 0x74, 0x74, 0x7d,
	0x6a, 0x7f, 0x71, 0x85, 0x86, 0x7f, 0x7f, 0x83, 0x67, 0x73, 0x83, 0x6f,
	0x7f, 0x7a, 0x84, 0x86, 0x77, 0x77, 0x6e, 0x69, 0x81, 0x70, 0x7e, 0x68,
	0x78, 0x7b, 0x86, 0x78, 0x7f, 0x7d, 0x82, 0x86, 0x87, 0x80, 0x84, 0x84,
	0x66, 0x6f, 0x7d, 0x6c, 0x7c, 0x83, 0x7c, 0x85, 0x85, 0x70, 0x6d, 0x85,
	0x86, 0x93, 0x5d, 0x64, 0x5b, 0x75, 0x7f, 0x6d, 0x83, 0x5f, 0x81, 0x72,
	0x7a, 0x6e, 0x6c, 0x6e, 0x8d, 0x85, 0x7e, 0x7d, 0x8d, 0x7e, 0x61, 0x67,
	0x79, 0x71, 0x60, 0x91, 0x77, 0x88, 0x8c, 0x6d, 0x4a, 0x80, 0x89, 0x5c,
	0x86, 0x7a, 0x69, 0x87, 0x7b, 0x7b, 0x5a, 0x6a, 0x5c, 0x7e, 0x6e, 0x94,
	0x89, 0x8a, 0x85, 0x75, 0x9b, 0x7d, 0x91, 0x76, 0x90, 0x52, 0x5f, 0x72,
	0x67, 0x55, 0x7e, 0x81, 0x8b, 0x5b, 0x7a, 0x75, 0x80, 0x64, 0x6e, 0x5e,
	0x6e, 0x77, 0x7b, 0x84, 0x70, 0x76, 0x69, 0x81, 0x72, 0x9c, 0x5f, 0x82,
	0x85, 0x6f, 0x76, 0x6d, 0x62, 0xad, 0x8e, 0x65, 0x86, 0x96, 0x76, 0x78,
	0x5b, 0x8d, 0x7d, 0x79, 0x72, 0x80, 0x7f, 0x6e, 0x85, 0x77, 0x89, 0x7d,
	0x87, 0x8d, 0x66, 0x89, 0x97, 0x70, 0x85, 0x7a, 0x89, 0x82, 0x80, 0x67,
	0x7d, 0x62, 0x6c, 0x85, 0x80, 0x79, 0x73, 0x63, 0x7a, 0x8f, 0x66, 0xa0,
	0x7c, 0x8c, 0x6d, 0x64, 0x98, 0x82, 0x75, 0x78, 0x76, 0x73, 0x68, 0x88,
	0x62, 0x7c, 0x81, 0x66, 0x63, 0x72, 0x89, 0x83, 0x76, 0x9f, 0x6d, 0x7d,
	0x72, 0x77, 0x59, 0x80, 0x64, 0x71, 0x84, 0x70, 0x7f, 0x87, 0x7d, 0x62,
	0x7e, 0x6b, 0x82, 0x62, 0x71, 0x71, 0x83, 0x6e, 0x86, 0x88, 0x7e, 0x6f,
	0x7c, 0x7a, 0x64, 0x7d, 0x6f, 0x73, 0x5a, 0x75, 0x75, 0x6d, 0x70, 0x67,
	0x76, 0x9a, 0x89, 0x75, 0x8d, 0x84, 0x68, 0xab, 0x85, 0x6a, 0x73, 0x76,
	0x86, 0x72, 0x7c, 0x60, 0x78, 0x6a, 0x84, 0x67, 0x70, 0x70, 0x6e, 0x6e,
	0x77, 0x56, 0x8b, 0x69, 0x77, 0x72, 0x6c, 0x67, 0x69, 0x74, 0x6c, 0x8a,
	0x84, 0x69, 0x7b, 0x79, 0x78, 0x76, 0x8a, 0x8e, 0x7e, 0x7e, 0x78, 0x79,
	0x85, 0x61, 0x6d, 0x8d, 0x8a, 0x7c, 0x6f, 0x69, 0x8b, 0x72, 0x7d, 0x84,
	0x7b, 0x88, 0x8d, 0x70, 0x52, 0x87, 0x85, 0x71, 0x84, 0x7b, 0x72, 0x78,
	0x96, 0x59, 0x70, 0x80, 0x77, 0x8c, 0x64, 0x89, 0x82, 0x73, 0x78, 0x84,
	0x84, 0x81, 0x90, 0x8f, 0x6e, 0x94, 0x83, 0x74, 0x7c, 0x71, 0x72, 0x88,
	0x6e, 0x76, 0x78, 0x7c, 0x74, 0x89, 0x8f, 0x71, 0x6f, 0x64, 0x58, 0x81,
	0x76, 0x86, 0x83, 0x86, 0x7a, 0x69, 0x69, 0x7c, 0x7c, 0x90, 0x8a, 0x77,
	0x86, 0x8b, 0x62, 0x5e, 0x71, 0x8e, 0x7a, 0x7f, 0x7f, 0x83, 0x56, 0x76,
	0x5c, 0x5c, 0x5d, 0x6c, 0x91, 0x79, 0x7f, 0x7c, 0x69, 0x7b, 0x74, 0x77,
	0x76, 0x71, 0x76, 0x86, 0x7c, 0x7f, 0x86, 0x7a, 0x69, 0x6b, 0x8e, 0x75,
	0x7a, 0x73, 0x80, 0x8b, 0x7d, 0x5b, 0x77, 0x7a, 0x86, 0x86, 0x5f, 0x76,
	0x6b, 0x92, 0x8e, 0x6f, 0x91, 0x67, 0x8e, 0x73, 0x7b, 0x98, 0x81, 0x94,
	0x75, 0x6a, 0x7f, 0x83, 0x83, 0x85, 0x76, 0x7d, 0x92, 0x7b, 0x60, 0x78,
	0x7f, 0x77, 0x7b, 0x61, 0x85, 0x83, 0x85, 0x87, 0x65, 0x91, 0x63, 0x83,
	0x84, 0x86, 0x6e, 0x7a, 0x6c, 0x73, 0x84, 0x79, 0x8b, 0x92, 0x80, 0x68,
	0x6b, 0x8b, 0x92, 0x63, 0x81, 0x6f, 0x75, 0x7b, 0x7c, 0x74, 0x82, 0x70,
	0x81, 0x5f, 0x79, 0x80, 0x7d, 0x75, 0x7b, 0x85, 0x5d, 0x4c, 0x59, 0x8a,
	0x81, 0x6e, 0x7a, 0x76, 0x81, 0x6a, 0x42, 0x68, 0x7d, 0x89, 0x8a, 0x69,
	0x7d, 0x7f, 0x94, 0x60, 0x52, 0x82, 0x91, 0x81, 0x78, 0x6c, 0x7b, 0x71,
	0x56, 0x74, 0x70, 0x65, 0x79, 0x85, 0x88, 0x76, 0x7e, 0x9b, 0x71, 0x7e,
	0x67, 0x7a, 0x7e, 0x82, 0x82, 0x83, 0x80, 0x5f, 0x8a, 0x7b, 0x62, 0x79,
	0x82, 0x73, 0x85, 0x6b, 0x7c, 0x72, 0x7e, 0x63, 0x72, 0x86, 0x82, 0x94,
	0x89, 0x59, 0x8e, 0x89, 0x67, 0x82, 0x6e, 0x74, 0x87, 0x85, 0x6d, 0x70,
	0x7e, 0x70, 0x76, 0x67, 0x70, 0x88, 0x89, 0x79, 0x5b, 0x76, 0x71, 0x73,
	0x66, 0x68, 0x83, 0x74, 0x7c, 0x93, 0x66, 0x6f, 0x51, 0x61, 0x65, 0x6f,
	0x89, 0x89, 0x91, 0x69, 0x84, 0x7b, 0x91, 0x7d, 0x79, 0x6d, 0x8d, 0x6f,
	0x7f, 0x62, 0x8f, 0x6c, 0x7f, 0x6e, 0x88, 0x88, 0x66, 0x79, 0x63, 0x58,
	0x7b, 0x7f, 0x88, 0x63, 0x69, 0x74, 0x76, 0x70, 0x85, 0x77, 0x6d, 0x75,
	0x82, 0x7f, 0x70, 0x90, 0x79, 0x6b, 0x7c, 0x64, 0x8d, 0x7e, 0x72, 0x50,
	0x7e, 0x7a, 0x87, 0x67, 0x79, 0x7b, 0x66, 0x9c, 0x99, 0x87, 0x46, 0x6f,
	0x78, 0x59, 0x80, 0x7e, 0x7b, 0x7b, 0x7d, 0x70, 0x7c, 0x82, 0x77, 0x89,
	0x84, 0x6d, 0x77, 0x60, 0x83, 0x73, 0x7b, 0x7b, 0x6f, 0x7a, 0x7a, 0x68,
	0x75, 0x88, 0x6f, 0x70, 0x6d, 0x75, 0x5d, 0x69, 0x64, 0x76, 0x69, 0x64,
	0x92, 0x65, 0x7d, 0x77, 0x77, 0x79, 0x75, 0x7d, 0x7a, 0x84, 0x72, 0x88,
	0x84, 0x6b, 0x6f, 0x7c, 0x80, 0x74, 0x69, 0x73, 0x7a, 0x8e, 0x6e, 0x7e,
	0x6e, 0x8e, 0x62, 0x82, 0x7b, 0x7b, 0x82, 0x7e, 0x60, 0x8f, 0x79, 0x83,
	0x86, 0x86, 0x88, 0x70, 0x87, 0x85, 0x8c, 0x67, 0x89, 0x61, 0x82, 0x78,
	0x82, 0x64, 0x66, 0x4d, 0x80, 0x5f, 0x75, 0x5b, 0x85, 0x6c, 0x66, 0x87,
	0x69, 0x66, 0x88, 0x81, 0x83, 0x7d, 0x6f, 0x75, 0x65, 0x61, 0x8f, 0x79,
	0x84, 0x82, 0x80, 0x6f, 0x7c, 0x5d, 0x7b, 0x7d, 0x79, 0x89, 0x8a, 0x81,
	0x88, 0x7d, 0x7f, 0x7d, 0x72, 0x88, 0x70, 0x74, 0x7c, 0x6f, 0x8f, 0x84,
	0x8e, 0x94, 0x6f, 0x7b, 0x65, 0x83, 0x8a, 0x7e, 0x7b, 0x8b, 0x92, 0x70,
	0x85, 0x94, 0x7c, 0x88, 0x6f, 0x77, 0x7a, 0x7d, 0x75, 0x6e, 0x79, 0x60,
	0x74, 0x8a, 0x6f, 0x83, 0x89, 0x5e, 0x7b, 0x71, 0x6e, 0x61, 0x85, 0x71,
	0x6f, 0x7d, 0x82, 0x4f, 0x70, 0x8f, 0x83, 0x7e, 0x90, 0x6a, 0x7b, 0x75,
	0x63, 0x7d, 0x7e, 0x77, 0x73, 0x6c, 0x72, 0x7c, 0x8c, 0x92, 0x71, 0x68,
	0x6a, 0x62, 0x84, 0x6c, 0x7d, 0x7e, 0x71, 0x69, 0x7d, 0x75, 0x75, 0x8d,
	0x6c, 0x75, 0x6f, 0x68, 0x7c, 0x80, 0x7c, 0x6e, 0x84, 0x76, 0x87, 0x80,
	0x6c, 0x7d, 0x79, 0x67, 0x89, 0x83, 0x86, 0x6e, 0x70, 0x6a, 0x86, 0x7a,
	0x84, 0x85, 0x74, 0x7e, 0x7e, 0x6c, 0x94, 0x6e, 0x6f, 0x8e, 0x67, 0x6e,
	0x88, 0x8b, 0x7c, 0x79, 0x7d, 0x6f, 0x8c, 0x6f, 0x86, 0x79, 0x74, 0x68,
	0xa2, 0x75, 0x6e, 0x5e, 0x7a, 0x71, 0x73, 0x70, 0x81, 0x81, 0x8c, 0xb3,
	0x66, 0x64, 0x72, 0x88, 0x82, 0x6f, 0x72, 0x66, 0x8b, 0x7e, 0x70, 0x7f,
	0x64, 0x81, 0x7d, 0x53, 0x8a, 0x80, 0x7d, 0x85, 0x68, 0x66, 0x73, 0x6f,
	0x6d, 0x80, 0x74, 0x71, 0x72, 0x72, 0x72, 0x85, 0x7f, 0x74, 0x6d, 0x86,
	0x92, 0x83, 0x79, 0x97, 0x5c, 0x5b, 0x6e, 0x69, 0x84, 0x7f, 0x7e, 0x68,
	0x6d, 0x90, 0x62, 0x84, 0x78, 0x8c, 0x74, 0x75, 0x88, 0x82, 0x6a, 0x93,
	0x66, 0x75, 0x8d, 0x77, 0x8a, 0x85, 0x78, 0x78, 0x8a, 0x8b, 0x88, 0x77,
	0x7b, 0x6e, 0x78, 0x77, 0x70, 0x75, 0x79, 0x6b, 0x77, 0x6f, 0x76, 0x75,
	0x71, 0x80, 0x89, 0x8c, 0x71, 0x7b, 0x8c, 0x8e, 0x7f, 0x7c, 0x7f, 0x80,
	0x71, 0x7a, 0x5e, 0x80, 0x75, 0x72, 0x8b, 0x78, 0x88, 0x73, 0x7b, 0x7b,
	0x7a, 0x8a, 0x7c, 0x6f, 0x71, 0x7e, 0x85, 0x82, 0x79, 0x8b, 0x78, 0x78,
	0x81, 0x92, 0x83, 0x8f, 0x7b, 0x83, 0x7a, 0x6a, 0x7e, 0x8b, 0x94, 0x71,
	0x80, 0x6b, 0x80, 0x7e, 0x7e, 0x82, 0x73, 0x97, 0x6f, 0x6b, 0x7e, 0x6f,
	0x79, 0x79, 0x7c, 0x77, 0x76, 0x7a, 0x89, 0x75, 0x84, 0x6f, 0x74, 0x72,
	0x7e, 0x75, 0x67, 0x7f, 0x76, 0x74, 0x79, 0x78, 0x78, 0x85, 0x95, 0x73,
	0x7e, 0x8b, 0x66, 0x62, 0x6b, 0x71, 0x84, 0x81, 0x65, 0x61, 0x69, 0x75,
	0x56, 0x72, 0x78, 0x6f, 0x67, 0x6d, 0x85, 0x83, 0x68, 0x7e, 0x65, 0x76,
	0x94, 0x73, 0x6d, 0x80, 0x6b, 0x7c, 0x91, 0x70, 0x72, 0x83, 0x49, 0x70,
	0x79, 0x74, 0x76, 0x8d, 0x78, 0x65, 0xa6, 0x6c, 0x99, 0x6f, 0x8f, 0x6f,
	0x5a, 0x74, 0x70, 0x70, 0x6f, 0x88, 0x72, 0x61, 0x70, 0x7c, 0x6a, 0x5b,
	0x75, 0x74, 0x5e, 0x6e, 0x6e, 0x7a, 0x66, 0x55, 0x70, 0x86, 0x8f, 0x53,
	0x88, 0x7a, 0x91, 0x90, 0x8a, 0x71, 0x6c, 0x70, 0x7d, 0x4c, 0x9f, 0x58,
	0x84, 0x79, 0x8d, 0x6f, 0x70, 0x68, 0x72, 0x72, 0x7d, 0x64, 0x61, 0x4e,
	0x77, 0x5f, 0x72, 0x92, 0x6c, 0x87, 0x95, 0x73, 0x4a, 0x76, 0x7f, 0x8a,
	0x6e, 0xa2, 0x73, 0x70, 0x6b, 0x76, 0x6f, 0x7a, 0x62, 0x63, 0x6c, 0x8f,
	0x48, 0x70, 0x7d, 0x6e, 0x7f, 0x86, 0x91, 0x99, 0x5e, 0x60, 0x89, 0x76,
	0x8f, 0x80, 0x8d, 0x68, 0x88, 0x6b, 0x73, 0x64, 0x67, 0x95, 0x73, 0x78,
	0x78, 0x71, 0x6f, 0x6a, 0x60, 0x73, 0x91, 0x91, 0x7f, 0x74, 0x80, 0x8d,
	0x6b, 0x93, 0x78, 0x9c, 0x82, 0x73, 0x72, 0x7e, 0x84, 0x7a, 0x85, 0x78,
	0x7e, 0x70, 0x73, 0x8c, 0x79, 0x69, 0x80, 0x87, 0x55, 0x62, 0x85, 0x7f,
	0x95, 0x83, 0x86, 0x92, 0x57, 0x80, 0x76, 0x77, 0x8e, 0x73, 0x79, 0x6d,
	0x7c, 0x64, 0x86, 0x66, 0x81, 0x6f, 0x7f, 0x80, 0x86, 0x83, 0x91, 0x69,
	0x7d, 0x8c, 0x7d, 0x73, 0x73, 0x8b, 0x82, 0x7d, 0x7b, 0x80, 0x76, 0x69,
	0x76, 0x6f, 0x84, 0x87, 0x73, 0x74, 0x82, 0x73, 0x74, 0x84, 0x8c, 0x84,
	0x6e, 0x73, 0x78, 0x51, 0x75, 0x78, 0x74, 0x86, 0x77, 0x80, 0x72, 0x72,
	0x85, 0x74, 0x8b, 0x83, 0x6d, 0x87, 0x85, 0x78, 0x7b, 0x86, 0x6c, 0x7d,
	0x84, 0x8b, 0x7d, 0x71, 0x87, 0x81, 0x7c, 0x80, 0x5b, 0x77, 0x86, 0x63,
	0x8e, 0x7c, 0x8a, 0x84, 0x9d, 0x76, 0x76, 0x74, 0x64, 0x7a, 0x8c, 0x7d,
	0x92, 0x98, 0x5c, 0x76, 0x87, 0x97, 0x5d, 0x87, 0x5c, 0x6b, 0x71, 0x69,
	0x72, 0x6d, 0x8e, 0x61, 0x84, 0x63, 0x58, 0x71, 0x61, 0x82, 0x8c, 0x6e,
	0x90, 0x6c, 0x54, 0x70, 0x7e, 0xa4, 0x8c, 0x78, 0x81, 0x5d, 0x3f, 0x7e,
	0x85, 0x6f, 0x73, 0x70, 0x5d, 0x90, 0x98, 0x80, 0x68, 0x7e, 0x7f, 0x66,
	0x74, 0x74, 0x64, 0x7d, 0x82, 0x8b, 0xa6, 0x7f, 0x7d, 0x62, 0x6b, 0x5f,
	0x61, 0x87, 0x7e, 0x64, 0x97, 0x83, 0x61, 0xa6, 0x6a, 0x89, 0x68, 0x7e,
	0x88, 0x8e, 0x6d, 0x62, 0x5d, 0x82, 0x82, 0x6d, 0x80, 0x8e, 0x8c, 0x7e,
	0x79, 0x8c, 0x6c, 0x78, 0x7c, 0x86, 0x80, 0x53, 0x5e, 0x6d, 0x7b, 0x6b,
	0x70, 0x71, 0x83, 0x82, 0x6b, 0x6b, 0x8d, 0x74, 0x84, 0x84, 0x76, 0x81,
	0x60, 0x4f, 0x7f, 0x89, 0x70, 0x7d, 0x60, 0x93, 0x7a, 0x75, 0x8a, 0x7a,
	0x97, 0x7f, 0x71, 0x89, 0x60, 0x74, 0x74, 0x75, 0x56, 0x88, 0x75, 0x91,
	0x97, 0x7a, 0x92, 0x6a, 0x64, 0x9a, 0x96, 0x7b, 0x89, 0x54, 0x73, 0x71,
	0x93, 0x76, 0x8a, 0x6a, 0x71, 0x81, 0x6a, 0x73, 0x73, 0x64, 0x8c, 0x6f,
	0x83, 0x80, 0x95, 0x75, 0x9b, 0x8c, 0x84, 0x63, 0x60, 0x85, 0x67, 0x77,
	0x7a, 0x69, 0x9c, 0x68, 0x7e, 0x72, 0x73, 0x86, 0x90, 0x85, 0x76, 0x89,
	0x87, 0x78, 0x58, 0x72, 0x84, 0x98, 0x9b, 0x6d, 0x6d, 0x8e, 0x8e, 0x7a,
	0x45, 0x7d, 0x94, 0x61, 0x5b, 0x89, 0x7d, 0x7f, 0x66, 0x89, 0x8b, 0x6a,
	0x83, 0x70, 0x91, 0x92, 0x7a, 0x7e, 0x66, 0x56, 0x78, 0x69, 0x88, 0x83,
	0x70, 0x74, 0x79, 0x8c, 0x8c, 0x4a, 0x7e, 0x63, 0x6c, 0x6b, 0x74, 0x87,
	0x68, 0x68, 0x72, 0x69, 0x8d, 0x84, 0x86, 0x78, 0x8d, 0x7c, 0x84, 0x7e,
	0x7e, 0x87, 0x8b, 0x5b, 0x5c, 0xa0, 0x72, 0x65, 0x74, 0x7a, 0xa5, 0x55,
	0x58, 0x78, 0x8e, 0x6b, 0x87, 0x8d, 0x8f, 0x87, 0x87, 0x73, 0x72, 0x76,
	0x71, 0x82, 0x92, 0x78, 0x83, 0x93, 0x62, 0x99, 0x73, 0x53, 0x5c, 0x64,
	0x45, 0x68, 0x84, 0x78, 0x74, 0x70, 0x76, 0x67, 0x68, 0xa9, 0x7c, 0x7e,
	0x8f, 0x73, 0x6d, 0x76, 0x6e, 0x91, 0x6d, 0x86, 0x75, 0x85, 0x66, 0x5e,
	0x65, 0x6e, 0x76, 0x66, 0x73, 0x74, 0x97, 0x7b, 0x5e, 0x76, 0x6c, 0x8c,
	0x64, 0x96, 0x7d, 0x88, 0x5a, 0x73, 0x88, 0x6f, 0x76, 0x88, 0x64, 0x87,
	0xa2, 0x88, 0x77, 0x80, 0x6b, 0x67, 0x8d, 0x62, 0x6e, 0x6e, 0x73, 0x6d,
	0x67, 0x5a, 0x83, 0x74, 0x74, 0x70, 0x78, 0x80, 0x66, 0x8c, 0x67, 0x64,
	0x68, 0x5e, 0x74, 0x5b, 0x86, 0x74, 0x81, 0x8b, 0x71, 0x5b, 0x7f, 0x74,
	0x82, 0x92, 0x5b, 0x7e, 0x7d, 0x7c, 0x8c, 0x79, 0x7b, 0x7e, 0x69, 0x51,
	0x85, 0x82, 0x8e, 0x82, 0x81, 0x80, 0x9a, 0x73, 0x7b, 0x8c, 0x61, 0x6a,
	0x64, 0x92, 0x75, 0x86, 0x76, 0x5f, 0x8b, 0x73, 0x75, 0x8c, 0x7b, 0x4e,
	0x88, 0x7c, 0x83, 0x68, 0x64, 0x70, 0x84, 0x7c, 0x76, 0x7e, 0x80, 0x80,
	0x73, 0x81, 0x87, 0x70, 0x50, 0x7e, 0x7a, 0x7a, 0x6f, 0x8c, 0x72, 0x75,
	0x97, 0x83, 0x70, 0x88, 0x74, 0x78, 0x7b, 0x70, 0x92, 0x78, 0x63, 0x79,
	0x75, 0x85, 0x79, 0x7b, 0x83, 0x66, 0x77, 0x7e, 0x8a, 0x7c, 0x7a, 0x7d,
	0x7c, 0x7c, 0x6a, 0x7d, 0x83, 0x70, 0x80, 0x75, 0x6d, 0x82, 0x7d, 0x73,
	0x6f, 0x5f, 0x7d, 0x67, 0x88, 0x7b, 0x8c, 0x77, 0x7d, 0x8a, 0x6f, 0x8d,
	0x7e, 0x79, 0x81, 0x6b, 0x78, 0x88, 0x72, 0x7e, 0x89, 0x7b, 0x80, 0x8c,
	0x6f, 0x80, 0x8f, 0x7b, 0x71, 0x81, 0x63, 0x66, 0x82, 0x83, 0x73, 0x7d,
	0xa3, 0x7d, 0x6a, 0x7b, 0x6d, 0x71, 0x6e, 0x55, 0x86, 0x79, 0x60, 0x67,
	0x76, 0x7d, 0x83, 0x68, 0x6b, 0x80, 0x70, 0x63, 0x60, 0x65, 0x89, 0x8f,
	0x5f, 0x7b, 0x6e, 0x53, 0x63, 0x90, 0x84, 0x86, 0x7b, 0xa0, 0x79, 0x7a,
	0x84, 0x72, 0x88, 0x7d, 0x57, 0x80, 0x75, 0x83, 0x3e, 0x70, 0x75, 0x82,
	0x56, 0x88, 0x91, 0x71, 0x7b, 0x83, 0x71, 0x70, 0x65, 0x7d, 0x6c, 0x6c,
	0x6b, 0x54, 0x60, 0x5b, 0x83, 0x7e, 0x63, 0x85, 0x84, 0x71, 0x80, 0x6d,
	0x8f, 0x55, 0x8f, 0x51, 0x8c, 0x83, 0x6b, 0x9a, 0x55, 0x65, 0x80, 0x70,
	0x7f, 0x73, 0x75, 0x6c, 0x81, 0x6f, 0x81, 0x7f, 0x61, 0x80, 0x7c, 0x89,
	0x82, 0x72, 0x8b, 0x6a, 0x82, 0x4e, 0x6d, 0x7a, 0x6b, 0x5f, 0x7c, 0x8e,
	0x86, 0x6b, 0x6d, 0x82, 0x7f, 0x6c, 0x9a, 0x80, 0x7e, 0xa1, 0x9e, 0x7c,
	0x88, 0x83, 0x82, 0x6e, 0x6c, 0x6b, 0x6f, 0x7d, 0x59, 0x78, 0x76, 0x72,
	0x7f, 0x6d, 0x78, 0x57, 0x2f, 0x6b, 0x85, 0x67, 0x7a, 0x94, 0x79, 0x75,
	0x72, 0x86, 0x7f, 0x7a, 0x68, 0x70, 0x75, 0x7d, 0x73, 0x69, 0x69, 0x70,
	0x77, 0x74, 0x6d, 0x6d, 0x75, 0x49, 0x76, 0x6c, 0x6f, 0x69, 0x78, 0x5a,
	0x82, 0x9c, 0x64, 0x88, 0x69, 0x8b, 0x76, 0x89, 0x6c, 0x58, 0x6e, 0x74,
	0x75, 0x90, 0x70, 0x74, 0x79, 0x5b, 0x6e, 0x56, 0x72, 0x79, 0x74, 0x71,
	0x76, 0x6f, 0x7b, 0x67, 0x71, 0x7b, 0x71, 0x7c, 0x6c, 0x73, 0x81, 0x6a,
	0x82, 0x71, 0x76, 0x7a, 0x6f, 0x67, 0x57, 0x60, 0x91, 0x90, 0x6f, 0x79,
	0x6d, 0x6e, 0x77, 0x88, 0x69, 0x79, 0x54, 0x74, 0x78, 0x75, 0x98, 0x7e,
	0x6f, 0x70, 0x84, 0x6c, 0x8b, 0x6f, 0x89, 0x7a, 0x70, 0x68, 0x77, 0x6b,
	0x75, 0x81, 0x57, 0x81, 0x87, 0x93, 0x7e, 0x72, 0x6c, 0x6f, 0x87, 0x6e,
	0x78, 0x9a, 0x76, 0x9e, 0x75, 0x77, 0x78, 0x77, 0x86, 0x68, 0x6c, 0x68,
	0x89, 0x83, 0x8f, 0x66, 0x97, 0x7f, 0x8f, 0x81, 0x76, 0x81, 0x79, 0x6f,
	0x75, 0x81, 0x69, 0x9d, 0x6d, 0x7f, 0x6f, 0x58, 0x64, 0x73, 0x4d, 0x6d,
	0x97, 0x75, 0x58, 0x6c, 0x78, 0x78, 0x66, 0x8f, 0x86, 0x77, 0x73, 0xaf,
	0x7c, 0x71, 0x6b, 0x70, 0x6e, 0x8b, 0x66, 0x88, 0x6d, 0x75, 0x56, 0x86,
	0x74, 0x5d, 0x99, 0x6b, 0x8a, 0x4f, 0x62, 0x5b, 0x86, 0x9d, 0x84, 0x5a,
	0x7a, 0x6e, 0x7b, 0x71, 0x85, 0x5e, 0x59, 0x85, 0x64, 0x67, 0x57, 0x79,
	0x78, 0x5f, 0x71, 0x5d, 0x7f, 0x6e, 0x74, 0x77, 0x61, 0x59, 0x55, 0x72,
	0x75, 0x6c, 0x7e, 0x8b, 0x63, 0x6a, 0x7e, 0x76, 0x5a, 0x81, 0x4d, 0x71,
	0x6b, 0x72, 0x7e, 0x7b, 0x6f, 0x67, 0x91, 0x81, 0x90, 0x7a, 0x86, 0x91,
	0x51, 0x68, 0x61, 0x6b, 0x73, 0x63, 0x80, 0x75, 0x5c, 0x7c, 0x86, 0x6f,
	0x60, 0x71, 0x7f, 0x7f, 0x81, 0x6e, 0x72, 0x84, 0x68, 0x6f, 0x6a, 0x8a,
	0x80, 0x79, 0x76, 0x73, 0x6f, 0x72, 0x70, 0x70, 0x73, 0x7f, 0x80, 0x86,
	0x8d, 0x7a, 0x68, 0x85, 0x7e, 0x74, 0x79, 0x7f, 0x76, 0x6f, 0x66, 0x70,
	0x7c, 0x7c, 0x74, 0x30, 0x73, 0x6a, 0x82, 0x69, 0x7d, 0x8a, 0x80, 0x77,
	0x7f, 0x78, 0x79, 0x79, 0x80, 0x70, 0x77, 0x9d, 0x77, 0x63, 0x73, 0x76,
	0x8a, 0x7a, 0x71, 0x94, 0x72, 0x5f, 0x70, 0x43, 0x87, 0x99, 0x75, 0x6a,
	0x94, 0x64, 0x5a, 0x6c, 0x81, 0x63, 0x7f, 0x6a, 0x78, 0x5e, 0x5b, 0x6b,
	0x75, 0x84, 0x6f, 0x6a, 0x66, 0x74, 0x6d, 0x85, 0x6b, 0x64, 0x6d, 0x6b,
	0x80, 0x7d, 0x76, 0x95, 0x69, 0x76, 0x7b, 0x41, 0x70, 0x55, 0x78, 0x77,
	0x5d, 0x81, 0x71, 0x80, 0x70, 0x6c, 0x80, 0x79, 0x7a, 0x77, 0x93, 0x8b,
	0x58, 0x81, 0x6b, 0x69, 0x84, 0x86, 0x8c, 0x6b, 0x70, 0x6f, 0x75, 0x77,
	0x88, 0x79, 0x6e, 0x89, 0x89, 0x8e, 0x99, 0x6a, 0x7c, 0x66, 0x80, 0x97,
	0x66, 0x6d, 0x76, 0x69, 0x67, 0x88, 0x8c, 0x6c, 0x82, 0x67, 0x9a, 0x74,
	0x69, 0x82, 0x79, 0x7e, 0x6e, 0x72, 0x5f, 0x88, 0x7f, 0x79, 0x88, 0x7a,
	0x8f, 0x60, 0x89, 0x62, 0x98, 0x8b, 0x77, 0x84, 0x7f, 0x8a, 0x74, 0xa6,
	0x79, 0x7e, 0x61, 0x8a, 0x6e, 0x70, 0x7d, 0x61, 0x86, 0x81, 0x69, 0x6c,
	0x70, 0x71, 0x5e, 0x64, 0x94, 0x54, 0x7a, 0x72, 0x73, 0x51, 0x84, 0x71,
	0x77, 0x87, 0x7c, 0x6d, 0x65, 0x72, 0x66, 0x65, 0x54, 0x8c, 0x68, 0x5c,
	0x6e, 0x6f, 0x68, 0x71, 0x68, 0x6f, 0x72, 0x56, 0x84, 0x6e, 0x6a, 0x6b,
	0x59, 0x6f, 0x88, 0x63, 0x7d, 0x82, 0x76, 0x65, 0x7a, 0x5d, 0x79, 0x78,
	0x75, 0x62, 0x5d, 0x8b, 0x46, 0x82, 0x65, 0x6e, 0x7c, 0x73, 0x76, 0x84,
	0x88, 0x78, 0x73, 0x7c, 0x96, 0x6d, 0x70, 0x6b, 0x6f, 0x70, 0x7a, 0x47,
	0x67, 0x6b, 0x7f, 0x67, 0x68, 0x6c, 0x79, 0x7d, 0x73, 0x62, 0x87, 0x7a,
	0x76, 0x75, 0x87, 0x7b, 0x87, 0x7d, 0x95, 0x72, 0x68, 0x63, 0x63, 0x6f,
	0x80, 0x5a, 0x7e, 0x81, 0x72, 0x6d, 0x7c, 0x5f, 0x77, 0x61, 0x5d, 0x74,
	0x72, 0x7c, 0x74, 0x65, 0x62, 0x79, 0x75, 0x73, 0x76, 0x7b, 0x73, 0x73,
	0x7a, 0x69, 0x74, 0x73, 0x7a, 0x78, 0x76, 0x73, 0x72, 0x4f, 0x6a, 0x74,
	0x6d, 0x6a, 0x75, 0x87, 0x78, 0x78, 0x60, 0x72, 0x99, 0x81, 0x7d, 0x76,
	0x95, 0x5e, 0x6a, 0x6a, 0x7e, 0x7d, 0x3b, 0x8b, 0x75, 0x73, 0x66, 0x80,
	0x63, 0x7f, 0x5c, 0x76, 0x8d, 0x78, 0x75, 0x7c, 0x77, 0x72, 0x7a, 0x74,
	0x58, 0x74, 0x7b, 0x75, 0x75, 0x7a, 0x82, 0x76, 0x76, 0x85, 0x78, 0x74,
	0x6e, 0x78, 0x77, 0x7b, 0x76, 0x73, 0x73, 0x72, 0x77, 0x82, 0x79, 0x9c,
	0x60, 0x84, 0x7a, 0x8a, 0x81, 0x77, 0x7d, 0x6e, 0x65, 0x7b, 0x6c, 0x74,
	0x71, 0x70, 0x8e, 0x74, 0x63, 0x71, 0x7a, 0x78, 0x71, 0x8c, 0xac, 0x67,
	0x84, 0x68, 0x9b, 0x5e, 0x8b, 0x85, 0x8b, 0x89, 0x73, 0x70, 0x6e, 0x83,
	0x89, 0x66, 0x6e, 0x7b, 0x9c, 0x74, 0x6d, 0x9c, 0x80, 0x70, 0x61, 0x72,
	0x6e, 0x6e, 0x8c, 0x71, 0x8f, 0x75, 0x68, 0xa9, 0x87, 0xa4, 0x5e, 0x54,
	0x6d, 0x68, 0x70, 0x89, 0x88, 0x6d, 0x72, 0x5d, 0x71, 0x76, 0x6e, 0x84,
	0x6e, 0x6b, 0x97, 0x6b, 0x68, 0x74, 0x70, 0x72, 0x7a, 0x71, 0x75, 0x87,
	0x69, 0x80, 0x73, 0x75, 0x7f, 0x66, 0x66, 0x78, 0x83, 0x87, 0x71, 0x74,
	0x62, 0x55, 0x84, 0x71, 0x89, 0x6a, 0x95, 0x81, 0x84, 0x65, 0x7c, 0x72,
	0x7b, 0x85, 0x7a, 0x8f, 0x6b, 0x74, 0x7a, 0x63, 0x6a, 0x71, 0x7c, 0x65,
	0x8b, 0x7a, 0x7e, 0x97, 0x7c, 0x91, 0x7d, 0x8e, 0x6d, 0x78, 0x63, 0x7e,
	0x8f, 0x7c, 0x72, 0x7b, 0x7d, 0x86, 0x78, 0x6f, 0x99, 0x73, 0x72, 0x87,
	0x76, 0x88, 0x71, 0x57, 0x87, 0x86, 0x7d, 0x81, 0x68, 0x87, 0x6d, 0x77,
	0x84, 0x6b, 0x6b, 0x88, 0x64, 0x5a, 0x88, 0x76, 0x7e, 0x8f, 0x8e, 0x84,
	0x7a, 0x6b, 0x56, 0x80, 0x9b, 0x74, 0x71, 0x6d, 0x5e, 0x7b, 0x7c, 0x85,
	0x7d, 0x7f, 0x5e, 0x61, 0x72, 0x70, 0x86, 0x72, 0x8d, 0x93, 0x55, 0x77,
	0xa4, 0x71, 0x6e, 0x8e, 0x88, 0x75, 0x63, 0x6b, 0x91, 0x7b, 0x66, 0x7a,
	0x7d, 0x6f, 0x7a, 0x69, 0x6c, 0x64, 0x6a, 0x76, 0x75, 0x77, 0x84, 0x77,
	0x7f, 0x70, 0x59, 0x8b, 0x71, 0x70, 0x47, 0x7c, 0x7e, 0x76, 0x80, 0x7e,
	0x61, 0x52, 0x70, 0x70, 0x83, 0x51, 0x79, 0x62, 0x78, 0x6e, 0x6f, 0x68,
	0x71, 0x83, 0x7e, 0x6e, 0x73, 0x7c, 0x76, 0x84, 0xa1, 0x84, 0x6a, 0x90,
	0x7b, 0x81, 0x88, 0x79, 0x78, 0x81, 0x71, 0x80, 0x70, 0x89, 0x71, 0x83,
	0x86, 0x7e, 0x76, 0x6a, 0x7b, 0x5f, 0x80, 0x7b, 0x78, 0x73, 0x75, 0x4b,
	0x56, 0x7b, 0x8c, 0x59, 0x8f, 0x6f, 0x7e, 0x90, 0x4a, 0x5b, 0x5c, 0x5c,
	0x7a, 0x7b, 0x8d, 0x6d, 0x72, 0x57, 0x85, 0x8e, 0x5e, 0x6e, 0x7c, 0x73,
	0x72, 0x71, 0x8e, 0x76, 0x60, 0x6d, 0x76, 0x75, 0x8d, 0x67, 0x6e, 0x6c,
	0x8b, 0x8b, 0x90, 0x86, 0x66, 0x80, 0x89, 0x7c, 0x91, 0x8c, 0x6b, 0x74,
	0x84, 0x5f, 0x85, 0x72, 0x7a, 0x7d, 0x69, 0x6d, 0x77, 0x90, 0x9b, 0x8e,
	0x80, 0x85, 0x53, 0x70, 0x74, 0x6f, 0x73, 0x70, 0x80, 0x8c, 0x7c, 0x84,
	0x7b, 0x8b, 0x66, 0x5b, 0x74, 0x84, 0x7c, 0x4b, 0x6f, 0x80, 0x8d, 0x6b,
	0x91, 0x67, 0x67, 0x69, 0x68, 0x6d, 0x8d, 0x7a, 0x78, 0x74, 0x64, 0x8b,
	0x84, 0x78, 0x82, 0x68, 0x69, 0x6f, 0x82, 0x72, 0x7f, 0x85, 0x89, 0x74,
	0x6a, 0x73, 0x78, 0x6f, 0x84, 0x82, 0x9e, 0x7d, 0x75, 0x74, 0x6e, 0x5b,
	0x8e, 0x6f, 0x89, 0x8b, 0x82, 0x78, 0x76, 0x62, 0x91, 0x74, 0x87, 0x83,
	0x7e, 0x83, 0x7a, 0x7e, 0x7a, 0x87, 0x86, 0x8e, 0x7b, 0x80, 0x81, 0x80,
	0x88, 0x7d, 0x63, 0x76, 0x74, 0x75, 0x69, 0x7b, 0x8b, 0x64, 0x7d, 0x70,
	0x83, 0x86, 0x83, 0x8b, 0x7b, 0x76, 0x82, 0x65, 0x7b, 0x6b, 0x65, 0x8c,
	0x82, 0x74, 0x87, 0x91, 0x7c, 0x6c, 0x72, 0x69, 0xa0, 0x8a, 0x73, 0x79,
	0x88, 0x79, 0x71, 0x8b, 0x7c, 0x86, 0x81, 0x69, 0x75, 0x68, 0x80, 0x6e,
	0x5e, 0x78, 0x82, 0x69, 0x87, 0x7e, 0x70, 0x82, 0x99, 0x63, 0x6b, 0x98,
	0x91, 0x7c, 0x78, 0x7d, 0x71, 0x74, 0x70, 0x81, 0x6f, 0x74, 0x7b, 0x7e,
	0x83, 0x74, 0x6e, 0x7b, 0x82, 0x6c, 0x7d, 0x7a, 0x79, 0x76, 0x65, 0x7a,
	0x88, 0x77, 0x86, 0x87, 0x7a, 0x7c, 0x78, 0x75, 0x7b, 0x6d, 0x8a, 0x5e,
	0x4a, 0x93, 0x8f, 0x54, 0x71, 0x77, 0x77, 0x84, 0x73, 0x8e, 0x7c, 0x70,
	0x6d, 0x7a, 0x84, 0x8c, 0x5a, 0x6a, 0x76, 0x5d, 0x86, 0x63, 0x80, 0x60,
	0x6c, 0x60, 0x78, 0x7c, 0x7f, 0x89, 0x65, 0x6a, 0x94, 0x71, 0x87, 0x81,
	0x57, 0x72, 0x6c, 0x81, 0x76, 0x6f, 0x7d, 0x80, 0x55, 0x93, 0x5e, 0x8d,
	0x78, 0x71, 0x83, 0x7b, 0x78, 0x6c, 0x5c, 0x67, 0x7a, 0xa8, 0x5d, 0x67,
	0x71, 0x7c, 0x62, 0x88, 0x8e, 0x6d, 0x8c, 0x87, 0x74, 0x65, 0x6c, 0x71,
	0x6a, 0x6f, 0x69, 0x6e, 0x8d, 0x7c, 0x7c, 0x90, 0x6e, 0x73, 0x5f, 0x61,
	0x74, 0x78, 0x6f, 0x77, 0x65, 0x69, 0x72, 0x81, 0x7d, 0x6c, 0x7f, 0x65,
	0x74, 0x77, 0x6b, 0x64, 0x60, 0x85, 0x7f, 0x65, 0x7d, 0x80, 0x6c, 0x6e,
	0x8a, 0x7e, 0x69, 0x78, 0x58, 0x81, 0x6f, 0x8b, 0x64, 0x77, 0x74, 0x79,
	0x73, 0x6f, 0x8b, 0x7e, 0x67, 0x5c, 0x3b, 0x90, 0x90, 0x7e, 0x73, 0x86,
	0x6f, 0x77, 0x73, 0x5e, 0x7e, 0x77, 0x72, 0x60, 0x7b, 0x78, 0x86, 0x60,
	0x93, 0x87, 0x71, 0x7c, 0x82, 0x7a, 0x6a, 0x78, 0x66, 0x7c, 0x79, 0x8f,
	0x7f, 0x6b, 0x78, 0x92, 0x7e, 0x46, 0x6d, 0x66, 0x78, 0x73, 0x81, 0x7b,
	0x7c, 0x6b, 0x76, 0x7f, 0x6f, 0x77, 0x5e, 0x85, 0x80, 0x81, 0x81, 0x81,
	0x79, 0x71, 0x81, 0x7b, 0x80, 0x77, 0x6b, 0x6d, 0x77, 0x5c, 0x75, 0x77,
	0x86, 0x7c, 0x78, 0x62, 0x68, 0x80, 0x52, 0x7e, 0x6a, 0x76, 0x91, 0x74,
	0x7f, 0x6b, 0x4a, 0x6f, 0x56, 0x76, 0x97, 0x64, 0x60, 0x88, 0x76, 0x72,
	0x7c, 0x83, 0x71, 0x72, 0x82, 0x84, 0x76, 0x88, 0x7c, 0x55, 0x83, 0x74,
	0x71, 0x7b, 0x86, 0x73, 0x8c, 0x4d, 0x7a, 0x88, 0x6a, 0x88, 0x5e, 0x7d,
	0x7b, 0x7d, 0x7b, 0x6c, 0x75, 0x64, 0x70, 0x6d, 0x77, 0x84, 0x8e, 0x61,
	0x6a, 0x79, 0x67, 0x80, 0x82, 0x70, 0x71, 0x84, 0x75, 0x93, 0x87, 0x6c,
	0x67, 0x65, 0x79, 0x74, 0x67, 0x7d, 0x62, 0x64, 0x6e, 0x85, 0x84, 0x77,
	0x62, 0x76, 0xac, 0x67, 0x69, 0x52, 0x79, 0x6f, 0x71, 0x86, 0x58, 0x81,
	0x6a, 0x63, 0x81, 0x76, 0x84, 0x66, 0x6f, 0x75, 0x81, 0x90, 0x82, 0x5c,
	0x6f, 0x81, 0x5e, 0x82, 0x83, 0x7d, 0x78, 0x93, 0x60, 0x89, 0x98, 0x7b,
	0x7d, 0x7a, 0x74, 0x7d, 0x91, 0x6e, 0x73, 0x65, 0x78, 0x81, 0x6c, 0x70,
	0x7d, 0x66, 0x84, 0x6b, 0x90, 0x89, 0x82, 0x73, 0x6a, 0x81, 0x5b, 0x61,
	0x76, 0x8b, 0x61, 0x72, 0x5f, 0x6e, 0x73, 0x69, 0x62, 0x6a, 0x87, 0x44,
	0x85, 0x7b, 0x6b, 0x51, 0x70, 0x73, 0x7c, 0x8e, 0x91, 0x65, 0x86, 0x6e,
	0x7b, 0x6d, 0x72, 0x6c, 0x78, 0x70, 0x6b, 0x8d, 0x5a, 0x71, 0x8e, 0x6c,
	0x69, 0x73, 0x8c, 0x8f, 0x8a, 0x94, 0x77, 0x83, 0x79, 0x7d, 0x61, 0x82,
	0x82, 0x6f, 0x83, 0x72, 0x81, 0x83, 0x85, 0x72, 0x82, 0x77, 0x64, 0x7b,
	0x82, 0x8c, 0x9d, 0x7d, 0x8e, 0x82, 0x85, 0x7f, 0x6e, 0x7c, 0xa0, 0x7c,
	0x7a, 0x6f, 0x7e, 0x7f, 0x75, 0x6b, 0x96, 0x76, 0x67, 0x7c, 0x8f, 0x56,
	0x87, 0x60, 0x5f, 0x74, 0xa3, 0x7f, 0x9e, 0x82, 0x4c, 0x74, 0x71, 0x88,
	0x89, 0x7d, 0x6c, 0x74, 0x8c, 0x7f, 0x86, 0x7b, 0x72, 0x8e, 0x7f, 0x87,
	0x89, 0x77, 0x7e, 0x72, 0x7e, 0x6e, 0x76, 0x7d, 0x68, 0x7c, 0x76, 0x7f,
	0x67, 0x7f, 0x6c, 0x67, 0x70, 0x78, 0x7c, 0x78, 0x58, 0x6f, 0x89, 0x7d,
	0x78, 0x73, 0x84, 0x6d, 0x7f, 0x85, 0x7f, 0x7c, 0x8e, 0x6b, 0x70, 0x6e,
	0x70, 0x82, 0x74, 0x62, 0x7e, 0x51, 0x6d, 0x65, 0x62, 0x97, 0x7c, 0x88,
	0x62, 0x8c, 0x6b, 0x71, 0x88, 0x79, 0x86, 0x77, 0x7d, 0x7f, 0x8a, 0x90,
	0x7d, 0x76, 0x79, 0x56, 0x85, 0x8a, 0x7b, 0x55, 0x67, 0x7b, 0x8b, 0x7c,
	0x76, 0x6f, 0x6b, 0x8a, 0x9d, 0x7a, 0x6c, 0x62, 0x59, 0x8b, 0x68, 0x6b,
	0x87, 0x4b, 0x90, 0x85, 0x6f, 0xac, 0x75, 0x79, 0x75, 0x7f, 0x87, 0x71,
	0x7a, 0x86, 0x95, 0x3e, 0x3f, 0x6f, 0x7d, 0x89, 0x41, 0x78, 0x7b, 0x66,
	0x9c, 0x75, 0x6f, 0x7a, 0x7d, 0x77, 0x48, 0x77, 0x88, 0x67, 0x6d, 0x77,
	0x73, 0x8b, 0x86, 0x83, 0x90, 0x78, 0x88, 0x7f, 0x82, 0x8a, 0x51, 0x6e,
	0x6f, 0x7c, 0x60, 0x78, 0x6a, 0x80, 0x80, 0x76, 0x88, 0x7f, 0x68, 0x59,
	0x80, 0x77, 0x86, 0x5c, 0x84, 0x89, 0x88, 0x71, 0x75, 0x79, 0x5b, 0x8f,
	0x7c, 0x68, 0x78, 0x68, 0x6f, 0x78, 0x73, 0x6f, 0x8e, 0x9d, 0x7a, 0x6f,
	0x7b, 0x79, 0x96, 0x6e, 0x75, 0x93, 0x68, 0x86, 0x78, 0x8d, 0x72, 0x76,
	0x7c, 0x88, 0x69, 0x83, 0x5d, 0x88, 0x66, 0x7c, 0x8d, 0x6d, 0x86, 0x6f,
	0x62, 0x7d, 0x5a, 0x64, 0x82, 0x79, 0x78, 0x5a, 0x6b, 0x7d, 0x7b, 0x88,
	0x69, 0x8d, 0x76, 0x89, 0x89, 0x84, 0x89, 0x78, 0x63, 0x7a, 0x8c, 0x8f,
	0x6c, 0x8b, 0x66, 0x7d, 0x71, 0x86, 0x98, 0x6e, 0x71, 0x5f, 0x7c, 0x7a,
	0x7f, 0x79, 0x69, 0x60, 0x7e, 0x5e, 0x69, 0x8e, 0x77, 0x86, 0x92, 0x79,
	0x6c, 0x95, 0x9a, 0x70, 0x81, 0x72, 0x71, 0x7d, 0x8e, 0x8a, 0x64, 0x86,
	0x7e, 0x82, 0x8b, 0x85, 0x94, 0x66, 0x75, 0x61, 0x86, 0x78, 0x6c, 0x82,
	0x7e, 0x82, 0x65, 0x7e, 0x5c, 0x6f, 0x90, 0x84, 0x60, 0x60, 0x50, 0x8e,
	0x86, 0x98, 0x78, 0x7e, 0x7a, 0x80, 0x81, 0x87, 0x81, 0x69, 0x73, 0x61,
	0x62, 0x89, 0x76, 0x89, 0x79, 0x75, 0x81, 0x78, 0x7b, 0x76, 0x74, 0x6b,
	0x79, 0x80, 0x66, 0x71, 0x6f, 0x67, 0x8c, 0x92, 0x70, 0x7d, 0x89, 0x84,
	0x66, 0x76, 0x89, 0x81, 0x6d, 0x92, 0x7b, 0x70, 0x7b, 0x82, 0x98, 0x83,
	0x78, 0x7e, 0x58, 0x65, 0x6b, 0x76, 0x87, 0x63, 0x72, 0x76, 0x72, 0x51,
	0x6f, 0x8c, 0x77, 0x52, 0x8f, 0x4d, 0x5d, 0x90, 0x6f, 0x48, 0x7a, 0x7a,
	0x4b, 0x86, 0x5d, 0x7e, 0x79, 0x60, 0x97, 0x7d, 0x84, 0x57, 0x85, 0x72,
	0x78, 0x86, 0x7a, 0x6d, 0x78, 0x71, 0x79, 0x91, 0x79, 0x74, 0x7b, 0x83,
	0x84, 0x9c, 0x54, 0xa2, 0x69, 0x71, 0x8f, 0x8c, 0x72, 0x80, 0x51, 0x71,
	0x75, 0x58, 0x83, 0x67, 0x7b, 0x7d, 0x9b, 0x62, 0x62, 0x63, 0x6f, 0x7d,
	0x68, 0x58, 0x47, 0x67, 0x66, 0x90, 0x7a, 0x72, 0x85, 0x9f, 0x80, 0x78,
	0x8c, 0x69, 0x69, 0x71, 0x78, 0x83, 0x7d, 0x71, 0x90, 0x98, 0x71, 0x85,
	0x77, 0x8b, 0x8e, 0x4e, 0x7d, 0x6f, 0x82, 0x79, 0x84, 0x7b, 0x91, 0x67,
	0x60, 0x99, 0x8a, 0x7e, 0x85, 0x79, 0x7e, 0x71, 0x6b, 0x7b, 0x7e, 0x85,
	0x68, 0x84, 0x6e, 0x84, 0x7b, 0x80, 0x6b, 0x71, 0x86, 0x8a, 0x7a, 0x70,
	0x6e, 0x83, 0x88, 0x83, 0x83, 0x79, 0x70, 0x64, 0x86, 0x84, 0x62, 0x80,
	0x85, 0x82, 0x95, 0x77, 0x7e, 0x7f, 0x6f, 0x7c, 0x7d, 0x79, 0x7e, 0x71,
	0x79, 0x79, 0x7a, 0x81, 0x7a, 0x79, 0x7c, 0x87, 0x80, 0x82, 0x84, 0x8a,
	0x82, 0x8b, 0x7a, 0x86, 0x6e, 0x85, 0x5e, 0x85, 0x78, 0x83, 0x90, 0x6b,
	0x87, 0x75, 0x75, 0x78, 0x81, 0x8b, 0x77, 0x77, 0x84, 0x8a, 0x70, 0x5b,
	0x6e, 0x79, 0x7e, 0x72, 0x85, 0x70, 0x7f, 0x7b, 0x78, 0x77, 0x76, 0x76,
	0x82, 0x62, 0x61, 0x6c, 0x64, 0x7d, 0x86, 0x89, 0x7a, 0x69, 0x75, 0x70,
	0x7c, 0x80, 0x7c, 0x80, 0x84, 0x78, 0x7e, 0x6c, 0x72, 0x65, 0x7e, 0x7d,
	0x89, 0x5a, 0x7c, 0x47, 0x71, 0x8e, 0x61, 0x8a, 0x6c, 0x77, 0x79, 0x89,
	0x81, 0x7c, 0x67, 0x5e, 0x8c, 0x7a, 0x7c, 0x83, 0x76, 0x71, 0x81, 0x64,
	0x73, 0x60, 0x78, 0x60, 0x6a, 0x7e, 0x9d, 0x80, 0x61, 0x67, 0x85, 0x76,
	0x72, 0x75, 0x72, 0x79, 0x77, 0x7a, 0x7d, 0x7d, 0x6c, 0x6d, 0x83, 0x7f,
	0x65, 0x83, 0x69, 0x7b, 0x6f, 0x7e, 0x8f, 0x52, 0x71, 0x74, 0xa5, 0x78,
	0x53, 0x66, 0x92, 0x6c, 0x7f, 0x6f, 0x89, 0x72, 0x61, 0x75, 0x79, 0x6d,
	0x6c, 0x7e, 0x63, 0x65, 0x74, 0x61, 0x7d, 0x7b, 0x88, 0x55, 0x85, 0x8a,
	0x77, 0x65, 0x66, 0x7e, 0x4f, 0x8c, 0x7d, 0x66, 0x6b, 0x7a, 0x87, 0x96,
	0x7e, 0x95, 0x74, 0x90, 0x90, 0x70, 0x87, 0x60, 0x5e, 0x87, 0x70, 0x7c,
	0x85, 0x90, 0x88, 0x82, 0x79, 0x71, 0x55, 0x81, 0x7d, 0x91, 0x81, 0x70,
	0x7f, 0x72, 0x7b, 0x80, 0x5c, 0x83, 0x69, 0x70, 0x6b, 0x7d, 0x8c, 0x60,
	0x6d, 0x5e, 0x7f, 0x85, 0x78, 0x83, 0x5a, 0x76, 0x6b, 0x7b, 0x68, 0x6e,
	0xa4, 0x58, 0x9b, 0x6d, 0x91, 0x7b, 0x7c, 0x84, 0x87, 0x4d, 0x79, 0x5b,
	0x78, 0x72, 0x7f, 0x57, 0x7a, 0x9f, 0x80, 0x50, 0x66, 0x66, 0x62, 0x73,
	0x7e, 0x7e, 0x97, 0x7e, 0x4d, 0x82, 0x87, 0x98, 0x88, 0x69, 0x75, 0x60,
	0x6c, 0x7a, 0x76, 0x68, 0x8b, 0x44, 0x80, 0x8e, 0x5c, 0x88, 0xa1, 0x52,
	0x6c, 0x60, 0x71, 0x88, 0x7c, 0x83, 0x6f, 0x90, 0x60, 0x7b, 0x60, 0x8b,
	0x86, 0x89, 0x73, 0x72, 0x79, 0x77, 0x67, 0x6d, 0x82, 0x8f, 0x74, 0x8a,
	0x7b, 0x6a, 0x74, 0x5e, 0x73, 0x7d, 0x8c, 0x88, 0x73, 0x73, 0x69, 0x92,
	0x7c, 0x9e, 0x8c, 0x60, 0x68, 0x6c, 0x85, 0x7c, 0x7b, 0x90, 0x88, 0x7c,
	0x79, 0x66, 0x7e, 0x88, 0x96, 0x6e, 0x7b, 0x85, 0x73, 0x8b, 0x86, 0x72,
	0x6e, 0x79, 0x6e, 0x5e, 0x72, 0x65, 0x7f, 0x5e, 0x79, 0x9a, 0x6f, 0x74,
	0x8f, 0x5e, 0x95, 0x89, 0x83, 0x88, 0x7e, 0x8b, 0x73, 0x97, 0x8d, 0x81,
	0x6b, 0x86, 0x92, 0x62, 0x7f, 0x8c, 0x6e, 0x61, 0x7e, 0x6f, 0x83, 0x79,
	0x82, 0x7c, 0x77, 0x6c, 0x62, 0x67, 0x72, 0x5d, 0x60, 0x8c, 0x7d, 0x4e,
	0x72, 0x79, 0x85, 0x77, 0x64, 0x9a, 0x78, 0x92, 0xa7, 0x80, 0x89, 0x80,
	0x67, 0x5d, 0x7d, 0x8c, 0x75, 0x4e, 0x6d, 0xa7, 0x60, 0x78, 0x7c, 0x82,
	0x6e, 0x84, 0x72, 0x61, 0x9f, 0x7b, 0x78, 0x7d, 0x8e, 0x72, 0x46, 0x62,
	0x78, 0x5f, 0x67, 0x73, 0x82, 0x81, 0x85, 0x7f, 0x73, 0x88, 0x69, 0x5e,
	0x7f, 0x62, 0x7f, 0x77, 0x56, 0x7a, 0x66, 0x94, 0x5b, 0x6a, 0x86, 0x79,
	0x6a, 0x6b, 0x76, 0x7b, 0x85, 0x72, 0x8b, 0x5f, 0x72, 0x8b, 0x6d, 0x85,
	0x83, 0x7a, 0x61, 0x6c, 0x78, 0x59, 0x8a, 0x59, 0x8a, 0x78, 0x79, 0x64,
	0x71, 0x88, 0x8c, 0x5b, 0x84, 0x86, 0x7d, 0x93, 0x90, 0xa2, 0x7e, 0x69,
	0x5c, 0x8b, 0x83, 0x65, 0x56, 0x81, 0x7a, 0x7d, 0x80, 0x96, 0x6e, 0x88,
	0x6d, 0x85, 0x5e, 0x7e, 0x85, 0x81, 0x75, 0x4d, 0x80, 0x88, 0x78, 0x8b,
	0x80, 0x89, 0x69, 0x69, 0x85, 0x7b, 0x67, 0x81, 0x88, 0x89, 0x8e, 0x84,
	0x6a, 0x7c, 0x6b, 0x83, 0x68, 0x83, 0x7d, 0x6a, 0x7d, 0x5d, 0x71, 0x70,
	0x5a, 0x71, 0x67, 0x72, 0x7b, 0x83, 0x71, 0x8b, 0x91, 0x87, 0x8a, 0x8f,
	0x6d, 0x8b, 0x6c, 0x85, 0x73, 0x85, 0x87, 0x70, 0x6c, 0x71, 0x7d, 0x70,
	0x6d, 0x8c, 0x6a, 0x69, 0x8a, 0x81, 0x73, 0x66, 0x63, 0x71, 0x72, 0x5b,
	0x7d, 0x6f, 0x7a, 0x79, 0x7e, 0x7f, 0x65, 0x67, 0x77, 0x67, 0x76, 0x78,
	0x4c, 0x73, 0x82, 0x77, 0x69, 0x73, 0x7c, 0x72, 0x74, 0x82, 0x7a, 0x81,
	0x7a, 0x68, 0x77, 0x79, 0x72, 0x7c, 0xa3, 0x6d, 0x80, 0x5c, 0x86, 0x6b,
	0x74, 0x74, 0x6d, 0x8f, 0x78, 0x79, 0x8b, 0x89, 0x8b, 0x80, 0x5e, 0x7a,
	0x8e, 0x79, 0x89, 0x80, 0x68, 0x83, 0x76, 0x6f, 0x70, 0x99, 0x7e, 0x81,
	0x50, 0x83, 0x97, 0x75, 0x81, 0x8a, 0x91, 0xa8, 0x8c, 0x76, 0x85, 0x95,
	0x74, 0x89, 0x63, 0x65, 0x8e, 0x87, 0x85, 0x92, 0x79, 0x84, 0x95, 0x82,
	0x77, 0x7e, 0x8a, 0x88, 0x6c, 0x68, 0x79, 0x8c, 0x6f, 0x60, 0x8d, 0x74,
	0x7c, 0x84, 0x77, 0x78, 0x56, 0x7c, 0x6d, 0x7d, 0x72, 0x74, 0x5f, 0x74,
	0x74, 0x64, 0x78, 0x85, 0x7f, 0x6f, 0x71, 0x82, 0x79, 0x82, 0x6b, 0x7b,
	0x72, 0x86, 0x67, 0x5f, 0x74, 0x6d, 0x87, 0x75, 0x6d, 0x82, 0x80, 0x84,
	0x74, 0x6b, 0x69, 0x64, 0x6b, 0x85, 0x7d, 0x81, 0x82, 0x6e, 0x4c, 0x7c,
	0x6f, 0x7e, 0x6c, 0x95, 0x82, 0x7d, 0x78, 0x7c, 0x87, 0x77, 0x89, 0x6d,
	0x65, 0x66, 0x80, 0x65, 0x5d, 0x78, 0x71, 0x70, 0x72, 0x79, 0x95, 0x8b,
	0x75, 0x8c, 0x7b, 0x6f, 0x8a, 0x78, 0x77, 0x78, 0x64, 0x77, 0x7d, 0x6e,
	0x86, 0x7d, 0x7c, 0x82, 0x71, 0x78, 0x8c, 0x60, 0x99, 0x85, 0x6a, 0x7e,
	0x6e, 0x95, 0x85, 0x6d, 0x76, 0x78, 0x88, 0x77, 0x79, 0x75, 0x7f, 0x78,
	0x50, 0x86, 0x7f, 0x7b, 0x7a, 0x6f, 0x70, 0x86, 0x44, 0x94, 0x81, 0x7c,
	0x80, 0x47, 0x9a, 0x7b, 0x6b, 0x83, 0x73, 0x75, 0x87, 0x7c, 0x70, 0x6b,
	0x86, 0x7c, 0x88, 0x8b, 0x77, 0x82, 0x77, 0x5e, 0x8c, 0x80, 0x77, 0x73,
	0x82, 0x8f, 0x65, 0x7a, 0x6b, 0x6b, 0x6f, 0x7c, 0x86, 0x8a, 0x62, 0x77,
	0x8e, 0x8e, 0x7a, 0x87, 0x73, 0x6f, 0x54, 0x87, 0x8b, 0x8d, 0x6e, 0x85,
	0x7e, 0x80, 0x89, 0x7d, 0x82, 0x98, 0x74, 0x77, 0x7b, 0x84, 0x8c, 0x81,
	0x90, 0x6d, 0x6e, 0x80, 0x69, 0x9e, 0x95, 0x82, 0x95, 0x8b, 0x6b, 0x71,
	0x84, 0x6e, 0x73, 0x5c, 0x6a, 0x95, 0x63, 0x8a, 0x90, 0x7b, 0x99, 0x87,
	0x9d, 0x68, 0x80, 0x91, 0x84, 0x64, 0xa1, 0x47, 0x7b, 0x83, 0x60, 0x8d,
	0x6c, 0x6d, 0x77, 0x7d, 0x4f, 0x7b, 0x4d, 0x4d, 0x92, 0x7d, 0x9c, 0x70,
	0x6f, 0x8d, 0x6c, 0x83, 0x5b, 0x6e, 0x67, 0x76, 0x87, 0x6d, 0x4e, 0x89,
	0x7f, 0x80, 0x7d, 0x63, 0x59, 0x92, 0x55, 0x7f, 0x82, 0x7f, 0x8a, 0x7a,
	0x65, 0x83, 0x75, 0x65, 0x77, 0x82, 0x81, 0x86, 0x6d, 0x84, 0x74, 0x5b,
	0x77, 0x84, 0x82, 0x8d, 0x74, 0x83, 0x6f, 0x78, 0x8a, 0x7b, 0x78, 0x5d,
	0x48, 0x70, 0x74, 0x85, 0x6e, 0x82, 0x8f, 0x79, 0x72, 0x70, 0x72, 0x81,
	0x5d, 0x79, 0x72, 0x6f, 0x6b, 0x56, 0x89, 0x84, 0x5f, 0x81, 0x7c, 0xa1,
	0x74, 0x93, 0x6c, 0x8d, 0x73, 0x6c, 0x65, 0x8d, 0x48, 0x81, 0x88, 0x80,
	0x7e, 0x67, 0xa8, 0x86, 0x37, 0x87, 0x8e, 0x93, 0x7c, 0x7d, 0x7d, 0x77,
	0x81, 0x7a, 0x88, 0x4a, 0x73, 0xa0, 0x7d, 0x7c, 0x87, 0x83, 0x72, 0x74,
	0x77, 0x7f, 0x88, 0x65, 0x7e, 0x9b, 0x68, 0x83, 0x89, 0x7f, 0x7c, 0x60,
	0x8f, 0x71, 0x6b, 0x84, 0x7c, 0x8e, 0x80, 0x65, 0x8c, 0x72, 0x74, 0x8e,
	0x69, 0x79, 0x86, 0x7a, 0x66, 0x7b, 0x74, 0x7c, 0x88, 0x62, 0x8e, 0x5f,
	0x82, 0x8d, 0x80, 0x8a, 0x82, 0x53, 0x8c, 0x70, 0x64, 0x63, 0x8b, 0x61,
	0x6b, 0x6b, 0x65, 0x8a, 0x90, 0x74, 0x8d, 0x78, 0x80, 0x7e, 0x85, 0x72,
	0x8d, 0x77, 0x70, 0x8d, 0x98, 0x7a, 0x8c, 0x86, 0x75, 0x79, 0x87, 0x67,
	0x7f, 0x79, 0x76, 0x64, 0x8d, 0x9f, 0x7c, 0x87, 0x74, 0x89, 0x53, 0x93,
	0x8d, 0x60, 0x6d, 0x80, 0x6b, 0x7f, 0x67, 0x80, 0x6f, 0x83, 0x87, 0x78,
	0x75, 0x80, 0x75, 0x88, 0x67, 0x80, 0x7d, 0x70, 0x8d, 0x7f, 0x79, 0x7a,
	0x63, 0x79, 0x6f, 0x60, 0x87, 0x72, 0x56, 0x64, 0x6a, 0x8c, 0x76, 0x88,
	0x86, 0x82, 0x9a, 0x7f, 0x73, 0x80, 0x79, 0x7a, 0x77, 0x79, 0x83, 0x69,
	0x6d, 0x81, 0x68, 0x7e, 0x95, 0x89, 0x86, 0x71, 0x88, 0x98, 0x7d, 0x79,
	0x7e, 0x62, 0x6b, 0x5e, 0x99, 0x7a, 0x8d, 0x85, 0x85, 0x61, 0x6b, 0x6d,
	0x61, 0x78, 0x7d, 0x6f, 0x80, 0x76, 0x6a, 0x89, 0x8b, 0x93, 0x7b, 0x91,
	0x72, 0x8d, 0x58, 0x90, 0x5e, 0x68, 0x79, 0x63, 0x76, 0x6b, 0x88, 0x92,
	0x72, 0x80, 0x61, 0x8f, 0x54, 0x71, 0x49, 0x82, 0x6f, 0x68, 0x88, 0x79,
	0x8b, 0x73, 0x7f, 0x92, 0x8e, 0x48, 0x7d, 0x6b, 0x7d, 0x5d, 0x83, 0x79,
	0x83, 0x62, 0x7d, 0x76, 0x8b, 0x62, 0x66, 0x70, 0x65, 0x78, 0x71, 0x99,
	0x63, 0x76, 0x85, 0x81, 0x85, 0x66, 0x70, 0x89, 0x84, 0x7f, 0x53, 0x7c,
	0x7f, 0x5d, 0x8f, 0x8e, 0x62, 0x84, 0x6e, 0x6a, 0x59, 0x85, 0x7b, 0x73,
	0x84, 0x93, 0x89, 0x63, 0x7e, 0x7c, 0x80, 0x74, 0x7c, 0x7f, 0x5f, 0x7e,
	0xa0, 0x7a, 0x94, 0x7b, 0x6b, 0x7e, 0x6c, 0x80, 0x90, 0x71, 0x89, 0x86,
	0x61, 0x66, 0x74, 0x70, 0x89, 0x65, 0x8a, 0x4f, 0x8c, 0x76, 0x7b, 0x84,
	0x6a, 0x85, 0x75, 0x84, 0x7f, 0x74, 0x70, 0x6a, 0x44, 0x88, 0x96, 0x88,
	0x6d, 0x8e, 0x79, 0x84, 0x72, 0x80, 0x81, 0x88, 0x6f, 0x6f, 0x88, 0x8f,
	0x7f, 0x72, 0x86, 0x4d, 0x7d, 0x53, 0x76, 0x81, 0x8a, 0x88, 0x86, 0x8b,
	0x76, 0x95, 0x9b, 0x8b, 0x8d, 0x81, 0x76, 0x72, 0x7f, 0x74, 0x68, 0x82,
	0x80, 0x99, 0x7e, 0x8f, 0x7c, 0x6d, 0x7d, 0x6c, 0x8e, 0x6c, 0x66, 0x84,
	0x7c, 0x8a, 0x63, 0x89, 0x64, 0x88, 0x79, 0x6d, 0x82, 0x6f, 0x84, 0x85,
	0x88, 0x80, 0x61, 0x75, 0x86, 0x6e, 0x88, 0x84, 0x77, 0x61, 0x50, 0x73,
	0x71, 0x6f, 0x7f, 0x89, 0x7f, 0x94, 0x77, 0x6c, 0x7c, 0x61, 0x66, 0x5d,
	0x79, 0x78, 0x68, 0x7a, 0x87, 0x82, 0x89, 0x82, 0x73, 0x83, 0x92, 0x82,
	0x79, 0x90, 0x95, 0x7f, 0x74, 0x85, 0x86, 0x87, 0x7c, 0x61, 0x87, 0x61,
	0x88, 0xa0, 0x78, 0x7e, 0x78, 0x75, 0x97, 0x7c, 0x65, 0x7a, 0x7a, 0x65,
	0x6d, 0x58, 0x5e, 0x73, 0x86, 0x6b, 0x8c, 0x9b, 0x7c, 0x62, 0x81, 0x7a,
	0x5c, 0x70, 0x50, 0x62, 0x80, 0x90, 0x8d, 0x73, 0x7c, 0x63, 0x6f, 0x66,
	0x57, 0x84, 0x6c, 0x6c, 0x71, 0x83, 0x89, 0x7e, 0x85, 0x75, 0x81, 0x73,
	0x74, 0x90, 0x78, 0x90, 0x7c, 0x7f, 0x7b, 0x81, 0x91, 0x7f, 0x77, 0x6f,
	0x7a, 0x7a, 0x63, 0x61, 0x7d, 0x87, 0x85, 0x88, 0x6e, 0x54, 0x7f, 0x97,
	0x63, 0x8c, 0x6b, 0x64, 0x7e, 0x75, 0x7d, 0x45, 0x6b, 0x6f, 0x67, 0x8c,
	0x96, 0x52, 0x6c, 0x83, 0x84, 0x85, 0x6f, 0x6a, 0x78, 0x87, 0x86, 0x8b,
	0x90, 0x91, 0x31, 0x85, 0x77, 0x7e, 0x84, 0x7c, 0x87, 0x5e, 0x76, 0x5c,
	0x6a, 0x8f, 0x73, 0x86, 0x62, 0x67, 0x6c, 0x5e, 0x7e, 0x63, 0x6d, 0x7b,
	0x76, 0x64, 0x8d, 0x78, 0x73, 0x69, 0x5b, 0x7d, 0x92, 0x83, 0x5e, 0x7e,
	0x57, 0x5c, 0x6b, 0x78, 0x89, 0x86, 0x6e, 0x71, 0x81, 0x76, 0x7e, 0x6c,
	0x74, 0x83, 0x79, 0x72, 0x7b, 0x7c, 0x81, 0x7e, 0x84, 0x78, 0x63, 0x65,
	0x64, 0x81, 0x7b, 0x7c, 0x79, 0x7e, 0x74, 0x79, 0x73, 0x85, 0x7e, 0x81,
	0x71, 0x76, 0x9c, 0x73, 0x63, 0x72, 0x76, 0x7e, 0x80, 0x7d, 0x8b, 0x7a,
	0x62, 0x67, 0x8b, 0x67, 0x93, 0x71, 0x6e, 0x9b, 0x78, 0x77, 0x7d, 0x80,
	0x83, 0x5e, 0x64, 0x7e, 0x7e, 0x81, 0x8e, 0x7e, 0x69, 0x8e, 0x89, 0x78,
	0x7d, 0x6c, 0x7d, 0x65, 0x7b, 0x79, 0x77, 0x7b, 0x72, 0x79, 0x6e, 0x60,
	0x73, 0x7e, 0x5a, 0x8c, 0x6c, 0x84, 0x6d, 0x71, 0x67, 0x79, 0x6d, 0x62,
	0x48, 0x87, 0x79, 0x84, 0x77, 0x75, 0x5e, 0x8d, 0x78, 0x5f, 0x6f, 0x79,
	0x66, 0x82, 0x6a, 0x5a, 0x97, 0x7d, 0x79, 0x80, 0x9e, 0x6e, 0x75, 0x64,
	0x81, 0x82, 0x90, 0x7b, 0x7c, 0x69, 0x87, 0x81, 0x6c, 0x97, 0x7f, 0x70,
	0x7f, 0x8e, 0x74, 0x84, 0x9f, 0x6e, 0x87, 0x75, 0x7a, 0x95, 0x78, 0x74,
	0x7b, 0x7e, 0x83, 0x8d, 0x81, 0x9b, 0x89, 0x7b, 0x83, 0x77, 0x7c, 0x93,
	0x68, 0x7c, 0x7e, 0x81, 0x7c, 0x87, 0x76, 0x82, 0x85, 0x81, 0x6d, 0x8f,
	0x79, 0x7e, 0x7d, 0x8e, 0x75, 0x7b, 0x63, 0x83, 0x79, 0x7b, 0x81, 0x75,
	0x79, 0x7e, 0x75, 0x6d, 0x74, 0x7c, 0x79, 0x7f, 0x88, 0x7f, 0x57, 0x6c,
	0x75, 0x87, 0x6f, 0x81, 0x86, 0x7e, 0x85, 0x94, 0x80, 0x80, 0x74, 0x77,
	0x6e, 0x80, 0x62, 0x89, 0x7f, 0x71, 0x64, 0x81, 0x7a, 0x89, 0x85, 0x61,
	0x6e, 0x7f, 0x66, 0x70, 0x7e, 0x82, 0x74, 0x7c, 0x79, 0x7b, 0x7d, 0x7e,
	0x74, 0x7c, 0x71, 0x79, 0x74, 0x70, 0x8b, 0x84, 0x6a, 0x76, 0x7d, 0x75,
	0x88, 0x80, 0x9c, 0x7f, 0x80, 0x82, 0x91, 0x86, 0x8a, 0x71, 0x71, 0x92,
	0x7f, 0x7f, 0x60, 0x70, 0x76, 0x79, 0x80, 0x88, 0x60, 0x7c, 0x81, 0x73,
	0x69, 0x6e, 0x7f, 0x71, 0x55, 0x62, 0x60, 0x83, 0x79, 0x70, 0x7a, 0x7c,
	0x84, 0x68, 0x81, 0x81, 0x8f, 0x7c, 0x90, 0x89, 0x74, 0x80, 0x7e, 0x72,
	0x79, 0x5c, 0x6b, 0x8b, 0x5e, 0x78, 0x8f, 0x75, 0x76, 0x6a, 0x6f, 0x76,
	0x80, 0x84, 0x73, 0x97, 0x7f, 0x70, 0x5a, 0x8f, 0x92, 0x79, 0x83, 0x77,
	0x8b, 0x78, 0x67, 0x86, 0x76, 0x8c, 0x7f, 0x87, 0x86, 0x70, 0x75, 0x8a,
	0x70, 0x84, 0x86, 0x73, 0x72, 0x76, 0x75, 0x80, 0x89, 0x7f, 0xa1, 0x86,
	0x82, 0x7f, 0xa4, 0x85, 0x85, 0x6a, 0x6c, 0x90, 0x72, 0xac, 0x53, 0x81,
	0x7f, 0x67, 0x72, 0x84, 0x8e, 0x56, 0x6f, 0x5f, 0x4c, 0x9c, 0x8a, 0x81,
	0x93, 0x6d, 0x79, 0x6f, 0x80, 0x76, 0x71, 0x74, 0x7d, 0x6b, 0x93, 0x51,
	0x82, 0x79, 0x77, 0x83, 0x75, 0x70, 0x76, 0x8e, 0x86, 0x89, 0x7b, 0x6e,
	0x68, 0x77, 0x66, 0x63, 0x90, 0x72, 0x70, 0x62, 0xae, 0x76, 0x6e, 0x55,
	0x75, 0x8a, 0x84, 0x6c, 0x70, 0x8a, 0x7c, 0x7f, 0x48, 0x91, 0x52, 0x8c,
	0x7e, 0x5d, 0x6f, 0x85, 0x71, 0x8a, 0x6e, 0x6b, 0x8a, 0x65, 0x67, 0x79,
	0x72, 0x84, 0x57, 0xa4, 0x6e, 0x71, 0x79, 0x9d, 0x8f, 0x73, 0x60, 0x67,
	0x7a, 0x72, 0x6e, 0x62, 0x70, 0x73, 0x92, 0x5a, 0x64, 0x7b, 0x91, 0x8d,
	0x75, 0x67, 0x8c, 0x66, 0x82, 0x63, 0x71, 0x75, 0x82, 0x6e, 0x88, 0x7f,
	0x77, 0x7b, 0x7d, 0x8e, 0x73, 0x6d, 0x6e, 0x93, 0x6a, 0x6f, 0x85, 0x95,
	0x65, 0x6a, 0x85, 0x66, 0x73, 0x67, 0x6c, 0x73, 0x86, 0x5c, 0x8d, 0x7b,
	0x97, 0x8e, 0x60, 0x89, 0x7c, 0x6c, 0x9f, 0x52, 0x6d, 0x73, 0x5b, 0x7d,
	0x89, 0x54, 0x80, 0x7d, 0x76, 0x8b, 0x96, 0x86, 0x98, 0x94, 0x76, 0x8a,
	0x64, 0x60, 0x80, 0x75, 0x82, 0x6c, 0x8d, 0x5a, 0x8a, 0x84, 0x67, 0x86,
	0x87, 0x7c, 0x61, 0x77, 0x82, 0x76, 0x76, 0x6f, 0x5b, 0x95, 0x93, 0x6b,
	0x7e, 0x8e, 0x7e, 0x83, 0x67, 0x73, 0x71, 0x7e, 0x88, 0x6a, 0x83, 0x79,
	0x61, 0x80, 0x73, 0x5f, 0x83, 0x6e, 0x7a, 0x7f, 0x7e, 0x81, 0x89, 0x84,
	0x72, 0x93, 0x89, 0x88, 0xa3, 0x83, 0x7c, 0x79, 0x85, 0x78, 0x5a, 0x77,
	0x90, 0x84, 0x7a, 0x7d, 0x80, 0x77, 0x76, 0x60, 0x75, 0x78, 0x5d, 0x78,
	0x81, 0x83, 0x52, 0x83, 0x6d, 0x7c, 0x79, 0x73, 0x82, 0x89, 0x81, 0xa0,
	0x78, 0x90, 0x6c, 0x69, 0x81, 0x7b, 0x6b, 0x96, 0x78, 0x5d, 0x58, 0x71,
	0x5b, 0x7e, 0x8a, 0x89, 0x89, 0x87, 0x80, 0x81, 0x87, 0x72, 0x6c, 0x6b,
	0x70, 0x83, 0x80, 0x8b, 0x8a, 0x5f, 0x8e, 0x7d, 0x83, 0x83, 0x76, 0x94,
	0x6c, 0x96, 0x94, 0x75, 0x7d, 0x8e, 0x72, 0x70, 0x7a, 0x81, 0x7f, 0x61,
	0x74, 0x6d, 0x80, 0x58, 0x66, 0x6b, 0x67, 0x7b, 0x9e, 0x8b, 0x73, 0x86,
	0x56, 0x84, 0x83, 0x61, 0x88, 0x66, 0x81, 0x8b, 0x73, 0x85, 0x60, 0x82,
	0x8f, 0x78, 0x82, 0x63, 0x9c, 0x5f, 0x89, 0x85, 0x5e, 0x5c, 0x6f, 0x62,
	0x52, 0x78, 0x6f, 0x85, 0x6b, 0x84, 0x84, 0x62, 0x8a, 0x7d, 0x7f, 0x70,
	0x82, 0xa3, 0x74, 0x7b, 0x72, 0x74, 0x82, 0x80, 0x80, 0x8a, 0x82, 0x6d,
	0x6e, 0x7e, 0x7a, 0x67, 0x78, 0x7c, 0x82, 0x7c, 0x78, 0x73, 0x70, 0x74,
	0x7a, 0x93, 0x81, 0x72, 0x61, 0x69, 0x78, 0x43, 0x90, 0x84, 0x53, 0x60,
	0x84, 0x75, 0x8b, 0x8d, 0x6b, 0x74, 0x75, 0x6f, 0x92, 0x6d, 0x6a, 0x76,
	0x5e, 0x7c, 0x5b, 0x7e, 0x71, 0x92, 0x82, 0x7e, 0x65, 0x90, 0x5a, 0x54,
	0x89, 0xae, 0x76, 0x8c, 0x7f, 0x6c, 0x7b, 0x74, 0x68, 0x71, 0x71, 0x71,
	0x7d, 0x70, 0x80, 0x83, 0x81, 0x64, 0x83, 0x89, 0x82, 0x8d, 0x6e, 0x7d,
	0x87, 0x85, 0x7a, 0x7f, 0x6f, 0x89, 0x72, 0x78, 0x87, 0x74, 0x71, 0x58,
	0x44, 0x8a, 0x88, 0x84, 0x75, 0x7e, 0x7b, 0x78, 0x7a, 0x79, 0x7e, 0x7a,
	0x7a, 0x7f, 0x81, 0x68, 0x71, 0x7b, 0x6b, 0x79, 0x79, 0x7d, 0x7f, 0x8c,
	0x7f, 0x88, 0x82, 0x87, 0x8b, 0x8f, 0x68, 0x82, 0x86, 0x82, 0x75, 0x7e,
	0x7e, 0x77, 0x7a, 0x6f, 0x86, 0x6d, 0x70, 0x6e, 0x85, 0x6d, 0x6f, 0x81,
	0x8c, 0x7a, 0x78, 0x86, 0x76, 0x81, 0x6b, 0x79, 0x7e, 0x82, 0x80, 0x6f,
	0x79, 0x7b, 0x8d, 0x80, 0x7e, 0x91, 0x6d, 0x7c, 0x72, 0x77, 0x85, 0x7b,
	0x68, 0x88, 0x6b, 0x80, 0x76, 0x76, 0x75, 0x82, 0x6e, 0x69, 0x89, 0x60,
	0x79, 0x6c, 0x84, 0x80, 0x85, 0x85, 0x70, 0x7f, 0x89, 0x96, 0x91, 0x99,
	0x76, 0x82, 0x90, 0x6e, 0x86, 0x78, 0x83, 0x60, 0x7f, 0x7f, 0x83, 0x82,
	0x70, 0x7e, 0x83, 0x7b, 0x7c, 0x7b, 0x73, 0x7f, 0x71, 0x6e, 0x81, 0x68,
	0x7b, 0x73, 0x8a, 0x86, 0x75, 0x7f, 0x67, 0x8a, 0x90, 0x7e, 0x73, 0x81,
	0x63, 0x73, 0x5f, 0x88, 0x63, 0x7e, 0x75, 0x59, 0x85, 0x83, 0x73, 0x89,
	0x82, 0x6c, 0x84, 0x7a, 0x80, 0x84, 0x77, 0x7f, 0x56, 0x7e, 0x7a, 0x7c,
	0x83, 0x6f, 0x7a, 0x70, 0x64, 0x7c, 0x93, 0x73, 0x62, 0x72, 0x6b, 0x79,
	0x82, 0x6e, 0x63, 0x7f, 0x77, 0x7e, 0x7a, 0x60, 0x80, 0x82, 0x7a, 0x70,
	0x6f, 0x84, 0x7b, 0x81, 0x76, 0x7f, 0x70, 0x7b, 0x6e, 0x84, 0x70, 0x6f,
	0x76, 0x6b, 0x58, 0x77, 0x7f, 0x79, 0x6d, 0x66, 0x6e, 0x91, 0x73, 0x75,
	0x75, 0x58, 0x91, 0x7b, 0x77, 0x7e, 0x79, 0x7e, 0x78, 0x7b, 0x77, 0x6c,
	0x62, 0x81, 0x94, 0x7e, 0x5a, 0x91, 0x6e, 0x7d, 0x79, 0x73, 0x64, 0x59,
	0x79, 0x84, 0x83, 0x75, 0x83, 0x8c, 0x7f, 0x75, 0x73, 0x89, 0x61, 0x60,
	0x8b, 0x7d, 0x7e, 0x6f, 0x8a, 0x74, 0x73, 0x84, 0x7a, 0x78, 0x82, 0x6c,
	0x83, 0x75, 0x79, 0x8e, 0x80, 0x7b, 0x7e, 0x7a, 0x81, 0x6c, 0x80, 0x83,
	0x65, 0x7a, 0x7a, 0x88, 0x71, 0x56, 0x74, 0x85, 0x71, 0x7e, 0x8f, 0x60,
	0x81, 0x6f, 0x73, 0x7b, 0x78, 0x72, 0x7f, 0x64, 0x6d, 0x86, 0x88, 0x7b,
	0x82, 0x7e, 0x79, 0x7a, 0x89, 0x6f, 0x74, 0x71, 0x7b, 0x85, 0x88, 0x8b,
	0x8b, 0x6c, 0x77, 0x6e, 0x88, 0x75, 0x71, 0x78, 0x8e, 0x81, 0x6e, 0x7a,
	0x80, 0x7c, 0x7b, 0x7c, 0x78, 0x80, 0x6b, 0x80, 0x6c, 0x76, 0x87, 0x72,
	0x81, 0x82, 0x82, 0x76, 0x75, 0x85, 0x7d, 0x83, 0x88, 0x76, 0x75, 0x65,
	0x80, 0x7b, 0x77, 0x7a, 0x80, 0x6e, 0x7b, 0x74, 0x70, 0x7f, 0x82, 0x7c,
	0x60, 0x80, 0x74, 0x7d, 0x73, 0x79, 0x8d, 0x97, 0x77, 0x7a, 0x7f, 0x83,
	0x80, 0x79, 0x83, 0x8c, 0x7e, 0x76, 0x7a, 0x70, 0x6a, 0x87, 0x61, 0x84,
	0x8a, 0x78, 0x74, 0x70, 0x75, 0x64, 0x70, 0x74, 0x72, 0x83, 0x6e, 0x7c,
	0x6c, 0x72, 0x90, 0x5a, 0x7a, 0x74, 0x79, 0x55, 0x6d, 0x77, 0x6f, 0x6c,
	0x7d, 0x81, 0x82, 0x7d, 0x8d, 0x5c, 0x80, 0x96, 0x6c, 0x7e, 0x6e, 0x80,
	0x87, 0x6c, 0x8a, 0x6e, 0x6c, 0x76, 0x6d, 0x62, 0x6b, 0x7f, 0x6e, 0x80,
	0x6b, 0x8b, 0x7b, 0x64, 0x76, 0x79, 0x77, 0x5a, 0x88, 0x76, 0x77, 0x6d,
	0x5c, 0x53, 0x93, 0x84, 0x7e, 0x75, 0x8e, 0x7b, 0x7f, 0x92, 0x35, 0x6a,
	0x87, 0x7d, 0x73, 0x73, 0x60, 0x7b, 0x5c, 0x77, 0x61, 0x87, 0x78, 0x82,
	0x7c, 0x61, 0x67, 0x70, 0x87, 0x7c, 0x66, 0x93, 0x80, 0x85, 0x68, 0x86,
	0x6f, 0x79, 0x8c, 0x8a, 0x6a, 0x93, 0x68, 0x73, 0x7c, 0x86, 0x76, 0x82,
	0x75, 0x5c, 0x82, 0x7a, 0x7b, 0x83, 0x83, 0x8b, 0x78, 0x83, 0x7e, 0x86,
	0x6b, 0x81, 0x66, 0x82, 0x8c, 0x8f, 0x7d, 0x74, 0x83, 0x7a, 0x7e, 0x83,
	0x95, 0x8b, 0x7b, 0x89, 0x8c, 0x70, 0x7f, 0x7f, 0x82, 0x95, 0x85, 0x80,
	0x88, 0x8a, 0x75, 0x88, 0x76, 0x6e, 0x81, 0x84, 0x79, 0x53, 0x76, 0x84,
	0x75, 0x85, 0x82, 0x83, 0x76, 0x72, 0x62, 0x85, 0x85, 0x73, 0x89, 0x86,
	0x5f, 0x7d, 0x88, 0x75, 0x7e, 0x89, 0x70, 0x78, 0x7a, 0x63, 0x7e, 0x63,
	0x74, 0x8e, 0x76, 0x96, 0x87, 0x92, 0x79, 0x80, 0x74, 0x6b, 0x75, 0x86,
	0x83, 0x78, 0x7a, 0x8e, 0x7f, 0x8e, 0x81, 0x72, 0x7c, 0x71, 0x60, 0x94,
	0x54, 0x74, 0x88, 0x77, 0x7c, 0x72, 0x7f, 0x79, 0x6f, 0x75, 0x6d, 0x78,
	0x8b, 0x86, 0x7d, 0x68, 0x71, 0x80, 0x6d, 0x6f, 0x82, 0x61, 0x7f, 0x5e,
	0x69, 0x7a, 0x7d, 0x87, 0x5f, 0x85, 0x68, 0x6e, 0x7a, 0x79, 0x86, 0x83,
	0x92, 0x7f, 0x81, 0x83, 0x85, 0x72, 0x88, 0x6e, 0x83, 0x75, 0x75, 0x67,
	0x5a, 0x6f, 0x5b, 0x7b, 0x77, 0x7b, 0x6f, 0x71, 0x65, 0x7f, 0x7d, 0x6f,
	0x89, 0x71, 0x67, 0x89, 0x79, 0x92, 0x94, 0x66, 0x6e, 0x5c, 0x65, 0x70,
	0x65, 0x7e, 0x6b, 0x62, 0x74, 0x85, 0x8a, 0x7a, 0x83, 0x5f, 0x6b, 0x8b,
	0x52, 0x77, 0x62, 0x79, 0x7f, 0x8d, 0x87, 0x78, 0x6b, 0x6b, 0x84, 0x76,
	0x80, 0x8d, 0x6f, 0x84, 0x81, 0x6d, 0x86, 0x92, 0x80, 0x6c, 0x81, 0x5e,
	0x78, 0x80, 0x5e, 0x6f, 0x7a, 0x67, 0x84, 0x77, 0x73, 0x6e, 0x84, 0x78,
	0x7f, 0x8e, 0x6e, 0x82, 0x79, 0x78, 0x7d, 0x36, 0x8a, 0x7c, 0x68, 0x73,
	0x87, 0x7f, 0x7f, 0x77, 0x89, 0x5d, 0x5e, 0x69, 0x86, 0x85, 0x6b, 0x7c,
	0x68, 0x7d, 0x7a, 0x6c, 0x7f, 0x61, 0x58, 0x7b, 0x78, 0x6d, 0x66, 0x53,
	0x7e, 0x90, 0x6b, 0x73, 0x78, 0x5f, 0x87, 0x86, 0x7c, 0x81, 0x8c, 0x83,
	0x71, 0x93, 0x71, 0x6c, 0x84, 0x85, 0x6e, 0x6a, 0x86, 0x82, 0x77, 0x48,
	0x5f, 0x84, 0x7f, 0x7f, 0x68, 0x76, 0x77, 0x7f, 0x85, 0x82, 0x86, 0x7f,
	0x86, 0x8b, 0x7f, 0x81, 0x76, 0x81, 0x7a, 0x7e, 0x84, 0x8b, 0x89, 0x77,
	0x82, 0x4c, 0x78, 0x82, 0x63, 0x82, 0x7c, 0x78, 0x8a, 0x51, 0x65, 0x84,
	0x85, 0x71, 0x73, 0x89, 0x6a, 0x83, 0x90, 0x7e, 0x86, 0x7e, 0x6d, 0x78,
	0x89, 0x70, 0x89, 0x7e, 0x6c, 0x85, 0x75, 0x84, 0x8a, 0x82, 0x86, 0x6a,
	0x72, 0x7d, 0x81, 0x6e, 0x81, 0x6f, 0x7d, 0x83, 0x68, 0x78, 0x74, 0x78,
	0x7d, 0x7c, 0x62, 0x7a, 0x5f, 0x6a, 0x83, 0x77, 0x7e, 0x6e, 0x87, 0x79,
	0x87, 0x88, 0x82, 0x75, 0x7e, 0x7f, 0x76, 0x72, 0x70, 0x82, 0x6f, 0x77,
	0x71, 0x6c, 0x7a, 0x69, 0x7c, 0x8c, 0x7e, 0x7b, 0x6c, 0x7d, 0x7b, 0x6d,
	0x7e, 0x68, 0x81, 0x79, 0x73, 0x81, 0x8c, 0x8c, 0x7a, 0x63, 0x6e, 0x63,
	0x74, 0x7f, 0x8e, 0x80, 0x66, 0x84, 0x80, 0x69, 0x7d, 0x7e, 0x80, 0x86,
	0x88, 0x82, 0x72, 0x7b, 0x79, 0x81, 0x5a, 0x68, 0x87, 0x87, 0x50, 0x70,
	0x7b, 0x6f, 0x83, 0x92, 0x82, 0x5b, 0x82, 0x7e, 0x75, 0x64, 0x81, 0x72,
	0x82, 0x70, 0x87, 0x8c, 0x64, 0x79, 0x83, 0x78, 0x7d, 0x72, 0x68, 0x60,
	0x56, 0x7d, 0x73, 0x72, 0x74, 0x6b, 0x82, 0x5c, 0x8c, 0x71, 0x80, 0x7d,
	0x74, 0x64, 0x74, 0x67, 0x69, 0x81, 0x6a, 0x74, 0x50, 0x68, 0x72, 0x75,
	0x68, 0x84, 0x77, 0x7d, 0x85, 0x68, 0x6d, 0x62, 0x6e, 0x6b, 0x5f, 0x80,
	0x89, 0x71, 0x87, 0x78, 0x83, 0x66, 0x6d, 0x79, 0x77, 0x87, 0x81, 0x6f,
	0x5a, 0x6b, 0x7f, 0x81, 0x91, 0x81, 0x87, 0x7f, 0x78, 0x77, 0x7e, 0x60,
	0x5f, 0x75, 0x6e, 0x6e, 0x83, 0x8a, 0x83, 0x63, 0x7c, 0x7d, 0x84, 0x82,
	0x5f, 0x81, 0x7a, 0x75, 0x7a, 0x8a, 0x6d, 0x81, 0x6d, 0x7b, 0x86, 0x73,
	0x93, 0x91, 0x81, 0x7b, 0x7d, 0x7f, 0x7a, 0x61, 0x74, 0x6f, 0x75, 0x7e,
	0x5d, 0x83, 0x66, 0x8a, 0x53, 0x8c, 0x8b, 0x78, 0x74, 0x7d, 0x7d, 0x90,
	0x83, 0x88, 0x8a, 0x7c, 0x83, 0x52, 0x97, 0x77, 0x69, 0x68, 0x73, 0x84,
	0x7a, 0x8f, 0x63, 0x75, 0x81, 0x64, 0x8a, 0x8b, 0x7d, 0x80, 0x83, 0x7f,
	0x7f, 0x8b, 0x81, 0x7a, 0x67, 0x6c, 0x82, 0x6a, 0x7e, 0x82, 0x79, 0x77,
	0x88, 0x8e, 0x82, 0x88, 0x83, 0x66, 0x6f, 0x88, 0x83, 0x74, 0x76, 0x6f,
	0x8a, 0x84, 0x74, 0x7c, 0x87, 0x7e, 0x80, 0x7d, 0x73, 0x8b, 0x88, 0x71,
	0x77, 0x80, 0x88, 0x79, 0x70, 0x81, 0x68, 0x8f, 0x6f, 0x97, 0x88, 0x86,
	0x89, 0x81, 0x72, 0x79, 0x87, 0x70, 0x6a, 0x56, 0x75, 0x77, 0x68, 0x7b,
	0x7d, 0x86, 0x85, 0x7f, 0x78, 0x7b, 0x7a, 0x90, 0xa3, 0x68, 0x84, 0x76,
	0x83, 0x7b, 0x86, 0x80, 0x89, 0x92, 0x73, 0x76, 0x5e, 0x92, 0x81, 0x57,
	0x81, 0x88, 0x7b, 0x6b, 0x64, 0x75, 0x8e, 0x84, 0x85, 0x83, 0x78, 0x64,
	0x67, 0x5d, 0x7a, 0x76, 0x6a, 0x73, 0x91, 0x81, 0x4d, 0x84, 0xab, 0x8a,
	0x74, 0x74, 0x99, 0x79, 0x7f, 0x58, 0x67, 0x80, 0x6d, 0x70, 0x49, 0x58,
	0x62, 0x9c, 0x70, 0x8f, 0x81, 0x73, 0x7e, 0x8b, 0x8b, 0x7c, 0x64, 0xa0,
	0x83, 0x84, 0x7d, 0x7c, 0x56, 0x7e, 0x6a, 0x7b, 0x6a, 0x6a, 0x8c, 0x91,
	0x81, 0x77, 0x68, 0x79, 0x70, 0x64, 0x75, 0x77, 0x78, 0x7f, 0x7b, 0x58,
	0x6d, 0x89, 0x7a, 0x46, 0x60, 0x71, 0x71, 0x6d, 0x7d, 0x75, 0x90, 0x8b,
	0x8f, 0x71, 0x7e, 0x6a, 0x85, 0x8a, 0x65, 0x8d, 0x7c, 0x75, 0x86, 0x6e,
	0x90, 0x67, 0x8b, 0x86, 0x56, 0x81, 0x66, 0x87, 0x84, 0x95, 0x7c, 0x63,
	0x72, 0x6c, 0x76, 0x74, 0x7b, 0x76, 0x7f, 0x6d, 0x76, 0x74, 0x6b, 0x78,
	0x5a, 0x80, 0x80, 0x88, 0x8c, 0x83, 0x73, 0x75, 0x87, 0x7e, 0x88, 0x77,
	0x60, 0x8f, 0x74, 0x90, 0x61, 0x7d, 0x79, 0x7c, 0x3b, 0x94, 0x81, 0x66,
	0x7a, 0x7a, 0x74, 0x7d, 0x72, 0x8b, 0x8b, 0x90, 0x61, 0x5c, 0x94, 0x74,
	0x61, 0x6b, 0x8f, 0x5a, 0x6e, 0x82, 0x64, 0x67, 0x79, 0x62, 0xa0, 0x7a,
	0x8b, 0x7c, 0x72, 0x76, 0x76, 0x66, 0x73, 0x75, 0x97, 0x86, 0x77, 0x8d,
	0x6e, 0x6d, 0x73, 0x6b, 0x7d, 0x69, 0x6d, 0x66, 0x75, 0x89, 0x77, 0x66,
	0x75, 0x71, 0x58, 0x77, 0x8f, 0x6b, 0x7c, 0x85, 0x7b, 0x8e, 0x80, 0x7a,
	0x58, 0x87, 0x80, 0x51, 0x5b, 0x77, 0x81, 0x7f, 0x69, 0x7d, 0x6c, 0x82,
	0x91, 0x72, 0x88, 0x8a, 0x82, 0x7f, 0x73, 0x58, 0x83, 0x77, 0x6c, 0x65,
	0x77, 0x66, 0x87, 0x93, 0x87, 0x8f, 0x64, 0x76, 0x7d, 0x5a, 0x86, 0x8e,
	0x81, 0x65, 0x96, 0x71, 0x84, 0x85, 0x80, 0x92, 0x78, 0x7f, 0x60, 0x7a,
	0x7e, 0x6e, 0x65, 0x83, 0x77, 0x86, 0x63, 0x72, 0x63, 0x8e, 0x7e, 0x81,
	0x4f, 0x8b, 0x70, 0x76, 0x6b, 0x7c, 0x80, 0x8e, 0x7d, 0x76, 0x78, 0x89,
	0x8f, 0xaf, 0x77, 0x7e, 0x79, 0x70, 0x55, 0x5a, 0x46, 0x4b, 0x7d, 0x6d,
	0x4d, 0x74, 0x57, 0x8d, 0x5e, 0x90, 0x68, 0x89, 0x61, 0x61, 0x78, 0x70,
	0x75, 0x64, 0x53, 0x57, 0x69, 0x7d, 0x82, 0x85, 0x76, 0x6e, 0x8b, 0x7e,
	0x8b, 0x8a, 0x73, 0x53, 0x6b, 0x73, 0x6c, 0x9c, 0x75, 0x82, 0x71, 0x8c,
	0x60, 0x86, 0x61, 0x84, 0x67, 0x5b, 0x82, 0x68, 0xa9, 0x6a, 0x7c, 0x81,
	0x63, 0x82, 0x61, 0x67, 0x67, 0x6e, 0x72, 0x82, 0x60, 0x8b, 0x54, 0x90,
	0x3c, 0x83, 0x68, 0x71, 0x91, 0x87, 0x87, 0x73, 0x7c, 0x95, 0x85, 0x7e,
	0x63, 0x85, 0x55, 0x90, 0x6e, 0x89, 0x87, 0x7b, 0x72, 0x80, 0x7a, 0x79,
	0x6f, 0x82, 0x8b, 0x88, 0x68, 0x84, 0x68, 0x7c, 0x83, 0x9d, 0x7e, 0x7a,
	0x7a, 0x7f, 0x7a, 0x7d, 0x77, 0x83, 0x59, 0x67, 0x87, 0x7e, 0x76, 0x70,
	0x7d, 0x86, 0x86, 0x84, 0x80, 0x7a, 0x79, 0x8d, 0x71, 0x86, 0x77, 0x90,
	0x76, 0x67, 0x76, 0x7b, 0x54, 0x86, 0x8b, 0x8d, 0x85, 0x84, 0x84, 0x80,
	0x83, 0x74, 0x88, 0x80, 0x6b, 0x6a, 0x8f, 0x8d, 0x7b, 0x83, 0x85, 0x6e,
	0x78, 0x5c, 0x83, 0x88, 0x79, 0x83, 0x7a, 0x7d, 0x89, 0x83, 0x82, 0x8d,
	0x68, 0x6c, 0x62, 0x7c, 0x8c, 0x8c, 0x7d, 0x7c, 0x7e, 0x89, 0x83, 0x78,
	0x73, 0x6d, 0x6f, 0x74, 0x63, 0x6a, 0x6e, 0x7d, 0x6f, 0x7e, 0x73, 0x77,
	0x59, 0x72, 0x6b, 0x86, 0x8c, 0x7d, 0x87, 0x83, 0x6c, 0x6f, 0x78, 0x73,
	0x83, 0x72, 0x8f, 0x67, 0x6d, 0x71, 0x6d, 0x82, 0x83, 0x7b, 0x73, 0x80,
	0x89, 0x7e, 0x74, 0x8b, 0x84, 0x78, 0x7b, 0x79, 0x80, 0x75, 0x78, 0x76,
	0x7d, 0x75, 0x74, 0x7f, 0x3f, 0x82, 0x88, 0x5f, 0x7f, 0x76, 0x6b, 0x70,
	0x74, 0x85, 0x81, 0x6d, 0x60, 0x85, 0x80, 0x72, 0x54, 0x86, 0x8e, 0x62,
	0x70, 0x7f, 0x85, 0x86, 0x78, 0x61, 0x5b, 0x7a, 0x8e, 0x84, 0x87, 0x82,
	0x82, 0x7d, 0x8d, 0x8f, 0x67, 0x74, 0x7b, 0x4e, 0x7d, 0x60, 0x80, 0x8d,
	0x82, 0x5c, 0x71, 0x65, 0x87, 0x86, 0x65, 0x7e, 0x8d, 0x6f, 0x79, 0x65,
	0x64, 0x6e, 0x6e, 0x74, 0x8c, 0x82, 0x84, 0x86, 0x4a, 0x6c, 0x84, 0x79,
	0x7b, 0x80, 0x6d, 0x4b, 0x86, 0x79, 0x7d, 0x6c, 0x6c, 0x7e, 0x96, 0x75,
	0x82, 0x63, 0x82, 0x67, 0x88, 0x71, 0x7b, 0x8c, 0x7d, 0x7b, 0x81, 0x60,
	0x8e, 0x7d, 0x76, 0x84, 0x87, 0x82, 0x69, 0x75, 0x90, 0x81, 0x78, 0x82,
	0x59, 0x6a, 0x74, 0x54, 0x81, 0x93, 0x6d, 0x92, 0x75, 0x7b, 0x78, 0x73,
	0x86, 0x77, 0x7d, 0x75, 0x80, 0x8a, 0x7f, 0x74, 0x77, 0x7e, 0x73, 0x74,
	0x91, 0x7c, 0x78, 0x7a, 0x6e, 0x93, 0x7d, 0x77, 0x68, 0x87, 0x85, 0x90,
	0x80, 0x73, 0x8b, 0x83, 0x7b, 0x86, 0x8f, 0x81, 0x86, 0x7a, 0x7c, 0x7e,
	0x78, 0x73, 0x7f, 0x88, 0x73, 0x7e, 0x75, 0x7d, 0x80, 0x6b, 0x85, 0x8b,
	0x82, 0x6c, 0x8d, 0x77, 0x91, 0x8f, 0x92, 0x77, 0x6c, 0x6a, 0x76, 0x88,
	0x84, 0x91, 0x97, 0x7f, 0x70, 0x71, 0x7b, 0x79, 0x82, 0x88, 0x80, 0x8e,
	0x8a, 0x74, 0x89, 0x8b, 0x77, 0x70, 0x77, 0x78, 0x80, 0x6d, 0x7f, 0x86,
	0x71, 0x84, 0x80, 0x82, 0x78, 0x6d, 0x61, 0x76, 0x68, 0x6e, 0x72, 0x84,
	0x84, 0x83, 0x89, 0x7e, 0x6b, 0x78, 0x7f, 0x8a, 0x79, 0x64, 0x81, 0x80,
	0x6b, 0x7c, 0x68, 0x60, 0x7b, 0x65, 0x7f, 0x68, 0x74, 0x7b, 0x81, 0x73,
	0x71, 0x7a, 0x7f, 0x7a, 0x84, 0x81, 0x7f, 0x8e, 0x7d, 0x72, 0x7c, 0x8d,
	0x7e, 0x82, 0x90, 0x7d, 0x81, 0x75, 0x7e, 0x87, 0x8a, 0x86, 0x7b, 0x58,
	0x71, 0x78, 0x7a, 0x79, 0x78, 0x5f, 0x88, 0x7a, 0x70, 0x6c, 0x6c, 0x7d,
	0x7c, 0x81, 0x79, 0x5d, 0x8b, 0x87, 0x63, 0x5a, 0x78, 0x76, 0x6d, 0x9d,
	0x72, 0x8c, 0x98, 0x78, 0x77, 0x6f, 0x89, 0x8c, 0x8b, 0x90, 0x71, 0x85,
	0x62, 0x6c, 0x5a, 0x79, 0x5f, 0x7d, 0x6c, 0x98, 0x74, 0x86, 0x6e, 0x75,
	0x91, 0x75, 0x8a, 0x75, 0x8e, 0x60, 0x67, 0x86, 0x74, 0x53, 0x85, 0x99,
	0x6f, 0x60, 0x80, 0x8b, 0x81, 0x59, 0x5d, 0x5b, 0x7c, 0x85, 0x5e, 0x86,
	0x70, 0x5c, 0x73, 0x86, 0x83, 0x57, 0x68, 0x84, 0x8c, 0x78, 0x78, 0x6c,
	0x70, 0xa8, 0x8c, 0x5a, 0x88, 0x9f, 0x7d, 0x74, 0x56, 0x8e, 0x79, 0x80,
	0x73, 0x85, 0x7d, 0x70, 0x89, 0x67, 0x7d, 0x84, 0x87, 0x8e, 0x70, 0x84,
	0x97, 0x7f, 0x83, 0x7f, 0x8a, 0x76, 0x7f, 0x7e, 0x7f, 0x79, 0x7b, 0x83,
	0x6d, 0x83, 0x8f, 0x6c, 0x80, 0x8f, 0x78, 0x80, 0x82, 0x83, 0x69, 0x82,
	0x78, 0x98, 0x88, 0x70, 0x8a, 0x82, 0x6e, 0x73, 0x5a, 0x8e, 0x88, 0x55,
	0x6c, 0x70, 0x82, 0x89, 0x7c, 0x85, 0x76, 0x7f, 0x82, 0x4b, 0x81, 0x82,
	0x7c, 0x8f, 0x73, 0x73, 0x74, 0x7c, 0x83, 0x8a, 0x8a, 0x6b, 0x8d, 0x70,
	0x7b, 0x87, 0x8a, 0x89, 0x89, 0x7a, 0x8a, 0x70, 0x7e, 0x84, 0x67, 0x72,
	0x70, 0x7b, 0x7d, 0x7b, 0x86, 0x76, 0x7f, 0x72, 0x7c, 0x84, 0x70, 0x88,
	0x7f, 0x8d, 0x82, 0x78, 0x7a, 0x8c, 0x87, 0x7a, 0x73, 0x6e, 0x7f, 0x5d,
	0x68, 0x7f, 0x8a, 0x6f, 0x84, 0x7b, 0x6f, 0x7d, 0x73, 0x7e, 0x70, 0x87,
	0x7a, 0x82, 0x7d, 0x84, 0x88, 0x88, 0x79, 0x81, 0x93, 0x7f, 0x73, 0x5f,
	0x74, 0x7f, 0x7b, 0x77, 0x88, 0x64, 0x8c, 0x88, 0x65, 0x7f, 0x7c, 0x85,
	0x79, 0x90, 0x81, 0x89, 0x78, 0x89, 0x85, 0x64, 0x77, 0x70, 0x8a, 0x82,
	0x5a, 0x86, 0x81, 0x65, 0x82, 0x7d, 0x82, 0x7b, 0x7e, 0x7d, 0x79, 0x7e,
	0x48, 0x84, 0x77, 0x63, 0x80, 0x6e, 0x65, 0x75, 0x7a, 0x82, 0x82, 0x7f,
	0x62, 0x84, 0x75, 0x7a, 0x79, 0x8b, 0x95, 0x81, 0x82, 0x7c, 0x6e, 0x6a,
	0x72, 0x6e, 0x88, 0x8b, 0x8f, 0x70, 0x72, 0x7e, 0x7f, 0x7f, 0x7a, 0x9e,
	0x76, 0x89, 0x64, 0x7d, 0x7f, 0x85, 0x83, 0x5e, 0x76, 0x68, 0x7e, 0x72,
	0x66, 0x80, 0x97, 0x7a, 0x76, 0x82, 0x6b, 0x78, 0x63, 0x62, 0x80, 0x7a,
	0x81, 0x6c, 0x74, 0x77, 0x7d, 0x85, 0x7a, 0x88, 0x79, 0x6a, 0x67, 0x82,
	0x5b, 0x7a, 0x70, 0x87, 0x6f, 0x77, 0x85, 0x7f, 0x7d, 0x7a, 0x7b, 0x71,
	0x73, 0x81, 0x85, 0x7e, 0x81, 0x74, 0x67, 0x7e, 0x85, 0x8c, 0x8d, 0x5f,
	0x72, 0x79, 0x84, 0x76, 0x74, 0x9a, 0x8c, 0x5c, 0x83, 0x76, 0x83, 0x86,
	0x86, 0x89, 0x7b, 0x84, 0x8d, 0x7a, 0x58, 0x74, 0x7e, 0x88, 0x87, 0x74,
	0x7f, 0x7b, 0x7c, 0x82, 0x83, 0x88, 0x68, 0x85, 0x80, 0x81, 0x85, 0x7c,
	0x87, 0x83, 0x7c, 0x6e, 0x87, 0x87, 0x84, 0x86, 0x7c, 0x70, 0x8b, 0x77,
	0x83, 0x7b, 0x79, 0x7d, 0x74, 0x68, 0x7a, 0x66, 0x7f, 0x62, 0x65, 0x71,
	0x8c, 0x7c, 0x86, 0x88, 0x68, 0x51, 0x73, 0x85, 0x75, 0x70, 0x6f, 0x72,
	0x76, 0x51, 0x83, 0x70, 0x7b, 0x90, 0x7f, 0x79, 0x81, 0x84, 0x8b, 0x71,
	0x80, 0x83, 0x84, 0x6b, 0x82, 0x7c, 0x7b, 0x71, 0x58, 0x7f, 0x71, 0x5f,
	0x80, 0x6f, 0x69, 0x6d, 0x68, 0x70, 0x75, 0x7e, 0x70, 0x7a, 0x7c, 0x85,
	0x82, 0x8e, 0x7b, 0x76, 0x7f, 0x79, 0x5a, 0x70, 0x7a, 0x87, 0x80, 0x73,
	0x7c, 0x4b, 0x75, 0x4e, 0x84, 0x81, 0x7b, 0x8d, 0x78, 0x5a, 0x85, 0x74,
	0x79, 0x7b, 0x77, 0x7d, 0x6d, 0x80, 0x7d, 0x83, 0x7c, 0x64, 0x80, 0x7d,
	0x77, 0x83, 0x8b, 0x73, 0x65, 0x7b, 0x68, 0x77, 0x74, 0x61, 0x82, 0x85,
	0x84, 0x92, 0x6b, 0x46, 0x68, 0x6e, 0x71, 0x70, 0x8b, 0x88, 0x8b, 0x62,
	0x7f, 0x64, 0x77, 0x73, 0x75, 0x8b, 0x8a, 0x74, 0x7b, 0x78, 0x92, 0x63,
	0x80, 0x7d, 0x7e, 0x88, 0x57, 0x7e, 0x65, 0x6e, 0x84, 0x88, 0x8b, 0x6b,
	0x66, 0x5d, 0x7b, 0x67, 0x7e, 0x7b, 0x70, 0x70, 0x85, 0x7d, 0x70, 0x8b,
	0x81, 0x7c, 0x79, 0x6e, 0x77, 0x82, 0x75, 0x3d, 0x86, 0x72, 0x82, 0x66,
	0x7c, 0x80, 0x6c, 0x95, 0x82, 0x8b, 0x6c, 0x69, 0x7c, 0x6a, 0x6f, 0x83,
	0x79, 0x7c, 0x81, 0x73, 0x77, 0x81, 0x7b, 0x84, 0x82, 0x78, 0x82, 0x61,
	0x7c, 0x6d, 0x63, 0x79, 0x6f, 0x7d, 0x6f, 0x6d, 0x70, 0x7f, 0x66, 0x72,
	0x6e, 0x79, 0x57, 0x78, 0x5b, 0x9f, 0x7a, 0x78, 0x8a, 0x69, 0x7d, 0x7c,
	0x81, 0x8c, 0x7a, 0x79, 0x70, 0x93, 0x79, 0x83, 0x84, 0x82, 0x64, 0x7c,
	0x8b, 0x86, 0x6f, 0x6e, 0x7d, 0x8b, 0x70, 0x7d, 0x6c, 0x88, 0x80, 0x84,
	0x7b, 0x81, 0x7b, 0x80, 0x82, 0x85, 0x7f, 0x85, 0x84, 0x86, 0x82, 0x89,
	0x82, 0x84, 0x91, 0x67, 0x85, 0x7f, 0x72, 0x7c, 0x7c, 0x67, 0x62, 0x74,
	0x83, 0x43, 0x5f, 0x6a, 0x8a, 0x72, 0x75, 0x82, 0x5a, 0x6f, 0x80, 0x87,
	0x7b, 0x76, 0x6c, 0x71, 0x7a, 0x62, 0x84, 0x6a, 0x84, 0x82, 0x7a, 0x7a,
	0x80, 0x74, 0x8b, 0x75, 0x79, 0x86, 0x82, 0x84, 0x7b, 0x81, 0x82, 0x82,
	0x6a, 0x86, 0x8a, 0x6c, 0x75, 0x7c, 0x73, 0x80, 0x7e, 0x71, 0x73, 0x78,
	0x5d, 0x82, 0x8b, 0x81, 0x7e, 0x81, 0x87, 0x7c, 0x88, 0x88, 0x66, 0x85,
	0x5e, 0x82, 0x76, 0x57, 0x73, 0x54, 0x7c, 0x60, 0x75, 0x87, 0x75, 0x7d,
	0x80, 0x64, 0x82, 0x78, 0x79, 0x6a, 0x74, 0x7d, 0x78, 0x7a, 0x8e, 0x7a,
	0x88, 0x89, 0x7e, 0x67, 0x84, 0x6c, 0x6b, 0x66, 0x61, 0x5f, 0x7a, 0x70,
	0x73, 0x5f, 0x73, 0x6b, 0x88, 0x93, 0x6f, 0x51, 0x65, 0x8c, 0x83, 0x69,
	0x82, 0x7e, 0x77, 0x83, 0x7d, 0x68, 0x72, 0x7f, 0x7a, 0x61, 0x7b, 0x62,
	0x6b, 0x7f, 0x91, 0x6e, 0x86, 0x75, 0x87, 0x89, 0x68, 0x69, 0x7f, 0x80,
	0x92, 0x85, 0x8e, 0x7a, 0x74, 0x65, 0x84, 0x87, 0x75, 0x7d, 0x72, 0x79,
	0x84, 0x72, 0x8e, 0x61, 0x5d, 0x80, 0x77, 0x6a, 0x72, 0x6d, 0x7f, 0x79,
	0x82, 0x71, 0x82, 0x77, 0x84, 0x7b, 0x6d, 0x7e, 0x90, 0x7a, 0x6a, 0x62,
	0x75, 0x80, 0x7e, 0x6c, 0x7c, 0x7d, 0x84, 0xb0, 0x5e, 0x73, 0x7a, 0x82,
	0x7f, 0x71, 0x82, 0x68, 0x64, 0x83, 0x74, 0x7c, 0x6d, 0x71, 0x80, 0x4a,
	0x83, 0x6a, 0x75, 0x81, 0x64, 0x7c, 0x64, 0x6c, 0x5e, 0x9e, 0x7c, 0x68,
	0x70, 0x5d, 0x6c, 0x7e, 0x88, 0x7a, 0x79, 0x8d, 0x89, 0x8d, 0x83, 0x92,
	0x5f, 0x63, 0x68, 0x6e, 0x7d, 0x82, 0x83, 0x78, 0x72, 0x8a, 0x56, 0x87,
	0x81, 0x8a, 0x6e, 0x7d, 0x82, 0x8b, 0x77, 0x95, 0x86, 0x73, 0x80, 0x76,
	0x85, 0x7b, 0x7a, 0x7f, 0x82, 0x75, 0x87, 0x72, 0x76, 0x5e, 0x8a, 0x7c,
	0x7b, 0x81, 0x78, 0x58, 0x78, 0x69, 0x6b, 0x77, 0x82, 0x8a, 0x8a, 0x8b,
	0x6d, 0x82, 0x82, 0x91, 0x70, 0x86, 0x80, 0x7e, 0x7d, 0x6d, 0x6d, 0x89,
	0x7b, 0x78, 0x89, 0x7e, 0x8e, 0x7b, 0x71, 0x73, 0x7c, 0x74, 0x76, 0x71,
	0x74, 0x86, 0x80, 0x83, 0x6f, 0x8e, 0x73, 0x78, 0x8d, 0x8a, 0x8c, 0x87,
	0x64, 0x7c, 0x77, 0x6d, 0x77, 0x8e, 0x90, 0x6e, 0x85, 0x74, 0x81, 0x76,
	0x7c, 0x7b, 0x74, 0x88, 0x7a, 0x7a, 0x73, 0x7f, 0x77, 0x64, 0x72, 0x71,
	0x83, 0x7e, 0x87, 0x6e, 0x7b, 0x74, 0x7b, 0x72, 0x81, 0x73, 0x6d, 0x89,
	0x6e, 0x85, 0x79, 0x8b, 0x7a, 0x81, 0x8d, 0x6f, 0x79, 0x68, 0x7e, 0x67,
	0x6a, 0x73, 0x88, 0x79, 0x62, 0x77, 0x75, 0x75, 0x52, 0x6e, 0x78, 0x69,
	0x5c, 0x88, 0x83, 0x88, 0x6a, 0x80, 0x63, 0x6b, 0x8b, 0x86, 0x70, 0x82,
	0x78, 0x81, 0x8f, 0x64, 0x75, 0x7f, 0x78, 0x68, 0x83, 0x66, 0x7b, 0x8b,
	0x76, 0x61, 0x8f, 0x7c, 0x91, 0x6f, 0x8f, 0x6e, 0x62, 0x6c, 0x6f, 0x69,
	0x75, 0x98, 0x6d, 0x5b, 0x6f, 0x82, 0x70, 0x63, 0x80, 0x75, 0x68, 0x62,
	0x78, 0x7c, 0x68, 0x6a, 0x7f, 0x79, 0x8d, 0x54, 0x89, 0x5f, 0x84, 0x94,
	0x73, 0x71, 0x69, 0x6e, 0x8e, 0x65, 0x91, 0x44, 0x8a, 0x6f, 0x8b, 0x69,
	0x6a, 0x69, 0x73, 0x69, 0x81, 0x65, 0x7e, 0x54, 0x7e, 0x63, 0x6f, 0x91,
	0x6b, 0x7f, 0x91, 0x6c, 0x5d, 0x74, 0x71, 0x88, 0x76, 0xab, 0x6b, 0x71,
	0x5e, 0x9e, 0x7e, 0x7c, 0x73, 0x5b, 0x6a, 0x8b, 0x3e, 0x76, 0x83, 0x5c,
	0x7f, 0x73, 0x8d, 0x9a, 0x58, 0x73, 0x8b, 0x77, 0x8b, 0x81, 0x85, 0x6b,
	0x8a, 0x72, 0x67, 0x7a, 0x74, 0x8d, 0x79, 0x70, 0x7b, 0x77, 0x63, 0x88,
	0x87, 0x8a, 0x83, 0x8b, 0x7a, 0x6e, 0x85, 0x96, 0x6b, 0x85, 0x7c, 0x99,
	0x90, 0x71, 0x80, 0x84, 0x7d, 0x70, 0x85, 0x84, 0x81, 0x7a, 0x72, 0x82,
	0x75, 0x6c, 0x96, 0x70, 0x5d, 0x7d, 0x79, 0x74, 0x93, 0x71, 0x78, 0x83,
	0x64, 0x75, 0x6b, 0x6e, 0xa0, 0x74, 0x90, 0x7a, 0x7e, 0x5b, 0x78, 0x7b,
	0x69, 0x74, 0x79, 0x5e, 0x7f, 0x7e, 0x77, 0x71, 0x84, 0x8c, 0x88, 0x77,
	0x72, 0x7e, 0x80, 0x83, 0x71, 0x78, 0x8c, 0x64, 0x67, 0x6e, 0x6a, 0x8c,
	0x7b, 0x89, 0x73, 0x93, 0x93, 0x86, 0x89, 0x77, 0x72, 0x76, 0x79, 0x5d,
	0x78, 0x70, 0x74, 0x75, 0x79, 0x70, 0x7e, 0x78, 0x81, 0x6a, 0x84, 0x7d,
	0x71, 0x86, 0x6e, 0x81, 0x85, 0x85, 0x75, 0x7c, 0x79, 0x8c, 0x9a, 0x75,
	0xa6, 0x86, 0x61, 0x7e, 0x5c, 0x74, 0x81, 0x5c, 0x8a, 0x7e, 0x8a, 0x85,
	0xa2, 0x72, 0x64, 0x6e, 0x62, 0x68, 0x8d, 0x68, 0x98, 0x94, 0x90, 0x66,
	0x89, 0x92, 0x76, 0x8b, 0x4e, 0x64, 0x7c, 0x65, 0x77, 0x7d, 0x90, 0x5a,
	0x94, 0x5f, 0x6e, 0x5f, 0x48, 0x6b, 0x87, 0x5e, 0x8e, 0x5f, 0x68, 0x68,
	0x6d, 0xb0, 0x85, 0x70, 0x89, 0x8d, 0x4b, 0x79, 0x83, 0x75, 0x68, 0x7c,
	0x6c, 0x88, 0x96, 0x71, 0x63, 0x77, 0x7f, 0x6c, 0x69, 0x76, 0x60, 0x84,
	0x82, 0x86, 0x8c, 0x90, 0x86, 0x53, 0x6a, 0x5c, 0x5d, 0x90, 0x86, 0x62,
	0x8f, 0x7b, 0x66, 0xa0, 0x7c, 0x72, 0x7f, 0x85, 0x71, 0x90, 0x74, 0x69,
	0x75, 0x7d, 0x81, 0x5a, 0x7c, 0x90, 0x80, 0x81, 0x83, 0x7e, 0x96, 0x69,
	0x85, 0x83, 0x7b, 0x60, 0x5c, 0x83, 0x7d, 0x6b, 0x60, 0x71, 0x80, 0x8d,
	0x74, 0x7e, 0x82, 0x72, 0x6f, 0x78, 0x72, 0x7e, 0x80, 0x7f, 0x7f, 0x7c,
	0x72, 0x95, 0x61, 0x88, 0x6a, 0x7d, 0x75, 0x74, 0x7d, 0x8a, 0x77, 0x95,
	0x89, 0x87, 0x70, 0x83, 0x5a, 0x81, 0x75, 0x85, 0x92, 0x83, 0x90, 0x71,
	0x6e, 0x84, 0x91, 0x80, 0x8f, 0x5a, 0x86, 0x76, 0x7a, 0x68, 0x76, 0x75,
	0x7a, 0x7f, 0x5f, 0x7f, 0x7e, 0x64, 0x83, 0x7f, 0x8b, 0x6b, 0x8c, 0x74,
	0x99, 0x89, 0x73, 0x6c, 0x60, 0x77, 0x6a, 0x7e, 0x7c, 0x77, 0x8f, 0x5e,
	0x7c, 0x75, 0x6c, 0x90, 0x82, 0x88, 0x76, 0x89, 0x8a, 0x6b, 0x73, 0x69,
	0x85, 0x85, 0x92, 0x75, 0x6b, 0x86, 0x78, 0x69, 0x4c, 0x7f, 0x8e, 0x5c,
	0x63, 0x86, 0x81, 0x89, 0x66, 0x78, 0x84, 0x74, 0x79, 0x83, 0x78, 0x88,
	0x6b, 0x8a, 0x6f, 0x62, 0x7c, 0x68, 0x6e, 0x79, 0x87, 0x7c, 0x7d, 0x80,
	0x89, 0x61, 0x87, 0x7c, 0x6a, 0x5d, 0x8a, 0x8a, 0x76, 0x63, 0x6f, 0x6f,
	0x82, 0x81, 0x7e, 0x77, 0x88, 0x6a, 0x5a, 0x8d, 0x71, 0x90, 0x93, 0x5f,
	0x5d, 0xa9, 0x61, 0x7e, 0x7c, 0x79, 0x91, 0x62, 0x73, 0x73, 0x91, 0x64,
	0x80, 0x88, 0x90, 0x88, 0x7f, 0x7a, 0x6b, 0x75, 0x78, 0x95, 0x76, 0x8f,
	0x6d, 0x88, 0x62, 0x8a, 0x74, 0x62, 0x69, 0x5c, 0x6b, 0x7d, 0x78, 0x82,
	0x47, 0x7b, 0x79, 0x76, 0x5b, 0xaa, 0x78, 0x81, 0x9a, 0x6c, 0x43, 0x78,
	0x6f, 0x96, 0x63, 0x93, 0x84, 0x83, 0x71, 0x6c, 0x80, 0x5e, 0x7b, 0x91,
	0x6a, 0x87, 0x8c, 0x5b, 0x6f, 0x77, 0x69, 0x85, 0x64, 0x91, 0x70, 0x99,
	0x51, 0x6f, 0x8d, 0x79, 0x7e, 0x80, 0x64, 0x8c, 0x9e, 0x8b, 0x78, 0x71,
	0x64, 0x7b, 0x8f, 0x6f, 0x67, 0x73, 0x7a, 0x61, 0x6d, 0x5a, 0x8c, 0x69,
	0x8c, 0x70, 0x86, 0x78, 0x68, 0x7a, 0x62, 0x6f, 0x6e, 0x6d, 0x76, 0x83,
	0x87, 0x7a, 0x84, 0x89, 0x6d, 0x67, 0x77, 0x70, 0x80, 0xa5, 0x82, 0x86,
	0x7c, 0x81, 0x83, 0x75, 0x7a, 0x7e, 0x79, 0x57, 0x7f, 0x72, 0x84, 0x6d,
	0x87, 0x83, 0x86, 0x77, 0x7a, 0x7e, 0x71, 0x77, 0x87, 0x87, 0x78, 0x85,
	0x71, 0x6b, 0x87, 0x80, 0x6c, 0x92, 0x82, 0x59, 0x7c, 0x79, 0x8c, 0x7c,
	0x5c, 0x64, 0x6d, 0x73, 0x76, 0x81, 0x70, 0x7b, 0x79, 0x83, 0x8a, 0x7a,
	0x5a, 0x79, 0x88, 0x81, 0x78, 0x8f, 0x79, 0x80, 0x80, 0x82, 0x82, 0x7a,
	0x84, 0x7a, 0x7a, 0x7a, 0x95, 0x71, 0x72, 0x5a, 0x69, 0x8f, 0x77, 0x87,
	0x88, 0x61, 0x84, 0x7a, 0x86, 0x5a, 0x6d, 0x68, 0x77, 0x81, 0x6b, 0x78,
	0x67, 0x84, 0x7c, 0x7f, 0x64, 0x75, 0x70, 0x7a, 0x81, 0x4d, 0x7a, 0x7e,
	0x7f, 0x74, 0x7c, 0x76, 0x81, 0x7e, 0x72, 0x5c, 0x82, 0x53, 0x7d, 0x4b,
	0x62, 0x81, 0x81, 0x8b, 0x8b, 0x77, 0x69, 0x7e, 0x7e, 0x76, 0x81, 0x6c,
	0x7b, 0x75, 0x85, 0x79, 0x81, 0x7d, 0x67, 0x80, 0x9d, 0x4f, 0x6a, 0x74,
	0x80, 0x89, 0x59, 0x6c, 0x67, 0x6c, 0x54, 0x7b, 0x73, 0x85, 0x7c, 0x6d,
	0x66, 0x84, 0x7b, 0x66, 0x5e, 0x74, 0x82, 0x86, 0x67, 0x82, 0x66, 0x57,
	0x49, 0x8d, 0x78, 0x7e, 0x71, 0xa1, 0x77, 0x6a, 0x5a, 0x7c, 0x83, 0x57,
	0x6c, 0x7d, 0x7b, 0x83, 0x53, 0x7b, 0x76, 0x80, 0x71, 0x77, 0x8b, 0x60,
	0x77, 0x7d, 0x63, 0x7a, 0x6a, 0x79, 0x33, 0x6a, 0x79, 0x56, 0x6f, 0x5b,
	0x85, 0x7d, 0x61, 0x81, 0x8a, 0x53, 0x81, 0x6e, 0x9a, 0x5b, 0x8b, 0x62,
	0x8c, 0x7f, 0x6c, 0xaa, 0x59, 0x7d, 0x91, 0x88, 0x7d, 0x6d, 0x73, 0x8d,
	0x92, 0x88, 0x73, 0x80, 0x6b, 0x7d, 0x7b, 0x99, 0x70, 0x77, 0x87, 0x5e,
	0x83, 0x35, 0x7b, 0x60, 0x6a, 0x7e, 0x7a, 0x86, 0x82, 0x6b, 0x75, 0x82,
	0x76, 0x7d, 0x8e, 0x84, 0x88, 0x9c, 0x9b, 0x7b, 0x54, 0x80, 0x86, 0x76,
	0x7f, 0x7c, 0x78, 0x80, 0x63, 0x6e, 0x89, 0x63, 0x84, 0x6b, 0x64, 0x6b,
	0x94, 0x96, 0x7e, 0x60, 0x61, 0x8d, 0x7a, 0x70, 0x95, 0x86, 0x79, 0x65,
	0x62, 0x73, 0x91, 0x95, 0x6f, 0x82, 0x81, 0x82, 0x6f, 0x8f, 0x86, 0x83,
	0x7b, 0x1c, 0x7e, 0x8a, 0x6f, 0x9c, 0x78, 0x60, 0x75, 0x98, 0x4c, 0x7d,
	0x76, 0x48, 0x7d, 0x96, 0x7d, 0x71, 0x76, 0x7f, 0x82, 0x81, 0x76, 0x73,
	0x73, 0x79, 0x60, 0x8b, 0x82, 0x6c, 0x69, 0x65, 0x91, 0x6c, 0x6e, 0x61,
	0x66, 0x7f, 0x81, 0x85, 0x6a, 0x70, 0x6d, 0x79, 0x8f, 0x7f, 0x75, 0x71,
	0x51, 0x81, 0x8e, 0x68, 0x74, 0x6c, 0x79, 0x70, 0x67, 0x63, 0x84, 0x98,
	0x7d, 0x71, 0x3e, 0x7d, 0x63, 0x77, 0x8b, 0x89, 0x58, 0x68, 0x73, 0x67,
	0x5f, 0x5d, 0x83, 0x69, 0x7a, 0x90, 0x6c, 0x76, 0xa3, 0x86, 0x93, 0x82,
	0x8d, 0x79, 0x8b, 0x86, 0x7a, 0x7c, 0x9c, 0x68, 0x6a, 0x74, 0x71, 0x88,
	0x76, 0x73, 0x63, 0x44, 0xa1, 0x6a, 0x74, 0x8b, 0x75, 0x69, 0x79, 0x88,
	0x7b, 0x6d, 0x9a, 0x5b, 0x66, 0x63, 0x7a, 0x77, 0x67, 0x8a, 0x71, 0x6f,
	0x88, 0x84, 0x80, 0x6d, 0x69, 0x92, 0x7a, 0x6e, 0x8d, 0x7b, 0x74, 0x8e,
	0x71, 0x71, 0x5c, 0x66, 0x83, 0x77, 0x96, 0x85, 0x97, 0x74, 0x85, 0x7c,
	0x84, 0x6b, 0x65, 0x6a, 0x66, 0x72, 0x66, 0x83, 0x93, 0x66, 0x70, 0x67,
	0x68, 0x6b, 0x65, 0x5f, 0x60, 0x81, 0x6c, 0x69, 0x90, 0x62, 0x6a, 0x6c,
	0x85, 0x64, 0x78, 0x82, 0x66, 0x9c, 0x50, 0x6e, 0x84, 0x60, 0x59, 0x6c,
	0x69, 0x66, 0x5e, 0x57, 0x6f, 0x89, 0x64, 0x99, 0x66, 0x79, 0x7f, 0x6a,
	0x84, 0x6a, 0x6f, 0x7a, 0x4c, 0x7c, 0x58, 0x87, 0x5b, 0x7f, 0x83, 0x80,
	0x9e, 0x73, 0x87, 0x8f, 0x81, 0x66, 0x6a, 0x9a, 0x78, 0x82, 0x54, 0x7f,
	0x5d, 0x7b, 0x5f, 0x7b, 0x60, 0x72, 0x6c, 0x71, 0x76, 0x56, 0x92, 0x83,
	0x73, 0x8f, 0x78, 0x75, 0x65, 0x7b, 0x7c, 0x61, 0x64, 0x6e, 0x74, 0x74,
	0x6a, 0x7a, 0x7e, 0x74, 0x42, 0x94, 0x82, 0x85, 0x74, 0x82, 0x83, 0x7b,
	0x73, 0x67, 0x78, 0x80, 0x79, 0x64, 0x76, 0x7a, 0x65, 0x78, 0x7c, 0x7f,
	0x7f, 0x83, 0x82, 0x84, 0x73, 0x71, 0x6c, 0x8b, 0x86, 0x7a, 0x83, 0x81,
	0x8e, 0x83, 0x69, 0x89, 0x78, 0x78, 0x6f, 0x7d, 0x7b, 0x75, 0x79, 0x82,
	0x80, 0x6f, 0x6b, 0x76, 0x8a, 0x81, 0x7d, 0x8f, 0x62, 0x83, 0x56, 0x79,
	0x8e, 0x8b, 0x7e, 0x7d, 0x86, 0x5f, 0x79, 0x72, 0x8c, 0x99, 0x61, 0x5b,
	0x79, 0x74, 0x80, 0x77, 0x79, 0x87, 0x72, 0x83, 0x73, 0x94, 0x7c, 0x8f,
	0x87, 0x70, 0x7a, 0x62, 0x75, 0x70, 0x78, 0x80, 0x7c, 0x8b, 0x77, 0x7c,
	0x8f, 0x64, 0x9c, 0x6d, 0x80, 0x78, 0x9a, 0x90, 0x85, 0x59, 0x61, 0x61,
	0x77, 0x8c, 0x7f, 0x8d, 0x77, 0x5f, 0x6d, 0x66, 0x89, 0x77, 0x75, 0x7a,
	0x76, 0x77, 0x78, 0x69, 0x7f, 0x68, 0x82, 0x7b, 0x74, 0x72, 0x79, 0x7c,
	0x74, 0x7d, 0x5a, 0x60, 0x6a, 0x61, 0x77, 0x70, 0x6b, 0x78, 0x73, 0x76,
	0x62, 0x4f, 0x73, 0x7b, 0x84, 0x7c, 0x71, 0x74, 0x7e, 0x74, 0x58, 0x72,
	0x7d, 0x77, 0x67, 0x6e, 0x7c, 0x63, 0x6f, 0x6c, 0x79, 0x84, 0x74, 0x76,
	0x71, 0x69, 0x86, 0x6d, 0x6e, 0x68, 0x71, 0x6e, 0x7a, 0x51, 0x52, 0x71,
	0x8d, 0x88, 0x80, 0x67, 0x72, 0x7a, 0x66, 0x6a, 0x6c, 0x74, 0x5c, 0x7e,
	0x88, 0x63, 0x65, 0x74, 0x69, 0x6e, 0x63, 0x60, 0x80, 0x71, 0x6f, 0x85,
	0x6b, 0x7d, 0x6e, 0x73, 0x67, 0x69, 0x79, 0x81, 0x6a, 0x7e, 0x6c, 0x79,
	0x77, 0x7d, 0x79, 0x6c, 0x44, 0x7e, 0x5e, 0x77, 0x60, 0x6d, 0x77, 0x7d,
	0x8c, 0x6c, 0x78, 0x73, 0x50, 0x8e, 0x89, 0x7b, 0x7e, 0x90, 0x72, 0x84,
	0x83, 0x6e, 0xac, 0x5b, 0x7a, 0x75, 0x51, 0x5b, 0x77, 0x7a, 0x89, 0x73,
	0x62, 0x89, 0x66, 0x6b, 0x7b, 0x6e, 0x7e, 0x64, 0x54, 0x8b, 0xa7, 0x6d,
	0x65, 0x90, 0x85, 0x78, 0x6f, 0x8d, 0x8e, 0x8b, 0x8e, 0x2e, 0x95, 0x90,
	0x6a, 0x86, 0x80, 0x50, 0x74, 0x65, 0x5e, 0xa2, 0x8c, 0x7f, 0x7b, 0x8a,
	0x7e, 0x7b, 0x78, 0x84, 0x89, 0x84, 0x78, 0x66, 0x67, 0x76, 0x6d, 0x90,
	0x83, 0x81, 0x6e, 0x66, 0x88, 0x72, 0x68, 0x72, 0x6d, 0x90, 0x6b, 0x7c,
	0x6d, 0x78, 0x62, 0x88, 0x8e, 0x84, 0x83, 0x75, 0x69, 0x86, 0x7d, 0x88,
	0x58, 0x8b, 0x7e, 0x68, 0x58, 0x7c, 0x6e, 0x8c, 0x93, 0x6e, 0x7e, 0x76,
	0x74, 0x6d, 0x92, 0x80, 0x70, 0x68, 0x73, 0x76, 0x72, 0x67, 0x6e, 0x7e,
	0x73, 0x84, 0x85, 0x75, 0x99, 0x6f, 0x87, 0x7a, 0x74, 0x99, 0x90, 0xa3,
	0x79, 0x79, 0x8c, 0x71, 0x80, 0x6d, 0x6c, 0x85, 0x4f, 0x78, 0x6c, 0x9f,
	0x9e, 0x77, 0x74, 0x62, 0x58, 0x90, 0x72, 0x5e, 0x8c, 0x6a, 0x91, 0x73,
	0x79, 0x72, 0x95, 0x78, 0x68, 0x92, 0x75, 0x62, 0x74, 0x64, 0x77, 0x5b,
	0x6b, 0x8e, 0x95, 0x6b, 0x6e, 0x67, 0x69, 0xa2, 0x5f, 0x80, 0x71, 0x77,
	0x7c, 0x86, 0x67, 0x62, 0x81, 0x6f, 0x62, 0x61, 0x6c, 0x5f, 0x7f, 0x78,
	0x68, 0x86, 0x8b, 0x89, 0x6e, 0x53, 0x58, 0x78, 0x8d, 0x83, 0x6d, 0x6f,
	0x69, 0x54, 0x6c, 0x88, 0x80, 0x76, 0x63, 0x62, 0x6b, 0x56, 0x9a, 0x72,
	0x69, 0x81, 0x50, 0x7b, 0x79, 0x6e, 0x72, 0x6e, 0x8f, 0x80, 0x5a, 0x6d,
	0x75, 0x63, 0x7a, 0x74, 0x62, 0x8b, 0x5d, 0x6a, 0x69, 0x74, 0x73, 0x82,
	0x8c, 0x41, 0x80, 0x7b, 0x68, 0x72, 0x8d, 0x6a, 0x78, 0x59, 0x7f, 0x99,
	0x7e, 0x87, 0x66, 0x8c, 0x9f, 0x58, 0x6e, 0x51, 0x75, 0x85, 0x85, 0x7b,
	0x60, 0x77, 0x5f, 0x74, 0x6b, 0x8b, 0x5b, 0x95, 0x84, 0x8d, 0x64, 0x84,
	0x50, 0x69, 0x75, 0x80, 0xad, 0x7c, 0x70, 0x89, 0x6b, 0x8d, 0x5e, 0x80,
	0x9b, 0x7b, 0x56, 0x74, 0x79, 0x6b, 0x6d, 0x7b, 0x85, 0x74, 0x85, 0x81,
	0x89, 0x5d, 0x7c, 0x86, 0x7f, 0x66, 0x80, 0x88, 0x7b, 0x72, 0x65, 0x6d,
	0x74, 0x6f, 0x77, 0x70, 0x5e, 0x68, 0x75, 0x9b, 0x7a, 0x75, 0x89, 0x75,
	0x53, 0x72, 0x81, 0x78, 0x7b, 0x76, 0x6c, 0x89, 0x7d, 0x71, 0x63, 0xab,
	0x69, 0x6f, 0x7b, 0x7c, 0x84, 0x6c, 0x7f, 0x79, 0x66, 0xa8, 0x7b, 0x7e,
	0x7b, 0x63, 0x8e, 0x4f, 0x71, 0x79, 0x39, 0x79, 0x86, 0x89, 0x7c, 0x77,
	0x6b, 0x77, 0x72, 0x67, 0x9d, 0x98, 0x5f, 0x69, 0x6f, 0x79, 0x76, 0x84,
	0x7f, 0x49, 0x7b, 0x65, 0x73, 0x6e, 0x61, 0x75, 0x54, 0x68, 0x7d, 0x77,
	0x84, 0x63, 0x68, 0x68, 0x73, 0x70, 0x65, 0x78, 0x8a, 0x73, 0x8a, 0x82,
	0x70, 0x81, 0x64, 0x4d, 0x72, 0x73, 0x56, 0x6a, 0x80, 0x75, 0x6d, 0x77,
	0x85, 0x84, 0x97, 0x71, 0x71, 0x7e, 0x7b, 0x74, 0x67, 0x77, 0x7b, 0x6e,
	0x69, 0x69, 0x81, 0x73, 0x83, 0x70, 0x6e, 0x71, 0x4c, 0x89, 0x96, 0x60,
	0x8d, 0x4a, 0x7c, 0x8b, 0x55, 0x63, 0x73, 0x78, 0x7a, 0x92, 0x9a, 0x95,
	0x42, 0x62, 0x84, 0x63, 0x69, 0x82, 0x5e, 0x96, 0x83, 0x7a, 0xa1, 0x7e,
	0x7d, 0x64, 0x83, 0x6b, 0x8f, 0x87, 0x61, 0x97, 0x7c, 0x63, 0x96, 0x71,
	0x6a, 0x53, 0x7e, 0x74, 0x95, 0x99, 0x43, 0x46, 0xa3, 0x82, 0x63, 0x96,
	0x7d, 0x6e, 0x62, 0x77, 0x79, 0x7c, 0x7d, 0x68, 0x77, 0x77, 0x60, 0x4e,
	0x98, 0x7a, 0x53, 0x74, 0x84, 0x4c, 0x80, 0x78, 0x85, 0x72, 0x71, 0x64,
	0x79, 0x68, 0x68, 0x68, 0x91, 0x80, 0x71, 0x8b, 0x8a, 0x88, 0x6e, 0x82,
	0x6b, 0x76, 0x7b, 0x6c, 0x93, 0x78, 0x73, 0x7a, 0x81, 0x63, 0x7d, 0x87,
	0x87, 0x86, 0x8d, 0x85, 0x9d, 0x7e, 0x84, 0x70, 0x6d, 0x8f, 0x8b, 0x76,
	0x9d, 0x82, 0x75, 0x8f, 0x5c, 0x7e, 0x7d, 0x77, 0x70, 0x64, 0x7b, 0x7f,
	0x72, 0x8b, 0x8d, 0x82, 0x91, 0x6f, 0x99, 0x6a, 0x77, 0x7c, 0x77, 0x6d,
	0x83, 0x5c, 0x78, 0x6e, 0x80, 0x63, 0x85, 0x8a, 0x77, 0x82, 0x72, 0x84,
	0x86, 0x7d, 0x76, 0x74, 0x7f, 0x7b, 0x6b, 0x92, 0x9c, 0x68, 0x8d, 0x73,
	0x93, 0x68, 0x77, 0x76, 0x87, 0x76, 0x7b, 0x61, 0x6d, 0x6c, 0x7b, 0x99,
	0x6d, 0x6f, 0x6b, 0x77, 0x66, 0x9e, 0x99, 0x8d, 0x78, 0x7a, 0x6f, 0x61,
	0x97, 0x73, 0x71, 0x96, 0x8c, 0x65, 0x74, 0x86, 0x72, 0x85, 0x96, 0x70,
	0x7f, 0x78, 0x7d, 0x69, 0x6d, 0x7d, 0x74, 0x70, 0x75, 0x6e, 0x6e, 0x66,
	0x8d, 0x84, 0x7a, 0x90, 0x89, 0x98, 0x8e, 0x87, 0x6c, 0x7a, 0x80, 0x7f,
	0x73, 0x6a, 0x7b, 0x8e, 0x8b, 0x64, 0x71, 0x73, 0x5a, 0x70, 0x5a, 0x77,
	0x66, 0x66, 0x5a, 0xb0, 0x74, 0x5e, 0x63, 0x9b, 0x66, 0x72, 0x72, 0x6d,
	0x99, 0x60, 0x49, 0x82, 0x6e, 0x6c, 0x6b, 0x82, 0x6d, 0x70, 0x87, 0x85,
	0x6c, 0x7a, 0x5b, 0x88, 0x62, 0x96, 0x44, 0x52, 0x60, 0x61, 0x84, 0x88,
	0x60, 0x7a, 0x64, 0x87, 0x86, 0x75, 0x74, 0x67, 0x7b, 0x7f, 0x76, 0x85,
	0x76, 0x95, 0x80, 0x6d, 0x6a, 0x5c, 0x72, 0x76, 0x76, 0x4b, 0x97, 0x91,
	0x58, 0x7d, 0x87, 0x6b, 0x80, 0x51, 0x5e, 0x72, 0x46, 0x63, 0x50, 0x70,
	0x81, 0x90, 0x67, 0x80, 0x64, 0x61, 0x5c, 0x7d, 0x57, 0x64, 0x55, 0x6f,
	0x68, 0x6b, 0x73, 0x77, 0x6e, 0x67, 0x79, 0x76, 0x6f, 0x6d, 0x7c, 0x91,
	0x86, 0x89, 0x6f, 0x62, 0x64, 0x7c, 0x55, 0xb5, 0x8d, 0x8d, 0x7d, 0x5c,
	0x7b, 0x65, 0x9d, 0x8a, 0x72, 0x83, 0x7d, 0x7f, 0x8f, 0x6b, 0x75, 0x83,
	0x71, 0x89, 0x98, 0x70, 0x7e, 0x74, 0x95, 0x5b, 0x7f, 0x83, 0x6d, 0x72,
	0x78, 0x73, 0x83, 0x72, 0x89, 0x72, 0x80, 0x89, 0x64, 0x78, 0x87, 0x7b,
	0x77, 0x6d, 0x76, 0x91, 0x77, 0x90, 0x93, 0x6d, 0x81, 0x74, 0x70, 0x72,
	0x74, 0x77, 0x68, 0x7c, 0x7b, 0x64, 0x7b, 0x78, 0x75, 0x73, 0x91, 0x79,
	0x83, 0x85, 0x93, 0x77, 0x81, 0x73, 0x7e, 0x78, 0x54, 0x8c, 0x8d, 0x8a,
	0x73, 0x76, 0x84, 0x7f, 0x6b, 0x7a, 0x7d, 0x7c, 0x73, 0x80, 0x80, 0x74,
	0x88, 0x74, 0x77, 0x6d, 0xa2, 0x95, 0x73, 0x6a, 0x6a, 0x86, 0x97, 0x81,
	0x72, 0x7e, 0x86, 0x78, 0x68, 0x8d, 0x8d, 0x90, 0x74, 0x78, 0x57, 0x82,
	0x70, 0x98, 0x81, 0x91, 0x9b, 0x90, 0x7d, 0x73, 0x82, 0x80, 0x74, 0x78,
	0x75, 0x82, 0x84, 0x6d, 0x86, 0x66, 0x7d, 0x78, 0x78, 0x71, 0x8e, 0x8b,
	0x79, 0x79, 0x85, 0x7c, 0x78, 0x7c, 0x7c, 0x75, 0x7b, 0x67, 0x74, 0x76,
	0x74, 0x89, 0xa0, 0x6d, 0x77, 0x6c, 0x71, 0x6f, 0x7c, 0x6d, 0x73, 0x75,
	0x65, 0x8b, 0x7c, 0x72, 0x90, 0x73, 0x6c, 0x92, 0x6c, 0x70, 0x6f, 0x8c,
	0x74, 0x71, 0x76, 0x95, 0x8e, 0x6e, 0x6b, 0x7a, 0x84, 0x82, 0x65, 0x77,
	0x78, 0x5d, 0x87, 0x95, 0x7e, 0x7a, 0x6f, 0x8b, 0x85, 0x6c, 0x6b, 0x5d,
	0x79, 0x80, 0x82, 0x7b, 0x69, 0xa2, 0x63, 0x6e, 0x7b, 0x6a, 0x88, 0x94,
	0x75, 0x71, 0x7c, 0x71, 0x6c, 0x75, 0x79, 0x66, 0x6a, 0x65, 0x88, 0x64,
	0x79, 0x74, 0x6b, 0x7b, 0x86, 0x6f, 0x75, 0x5e, 0x73, 0x8c, 0x7d, 0x6e,
	0x74, 0x79, 0x72, 0x8c, 0x6c, 0x6f, 0x6f, 0x86, 0x78, 0x71, 0xa2, 0x7a,
	0x7c, 0x7c, 0x8a, 0x8e, 0x66, 0x72, 0x83, 0x8f, 0x68, 0x7d, 0x72, 0x87,
	0x7c, 0x64, 0x7e, 0x70, 0x6a, 0x69, 0x75, 0x6c, 0x6d, 0x71, 0x76, 0x6e,
	0x90, 0x6f, 0x77, 0x9b, 0x6e, 0x6f, 0x7f, 0x7a, 0x88, 0x78, 0x7b, 0x76,
	0x7d, 0x8a, 0x74, 0x76, 0x77, 0x84, 0x94, 0x64, 0x75, 0x75, 0x75, 0x8e,
	0x69, 0x95, 0x71, 0x74, 0x71, 0x7b, 0x71, 0x8c, 0x6d, 0x7a, 0x78, 0x80,
	0x8b, 0x73, 0x8e, 0x75, 0x73, 0x7a, 0x6a, 0x74, 0x85, 0x78, 0x7b, 0x79,
	0x83, 0x7b, 0x90, 0x6f, 0x72, 0x88, 0x7f, 0x81, 0x78, 0x86, 0x7b, 0x77,
	0x81, 0x78, 0x79, 0x92, 0x7b, 0x8d, 0x7d, 0x83, 0x78, 0x7c, 0x7a, 0x78,
	0x7b, 0x72, 0x6d, 0x81, 0x77, 0x6e, 0x7c, 0x85, 0x77, 0x8b, 0x71, 0x63,
	0x71, 0x64, 0x97, 0x77, 0x63, 0x78, 0x66, 0x68, 0x79, 0x69, 0x72, 0x86,
	0x8f, 0x79, 0x6a, 0x86, 0x84, 0x8f, 0x87, 0x78, 0x72, 0x75, 0x86, 0x8e,
	0x7c, 0x78, 0x77, 0x75, 0x78, 0x84, 0x74, 0x84, 0x7e, 0x6b, 0x87, 0x78,
	0x80, 0x6f, 0x8d, 0x71, 0x78, 0x6f, 0x88, 0x6d, 0x79, 0x78, 0x8b, 0x6f,
	0x75, 0x70, 0x77, 0x69, 0x71, 0x74, 0x82, 0x6d, 0x96, 0x71, 0x84, 0x82,
	0x74, 0x68, 0x71, 0x96, 0x7a, 0xb0, 0x6a, 0x94, 0x7d, 0x95, 0x69, 0x72,
	0x63, 0x86, 0x94, 0x9a, 0xb8, 0x76, 0x64, 0x66, 0x71, 0x7a, 0x75, 0x75,
	0x51, 0x68, 0x70, 0x46, 0x6e, 0x85, 0x77, 0x7f, 0x63, 0x6e, 0x73, 0x73,
	0x79, 0x69, 0x7f, 0x5e, 0x7e, 0x71, 0x63, 0x81, 0x62, 0x74, 0x62, 0x9c,
	0x7e, 0xa0, 0x70, 0x65, 0x86, 0x76, 0x72, 0x7b, 0x9b, 0x84, 0x7d, 0x6d,
	0x82, 0x9d, 0x72, 0x92, 0x71, 0x74, 0x6f, 0x7d, 0x7c, 0x76, 0x77, 0x80,
	0x94, 0x57, 0x6f, 0x8d, 0x76, 0x66, 0x70, 0x7e, 0x68, 0x71, 0x76, 0x8a,
	0xa0, 0x5b, 0x82, 0x5c, 0x72, 0x69, 0x6b, 0x8d, 0x71, 0x84, 0x7a, 0x65,
	0x6e, 0x6d, 0x7f, 0x71, 0x73, 0x70, 0x6b, 0x67, 0x8c, 0x8e, 0x88, 0x73,
	0x7d, 0x7a, 0x79, 0x76, 0x7f, 0x7e, 0x79, 0x81, 0x76, 0x86, 0x71, 0x7c,
	0x7b, 0x76, 0x88, 0x71, 0x83, 0x75, 0x8b, 0x6c, 0x7a, 0x91, 0x81, 0x7a,
	0x79, 0x70, 0x73, 0x84, 0x8e, 0x8f, 0x7c, 0x7d, 0x95, 0x73, 0x83, 0x84,
	0x7d, 0x83, 0x78, 0x8e, 0x7e, 0x79, 0x74, 0x73, 0x77, 0x7b, 0x7c, 0x79,
	0x80, 0x73, 0x7c, 0x7b, 0x80, 0x78, 0x89, 0x75, 0x7b, 0x6d, 0x75, 0x7b,
	0x75, 0x82, 0x7b, 0x7c, 0x8a, 0x79, 0x80, 0x76, 0x80, 0x7a, 0x7a, 0x77,
	0x8d, 0x7c, 0x7a, 0x7b, 0x7b, 0x7d, 0x70, 0x7a, 0x78, 0x7b, 0x77, 0x76,
	0x6e, 0x76, 0x77, 0x71, 0x7c, 0x6a, 0x69, 0x83, 0x6a, 0x7f, 0x73, 0x74,
	0x6e, 0x7a, 0x7d, 0x76, 0x72, 0x77, 0x93, 0x7a, 0x8b, 0x78, 0x6c, 0x7a,
	0x73, 0x84, 0x79, 0x75, 0x92, 0x76, 0x86, 0x79, 0x7c, 0x82, 0x73, 0x7b,
	0x77, 0x7f, 0x77, 0x85, 0x81, 0x77, 0x82, 0x7f, 0x7a, 0x7a, 0x75, 0x7b,
	0x80, 0x74, 0x7e, 0x82, 0x7b, 0x8d, 0x6e, 0x74, 0x7a, 0x86, 0x71, 0x6f,
	0x7d, 0x75, 0x89, 0x90, 0x7b, 0x86, 0x83, 0x73, 0x6b, 0x79, 0x7c, 0x7e,
	0x78, 0x8d, 0x76, 0x78, 0x77, 0x79, 0x80, 0x66, 0x8e, 0x81, 0x90, 0x7f,
	0x71, 0x76, 0x71, 0x81, 0x75, 0x7b, 0x71, 0x6d, 0x6b, 0x7b, 0x73, 0xa1,
	0x73, 0x72, 0x6f, 0x77, 0x74, 0x72, 0x6e, 0x7b, 0x82, 0x7f, 0x7c, 0x7f,
	0x7d, 0x7a, 0x8c, 0x8a, 0x7a, 0x71, 0x68, 0x9d, 0x92, 0x75, 0x6e, 0x71,
	0x71, 0x77, 0x86, 0x75, 0x7d, 0x7a, 0x77, 0x72, 0x70, 0x85, 0x72, 0x78,
	0x7c, 0x72, 0x75, 0x6d, 0x77, 0x7e, 0x7e, 0x8c, 0x7c, 0x7e, 0x73, 0x7c,
	0x73, 0x79, 0x7c, 0x71, 0x95, 0x7b, 0x89, 0x75, 0x6c, 0x66, 0x75, 0x88,
	0x79, 0x95, 0x7a, 0x76, 0x8a, 0x88, 0x77, 0x62, 0x72, 0x75, 0x72, 0x7b,
	0x85, 0x74, 0x76, 0x70, 0x68, 0x86, 0x75, 0x73, 0x90, 0x7a, 0x7b, 0x88,
	0x75, 0x7f, 0x76, 0x78, 0x77, 0x7a, 0x84, 0x64, 0x76, 0x72, 0x80, 0x61,
	0x78, 0x7c, 0x69, 0x78, 0x7e, 0x71, 0x68, 0x82, 0x90, 0x90, 0x7b, 0x8c,
	0x88, 0x7f, 0x7f, 0x82, 0x75, 0x7c, 0x68, 0x80, 0x6c, 0x84, 0x75, 0x74,
	0x70, 0x78, 0x85, 0x7e, 0x90, 0xa9, 0x77, 0x7c, 0x80, 0x9a, 0x7f, 0x83,
	0x80, 0x6b, 0x6c, 0x78, 0x6c, 0x7e, 0x7d, 0x7f, 0x8f, 0x56, 0x80, 0x87,
	0x84, 0x75, 0x72, 0x70, 0x92, 0x7f, 0x77, 0x7a, 0x79, 0x7e, 0x6d, 0x79,
	0x69, 0x78, 0x78, 0x7c, 0x6a, 0x79, 0x77, 0x68, 0x6a, 0x72, 0x6b, 0x90,
	0x64, 0x87, 0x72, 0x69, 0x6a, 0x7f, 0x84, 0x7a, 0x6a, 0x76, 0x84, 0x77,
	0x7e, 0x73, 0x72, 0x7f, 0x72, 0x78, 0x71, 0x73, 0x81, 0x73, 0x87, 0x79,
	0x7a, 0x7c, 0x98, 0x86, 0x67, 0x85, 0x76, 0x7f, 0x93, 0x8b, 0x9a, 0x75,
	0x78, 0x76, 0x76, 0x77, 0x82, 0x77, 0x79, 0x8c, 0x7d, 0x6c, 0x5d, 0x6f,
	0x6a, 0x91, 0xa0, 0x61, 0x74, 0x60, 0x87, 0x77, 0x78, 0x88, 0x91, 0x74,
	0x6b, 0x69, 0x77, 0x80, 0x86, 0xa0, 0x6b, 0x8a, 0x6f, 0x94, 0x75, 0x86,
	0x9c, 0x84, 0xac, 0x95, 0x84, 0x6f, 0x51, 0x6c, 0x6f, 0x73, 0x6a, 0x5d,
	0x5f, 0x77, 0x80, 0x8f, 0x7b, 0x6a, 0x5e, 0x83, 0x80, 0x7b, 0x61, 0x90,
	0x71, 0x82, 0x7d, 0x67, 0x78, 0x7c, 0x89, 0x8b, 0x76, 0x86, 0x7d, 0xaa,
	0x7c, 0x7a, 0x68, 0x6c, 0x65, 0x6b, 0x93, 0x5d, 0x80, 0x83, 0x5a, 0x7e,
	0x6b, 0x88, 0x7c, 0x77, 0x91, 0x6a, 0x71, 0x69, 0x7a, 0x8b, 0x82, 0x7d,
	0x7d, 0x79, 0x67, 0x77, 0x64, 0x74, 0x74, 0x8d, 0x80, 0x7b, 0x7b, 0x67,
	0x5e, 0x7b, 0x68, 0x6f, 0x71, 0x67, 0x80, 0x77, 0x63, 0x5e, 0x96, 0x78,
	0x66, 0x64, 0x72, 0x6a, 0x90, 0x85, 0x7c, 0x5c, 0x6e, 0x8d, 0x6c, 0x7b,
	0x71, 0x86, 0x77, 0x86, 0x6b, 0x7e, 0xa8, 0x76, 0x77, 0x6a, 0x88, 0x8b,
	0x5c, 0x71, 0x7b, 0x7c, 0x71, 0x78, 0x94, 0x69, 0x89, 0x7c, 0x8b, 0x7d,
	0x66, 0x80, 0x9b, 0x74, 0x78, 0x6b, 0x79, 0x75, 0x8b, 0x5d, 0x70, 0x83,
	0x7a, 0x6b, 0x94, 0x87, 0x72, 0x6d, 0x5d, 0x7d, 0x9b, 0x61, 0x73, 0x6a,
	0x7e, 0x6c, 0x7e, 0x84, 0x83, 0x90, 0x6f, 0x7f, 0x7b, 0x85, 0x77, 0x79,
	0xa9, 0x85, 0x6f, 0x8c, 0x73, 0x89, 0x87, 0x8a, 0x95, 0x49, 0x6a, 0x9b,
	0x73, 0x72, 0x78, 0x70, 0x5f, 0x71, 0x6e, 0x73, 0x6d, 0x69, 0x6e, 0x6a,
	0x86, 0x7f, 0x72, 0x7c, 0x67, 0x84, 0x74, 0x9f, 0x87, 0x8a, 0x85, 0x64,
	0x71, 0x7c, 0x51, 0x9f, 0x95, 0x94, 0x61, 0x7e, 0x85, 0x7e, 0x7c, 0x76,
	0x9a, 0x75, 0x70, 0x68, 0x78, 0x4d, 0x9a, 0x91, 0x5f, 0x71, 0x80, 0x7b,
	0x78, 0x82, 0xa7, 0x7e, 0x69, 0x71, 0x90, 0x6c, 0x6a, 0x93, 0x76, 0x7e,
	0x77, 0x77, 0x76, 0x75, 0x59, 0x8d, 0x65, 0x45, 0x84, 0x91, 0x91, 0x7b,
	0x72, 0x71, 0x7d, 0x77, 0x7e, 0x73, 0x9d, 0x81, 0x86, 0x6c, 0x75, 0x76,
	0x82, 0x79, 0x90, 0x83, 0x67, 0x62, 0x6a, 0x64, 0x87, 0x67, 0x6c, 0x7c,
	0x8c, 0x5a, 0x95, 0x84, 0x85, 0x65, 0x6d, 0x68, 0x69, 0x7e, 0x6a, 0x8f,
	0xa5, 0x6e, 0x77, 0x79, 0x8c, 0x84, 0x6d, 0x90, 0x7d, 0x8a, 0x70, 0x7e,
	0x59, 0x78, 0x54, 0x94, 0x6b, 0x64, 0x64, 0x7b, 0x66, 0x79, 0x6c, 0x79,
	0x9a, 0x38, 0x7c, 0x81, 0x9b, 0x7f, 0x59, 0xad, 0x7d, 0x8e, 0x5d, 0x73,
	0x65, 0x86, 0x62, 0x50, 0x78, 0x56, 0x79, 0x8b, 0x92, 0x94, 0x68, 0x62,
	0x73, 0x91, 0x9d, 0x77, 0x6f, 0x91, 0x73, 0x78, 0x8c, 0x97, 0x81, 0x92,
	0x78, 0x69, 0x8c, 0x63, 0x96, 0x75, 0x5c, 0xab, 0x68, 0x59, 0x8b, 0x7e,
	0x7c, 0x88, 0x8f, 0x7e, 0x89, 0x7a, 0x7c, 0x87, 0x6d, 0x60, 0x89, 0x72,
	0x89, 0x70, 0x85, 0x77, 0x7c, 0x86, 0x8d, 0x6f, 0x7b, 0x70, 0x7d, 0x79,
	0x68, 0x7d, 0x6e, 0x60, 0x77, 0x7b, 0x74, 0x7c, 0x68, 0x86, 0x82, 0x7f,
	0x7b, 0x8f, 0x99, 0x76, 0x73, 0x6e, 0x88, 0x82, 0x76, 0x7d, 0x8a, 0x70,
	0x7c, 0x62, 0x7c, 0x69, 0x85, 0x70, 0x73, 0x71, 0x6c, 0x86, 0x7f, 0x73,
	0x95, 0x6c, 0x7d, 0x7a, 0x7c, 0x84, 0x78, 0x8d, 0x7b, 0x81, 0x9f, 0x75,
	0x84, 0x7b, 0x7b, 0x7e, 0x7a, 0x73, 0x79, 0x77, 0x71, 0x75, 0x74, 0x79,
	0x7e, 0x75, 0x7a, 0x6c, 0x61, 0x8a, 0x97, 0x82, 0x6c, 0x7f, 0x76, 0x61,
	0x93, 0x8c, 0x71, 0x8e, 0x7c, 0x79, 0x84, 0x84, 0x64, 0x77, 0x83, 0x8b,
	0x93, 0x73, 0x73, 0x6d, 0x71, 0x7b, 0x86, 0x78, 0x7b, 0x78, 0x82, 0x80,
	0x8c, 0x7f, 0x7f, 0x89, 0x8e, 0x72, 0x76, 0x8a, 0x7a, 0x74, 0xb5, 0x7c,
	0x7d, 0x6e, 0x81, 0x8c, 0x87, 0x8a, 0x64, 0x8a, 0x81, 0x95, 0x81, 0x6a,
	0x73, 0x8b, 0x87, 0x6b, 0x7d, 0x72, 0xa1, 0x76, 0x73, 0x73, 0x78, 0x62,
	0x71, 0x79, 0x80, 0x70, 0x70, 0x86, 0x70, 0x88, 0x77, 0x8a, 0xb8, 0x80,
	0x6a, 0x70, 0x72, 0x6c, 0x65, 0x60, 0x77, 0x6b, 0x85, 0x7a, 0x7d, 0x92,
	0x70, 0x78, 0x6a, 0x75, 0x6f, 0x79, 0x9b, 0x99, 0x7f, 0x74, 0x8d, 0xa0,
	0x88, 0x7f, 0x5c, 0x72, 0x68, 0x4c, 0x63, 0x7a, 0x45, 0x76, 0x82, 0x6b,
	0x7f, 0x68, 0x75, 0x81, 0x96, 0x6b, 0x72, 0x73, 0x75, 0x88, 0x5f, 0x97,
	0x86, 0x7d, 0x8c, 0x65, 0x5a, 0x6d, 0x63, 0x5b, 0x65, 0x7d, 0x8e, 0x78,
	0x5c, 0x99, 0x7b, 0x63, 0x65, 0x76, 0x6f, 0x6d, 0x70, 0x77, 0x7c, 0x7f,
	0x69, 0x7f, 0x8e, 0x69, 0x91, 0x7b, 0x6d, 0x4c, 0x87, 0x63, 0x61, 0x72,
	0xae, 0x76, 0x6d, 0x8f, 0x69, 0xa4, 0x6e, 0x7d, 0x65, 0x82, 0x7e, 0x6b,
	0x76, 0x77, 0x70, 0x7d, 0x8b, 0x6f, 0x97, 0x71, 0x81, 0x6d, 0x80, 0x79,
	0x6a, 0x89, 0x7a, 0x8d, 0x78, 0x69, 0x74, 0x6f, 0xa0, 0x87, 0x75, 0x6e,
	0x7c, 0x76, 0x71, 0x7e, 0x7e, 0x95, 0x85, 0x9c, 0x6f, 0x4b, 0x7f, 0x95,
	0x77, 0x7b, 0x62, 0x86, 0x7e, 0x58, 0x7b, 0x79, 0x77, 0x73, 0x78, 0x99,
	0x5b, 0x66, 0x73, 0x81, 0x7f, 0x6e, 0x77, 0x7d, 0x84, 0x7f, 0x86, 0x88,
	0x7e, 0x7c, 0x7c, 0x74, 0x64, 0x82, 0x72, 0x75, 0x82, 0x7e, 0x7b, 0x7d,
	0x7c, 0x91, 0x68, 0x77, 0x91, 0x7e, 0x78, 0x77, 0x7d, 0xa0, 0x6e, 0x8e,
	0x84, 0x7a, 0x95, 0x7e, 0x54, 0x87, 0x85, 0x77, 0x75, 0x75, 0x6e, 0x72,
	0x80, 0x77, 0x78, 0x88, 0x7c, 0x74, 0x7e, 0x5a, 0x7c, 0x61, 0x80, 0x5f,
	0x82, 0x71, 0x7e, 0xa6, 0x99, 0x9c, 0x85, 0x82, 0x8e, 0x74, 0x7a, 0x76,
	0x86, 0x70, 0x77, 0x74, 0x78, 0x7b, 0x77, 0x7f, 0x67, 0x69, 0x93, 0x57,
	0x80, 0x75, 0x7e, 0x76, 0x74, 0x7c, 0x88, 0x66, 0x6e, 0x6a, 0x6e, 0x68,
	0x9b, 0xa6, 0x80, 0x5a, 0x6b, 0x6d, 0x67, 0x7c, 0x63, 0x89, 0x75, 0x7d,
	0x7d, 0x5e, 0x64, 0x67, 0x81, 0x69, 0x81, 0x68, 0x66, 0x59, 0x68, 0x87,
	0x63, 0x7a, 0x81, 0x70, 0x7d, 0x83, 0x6b, 0x6f, 0x92, 0x63, 0x82, 0x82,
	0x81, 0x6c, 0x7c, 0x8b, 0x5f, 0x81, 0x92, 0x65, 0x86, 0x56, 0x7b, 0x4c,
	0x8e, 0x5c, 0x63, 0x61, 0x82, 0x90, 0x7c, 0x77, 0x84, 0x87, 0x5c, 0x7f,
	0x65, 0x68, 0x79, 0x67, 0x68, 0x90, 0x8a, 0x65, 0x53, 0x74, 0x82, 0x64,
	0x67, 0x9a, 0x67, 0x9b, 0x84, 0x94, 0x96, 0x6a, 0x65, 0x55, 0x6a, 0x86,
	0x64, 0x63, 0x71, 0x6f, 0x5b, 0x91, 0x89, 0x88, 0x6a, 0xa2, 0x58, 0x65,
	0x8b, 0x66, 0x79, 0x66, 0x6f, 0x68, 0x91, 0x76, 0x76, 0x89, 0x94, 0x89,
	0x70, 0x64, 0x75, 0x63, 0x6e, 0x7e, 0x67, 0x72, 0x95, 0x73, 0x6a, 0x88,
	0x78, 0x91, 0x6d, 0x7a, 0x7b, 0x85, 0x82, 0x71, 0x94, 0x74, 0xa2, 0x7b,
	0x8a, 0x7e, 0x79, 0x8f, 0x8e, 0xa8, 0x85, 0x80, 0x7e, 0x5d, 0x8c, 0x80,
	0x96, 0x85, 0x73, 0x71, 0x77, 0x8b, 0x7d, 0x95, 0x9a, 0x63, 0x65, 0xa3,
	0x86, 0x65, 0x81, 0x71, 0x71, 0x64, 0x64, 0x99, 0x89, 0x6b, 0x85, 0x6d,
	0x7c, 0x6b, 0xa2, 0x89, 0x66, 0x8c, 0x5e, 0x6d, 0x83, 0x94, 0x95, 0x6f,
	0x8c, 0x77, 0x76, 0x79, 0x80, 0x72, 0x6e, 0x78, 0x48, 0x8a, 0x6e, 0x8b,
	0x95, 0x80, 0x69, 0x80, 0x72, 0x84, 0x90, 0x58, 0x55, 0x6c, 0x6e, 0x8a,
	0x6f, 0x7b, 0x64, 0x79, 0x87, 0x7e, 0x44, 0x9e, 0x5c, 0x79, 0x70, 0x8a,
	0x6c, 0x48, 0x7d, 0x6d, 0x74, 0x65, 0x65, 0x9b, 0x79, 0x7c, 0x6d, 0x88,
	0x8e, 0x77, 0x7f, 0x65, 0x68, 0x7a, 0x80, 0x73, 0x89, 0x79, 0x7e, 0x76,
	0xa3, 0x7c, 0x6b, 0xa4, 0x72, 0x79, 0x5e, 0x82, 0x55, 0x6a, 0x5a, 0x84,
	0x7a, 0x8c, 0x7b, 0x8a, 0x6b, 0x67, 0x71, 0x57, 0x81, 0x6f, 0x5c, 0x8f,
	0x8f, 0x97, 0x6e, 0x9d, 0x71, 0x6d, 0x8c, 0x72, 0x90, 0x9c, 0x90, 0x64,
	0x4b, 0x5e, 0x88, 0x65, 0x84, 0x7f, 0x81, 0x9f, 0x70, 0x98, 0x73, 0x70,
	0x6f, 0x8b, 0x4c, 0x60, 0x66, 0x58, 0x7a, 0x6a, 0x8b, 0x5e, 0x65, 0x60,
	0x8d, 0x5e, 0x8d, 0x6a, 0x7e, 0x7a, 0x6e, 0x76, 0x92, 0x6f, 0x50, 0x8a,
	0x71, 0x98, 0x5e, 0xb1, 0x8e, 0x9d, 0x75, 0x6b, 0x6b, 0x85, 0x7b, 0x77,
	0x5f, 0x5a, 0x5a, 0x8c, 0x6d, 0x79, 0x72, 0x98, 0x6b, 0x84, 0x9e, 0x57,
	0x8e, 0x7e, 0x92, 0x6c, 0x72, 0x7b, 0x59, 0x98, 0x72, 0x70, 0x8e, 0x6b,
	0x9b, 0x69, 0x70, 0x93, 0x81, 0x6b, 0x72, 0x50, 0x86, 0x85, 0x74, 0x54,
	0x66, 0x6b, 0x89, 0x88, 0x79, 0x75, 0x77, 0x7d, 0x70, 0x9b, 0x69, 0x76,
	0x82, 0xa5, 0x9b, 0x84, 0x68, 0x7f, 0x73, 0x71, 0x9d, 0x6d, 0x92, 0x60,
	0x9b, 0x69, 0x87, 0x6a, 0x86, 0x79, 0x66, 0x93, 0x8c, 0x63, 0x9e, 0x94,
	0x83, 0x7b, 0x8d, 0x86, 0x66, 0x87, 0x96, 0x72, 0x76, 0x7a, 0x71, 0x93,
	0x7e, 0x7b, 0x99, 0xae, 0x6d, 0x81, 0x80, 0x77, 0x78, 0x7b, 0x6d, 0x9a,
	0x7d, 0x76, 0x61, 0x71, 0x9c, 0x77, 0x8c, 0x89, 0x8a, 0x63, 0x77, 0x76,
	0x7e, 0x8c, 0x9d, 0x95, 0x71, 0x88, 0x5f, 0x7d, 0x76, 0x66, 0x70, 0x80,
	0x66, 0x6c, 0x76, 0x65, 0x7f, 0x70, 0x61, 0x8a, 0x8a, 0x7e, 0x6b, 0x64,
	0x53, 0x5b, 0x99, 0x81, 0x8e, 0x76, 0x55, 0x78, 0x78, 0x76, 0x8d, 0x7c,
	0x74, 0x73, 0x7c, 0x7f, 0x6c, 0x6d, 0xa5, 0x6a, 0x68, 0x7a, 0x6a, 0x7b,
	0x70, 0x6f, 0x8e, 0x71, 0x9b, 0x7b, 0x74, 0x6e, 0x77, 0x85, 0x65, 0x65,
	0xa7, 0x87, 0x74, 0x66, 0x79, 0x65, 0x74, 0xa3, 0x65, 0x66, 0x73, 0x68,
	0xa0, 0x62, 0x5a, 0x82, 0x7d, 0x62, 0xa4, 0x6e, 0x72, 0x59, 0x71, 0x63,
	0x7f, 0x67, 0x65, 0x64, 0x93, 0x5a, 0x68, 0x9e, 0xa2, 0x65, 0x66, 0xa6,
	0x75, 0x97, 0x6a, 0x6c, 0x51, 0x64, 0x7b, 0x77, 0x5c, 0x5d, 0x5b, 0x7c,
	0x6d, 0x71, 0x7f, 0x5e, 0x65, 0x9f, 0x90, 0xa4, 0x6f, 0xa6, 0x81, 0x94,
	0x62, 0x7f, 0x63, 0x6c, 0x97, 0x7d, 0x74, 0x6c, 0x77, 0x76, 0x88, 0x65,
	0x70, 0x6e, 0x87, 0x7f, 0x71, 0x61, 0x9a, 0x51, 0x7c, 0x90, 0x67, 0x84,
	0x7e, 0x73, 0x8f, 0x6e, 0x75, 0x7b, 0x6a, 0x86, 0x7d, 0x84, 0x5b, 0x6c,
	0x96, 0x84, 0x5c, 0x6e, 0x73, 0x8b, 0x58, 0x6e, 0x85, 0x9b, 0x7e, 0x61,
	0x6d, 0x79, 0x6b, 0x82, 0x8e, 0x57, 0x62, 0x85, 0x7c, 0x73, 0x67, 0x52,
	0x71, 0x5a, 0x7c, 0x5b, 0x5e, 0x67, 0x7a, 0x75, 0xa1, 0x70, 0x76, 0x76,
	0x69, 0x71, 0x86, 0x73, 0x7e, 0x69, 0x7b, 0x5e, 0x69, 0x81, 0x69, 0x70,
	0x76, 0x6f, 0x6d, 0x7e, 0x86, 0x71, 0x79, 0x73, 0x70, 0x71, 0x68, 0x7f,
	0x77, 0x6e, 0x72, 0x74, 0x79, 0x74, 0x74, 0x7a, 0x80, 0x6a, 0x81, 0x7b,
	0x7d, 0x7c, 0x7a, 0x70, 0x78, 0x84, 0x70, 0x6d, 0x75, 0x62, 0x77, 0x67,
	0x71, 0x87, 0x79, 0x98, 0x7e, 0x7a, 0x75, 0x71, 0x7a, 0x80, 0x7c, 0x6e,
	0x72, 0x8d, 0x80, 0x72, 0x76, 0x7b, 0x75, 0x70, 0x72, 0x7d, 0x8a, 0xa4,
	0x72, 0x93, 0x73, 0x7a, 0x68, 0x76, 0x7e, 0x88, 0x74, 0x6b, 0x77, 0x6a,
	0x8b, 0x77, 0x7b, 0x80, 0x6b, 0x79, 0x7c, 0x6a, 0x7a, 0x76, 0x6e, 0x7e,
	0x70, 0x7e, 0x7d, 0x79, 0x74, 0x7a, 0x76, 0x76, 0x6b, 0x6f, 0x76, 0x6f,
	0x62, 0x99, 0x7c, 0x78, 0x6b, 0x6f, 0x8f, 0x81, 0x79, 0x9b, 0x7c, 0x72,
	0x77, 0x75, 0x92, 0x74, 0x76, 0x79, 0x7f, 0x5f, 0x85, 0x75, 0x78, 0x6e,
	0x6e, 0x79, 0x69, 0x67, 0x9b, 0x83, 0x8f, 0x90, 0x96, 0x78, 0x8b, 0x63,
	0x96, 0x78, 0x6f, 0x6f, 0x6b, 0x96, 0x7b, 0x75, 0x67, 0x74, 0xae, 0x6c,
	0x65, 0x76, 0x96, 0x5f, 0x7f, 0x83, 0x59, 0x85, 0x70, 0x81, 0x8b, 0x8c,
	0x93, 0x99, 0x8c, 0x8c, 0x6e, 0x76, 0x60, 0x8b, 0x90, 0x8d, 0x6b, 0x72,
	0x7c, 0x79, 0x66, 0x75, 0x5d, 0x76, 0x7b, 0x75, 0x76, 0x70, 0x6b, 0x75,
	0x5e, 0x85, 0x86, 0x58, 0x87, 0x65, 0x6e, 0x7a, 0x6e, 0x8a, 0x8c, 0x8c,
	0x7a, 0x73, 0xa3, 0x71, 0x84, 0x7f, 0x6c, 0x7a, 0x77, 0x74, 0x74, 0x7a,
	0x70, 0x70, 0x72, 0x76, 0x7f, 0x72, 0x74, 0x6f, 0x7e, 0x77, 0x74, 0x89,
	0x6b, 0x66, 0x7c, 0x71, 0x6d, 0x87, 0xa5, 0x6f, 0x74, 0x67, 0xa2, 0x88,
	0x7b, 0x75, 0x62, 0xa2, 0x6b, 0x73, 0x8c, 0x78, 0x71, 0x79, 0x82, 0x76,
	0x70, 0x75, 0x80, 0x79, 0x74, 0x75, 0x98, 0x79, 0x7d, 0x75, 0x77, 0x81,
	0x70, 0x76, 0x7c, 0x4e, 0x62, 0x78, 0x75, 0x86, 0x7d, 0x71, 0x6d, 0x74,
	0x4f, 0x7b, 0x6c, 0x7e, 0x64, 0x6d, 0x77, 0x63, 0x74, 0x77, 0x72, 0x77,
	0x6b, 0x60, 0x84, 0x7b, 0x7c, 0x78, 0x86, 0x63, 0x7e, 0x66, 0x93, 0x74,
	0x78, 0x5d, 0x79, 0x72, 0x85, 0x7d, 0x75, 0x7f, 0x7c, 0x74, 0x7c, 0x9a,
	0x75, 0x89, 0x6c, 0x7e, 0x71, 0x83, 0x7c, 0x73, 0x7e, 0x8c, 0x72, 0x7f,
	0x85, 0x70, 0x73, 0xa1, 0x8b, 0x80, 0x6b, 0x78, 0x68, 0x72, 0x74, 0x99,
	0x8c, 0x76, 0x71, 0x7a, 0x7b, 0x86, 0x74, 0x77, 0x74, 0x7c, 0x7b, 0x7a,
	0x51, 0x90, 0x72, 0x77, 0x6c, 0x7f, 0x73, 0x7d, 0x7e, 0x7e, 0x94, 0x70,
	0x70, 0x6e, 0x78, 0x6e, 0x86, 0x7e, 0x79, 0x80, 0x78, 0x6c, 0x8e, 0x73,
	0x7f, 0x74, 0x87, 0x70, 0x76, 0x70, 0x79, 0x64, 0x80, 0x7e, 0x79, 0x9a,
	0x60, 0x77, 0x85, 0x7c, 0x97, 0x7a, 0x5c, 0x69, 0x97, 0x8d, 0x89, 0x72,
	0xb0, 0x70, 0x93, 0x59, 0xbf, 0x6a, 0x71, 0x6e, 0x6a, 0xa1, 0x77, 0x79,
	0x7c, 0x41, 0x9a, 0x66, 0x77, 0x6f, 0x67, 0x67, 0x73, 0x78, 0x7f, 0x60,
	0x74, 0x67, 0x73, 0x7f, 0xb7, 0x8b, 0x6a, 0x55, 0x92, 0x7e, 0x67, 0x56,
	0x9e, 0x68, 0x92, 0x76, 0x5f, 0x75, 0x5a, 0x6f, 0x69, 0x7d, 0x8a, 0x79,
	0x79, 0x95, 0x79, 0x74, 0x6c, 0x78, 0x8e, 0x60, 0x5b, 0x78, 0x76, 0x8a,
	0x87, 0x6a, 0x6e, 0x57, 0x7b, 0x7b, 0x8c, 0xaa, 0x75, 0x73, 0x6c, 0x85,
	0x5f, 0x67, 0x6b, 0x76, 0x77, 0x6f, 0x6e, 0x84, 0x6d, 0x6c, 0x77, 0x5b,
	0x79, 0x8f, 0x82, 0x85, 0x82, 0x7f, 0x5b, 0x8d, 0x90, 0x7f, 0x7c, 0x80,
	0x95, 0x78, 0xa1, 0x6d, 0x69, 0x80, 0x6c, 0x74, 0x68, 0x70, 0x8e, 0x6e,
	0x7b, 0x83, 0x65, 0xa4, 0x72, 0x8b, 0x8f, 0x81, 0x84, 0x5e, 0x67, 0x71,
	0x81, 0x75, 0x57, 0x7b, 0x64, 0x7d, 0x84, 0x7e, 0x6b, 0x86, 0x75, 0x76,
	0x6a, 0x78, 0x78, 0x65, 0x68, 0x9b, 0x83, 0x68, 0x79, 0x8a, 0x7f, 0x9b,
	0x6b, 0x9c, 0x68, 0x86, 0x78, 0x7f, 0x70, 0x86, 0x74, 0x82, 0x6c, 0x60,
	0x7f, 0x88, 0x63, 0x7a, 0x98, 0x8d, 0x8a, 0x80, 0x77, 0x75, 0x80, 0x8f,
	0x82, 0x70, 0x80, 0x6e, 0x7a, 0x96, 0x79, 0x76, 0x7a, 0x77, 0x7b, 0x70,
	0x85, 0xa1, 0x70, 0x6e, 0x84, 0x73, 0x64, 0x7f, 0x7b, 0x72, 0x6f, 0x76,
	0x70, 0x6b, 0x69, 0x77, 0x7f, 0x84, 0x85, 0x81, 0x6a, 0x6e, 0x74, 0x8a,
	0x69, 0x93, 0x74, 0x92, 0x52, 0x86, 0x77, 0x73, 0x5b, 0x71, 0x8a, 0x8a,
	0x83, 0x7a, 0x73, 0x64, 0x79, 0x70, 0x65, 0x76, 0x72, 0x7a, 0x54, 0x99,
	0x8a, 0x83, 0x66, 0x98, 0x80, 0x90, 0x70, 0x7d, 0x72, 0x6f, 0x86, 0x5e,
	0x91, 0x8d, 0x70, 0x84, 0x80, 0x5e, 0x97, 0x6c, 0x97, 0x6a, 0x58, 0x83,
	0x55, 0x5b, 0x9f, 0x7c, 0x6a, 0x9f, 0x6a, 0x8c, 0x81, 0x72, 0x88, 0x7c,
	0x97, 0x95, 0x83, 0x92, 0x86, 0x8f, 0x72, 0x6c, 0x96, 0x7f, 0x98, 0x8c,
	0x8f, 0x84, 0x6a, 0x80, 0x75, 0x69, 0x89, 0x6e, 0x90, 0x71, 0x5f, 0x70,
	0x89, 0x62, 0x7e, 0x79, 0x6b, 0x73, 0x75, 0x6f, 0x5a, 0x76, 0x96, 0x66,
	0x68, 0x6f, 0x6e, 0x76, 0x80, 0x91, 0x58, 0x70, 0x5f, 0x65, 0x4f, 0x93,
	0x7d, 0x6a, 0x78, 0x82, 0x85, 0x85, 0x78, 0x68, 0x68, 0x8c, 0x71, 0x72,
	0x72, 0x85, 0x96, 0x8f, 0x5a, 0x62, 0x6a, 0xa4, 0x4d, 0x75, 0x82, 0x6d,
	0x81, 0x79, 0xa8, 0x6d, 0x81, 0x74, 0x69, 0x86, 0x58, 0x84, 0x93, 0x76,
	0x71, 0x96, 0xa3, 0x6e, 0x6d, 0x87, 0x61, 0x68, 0x69, 0x77, 0x82, 0x82,
	0xa0, 0x88, 0x9c, 0x6b, 0x87, 0x87, 0x74, 0x87, 0x7a, 0x69, 0x75, 0x78,
	0x9e, 0x5f, 0x6c, 0x6e, 0x69, 0x76, 0x64, 0x83, 0x6a, 0x8b, 0x82, 0xa3,
	0x6b, 0x85, 0x8f, 0x78, 0x7d, 0x8f, 0x68, 0x95, 0x78, 0x6e, 0x6a, 0x5c,
	0x72, 0x76, 0x6a, 0x62, 0x81, 0x77, 0x6a, 0x7f, 0x7d, 0x64, 0x78, 0x7b,
	0x73, 0x7b, 0x6d, 0x85, 0xa0, 0x7a, 0x75, 0x73, 0x4a, 0x6a, 0x87, 0x6f,
	0x6f, 0x75, 0x7d, 0x77, 0x70, 0x6f, 0x78, 0x7e, 0x64, 0xa2, 0x78, 0x67,
	0x6c, 0x62, 0x7a, 0x76, 0x6d, 0x81, 0x77, 0x76, 0x79, 0x7a, 0x75, 0x87,
	0x75, 0x8b, 0x6f, 0x6f, 0x62, 0x7c, 0x83, 0x6b, 0x6f, 0x7c, 0x81, 0x6d,
	0x71, 0x87, 0x70, 0x97, 0x60, 0x7b, 0x84, 0x87, 0x79, 0x8c, 0x63, 0x77,
	0x71, 0x79, 0xa0, 0x8e, 0x8d, 0x7f, 0x7a, 0x74, 0x62, 0x77, 0x89, 0x79,
	0x76, 0x7e, 0x80, 0x8a, 0x7a, 0x80, 0x86, 0x94, 0x84, 0x6a, 0x6b, 0x77,
	0x77, 0x79, 0x7d, 0x7d, 0x75, 0x7c, 0x84, 0x98, 0x6e, 0x77, 0x78, 0x78,
	0x8b, 0x78, 0x78, 0x67, 0x70, 0x90, 0xa0, 0x72, 0x80, 0x8b, 0x77, 0x83,
	0x76, 0x78, 0x7e, 0x81, 0x75, 0x79, 0x65, 0x7c, 0x71, 0x6d, 0x75, 0x79,
	0x9c, 0xa0, 0x91, 0x79, 0x8f, 0x79, 0x74, 0x78, 0x6e, 0x68, 0x6d, 0x78,
	0x7a, 0x74, 0x6e, 0x76, 0x7a, 0x75, 0x73, 0x7b, 0x71, 0x90, 0x6e, 0x74,
	0x7a, 0x99, 0x68, 0x5e, 0x75, 0x7a, 0x58, 0x7f, 0x9b, 0x92, 0x56, 0x85,
	0x63, 0x77, 0x45, 0x72, 0x74, 0x6e, 0x7a, 0x82, 0x7a, 0x6d, 0x79, 0x71,
	0x7f, 0x90, 0x6d, 0x7d, 0x81, 0x86, 0x68, 0x77, 0x69, 0x75, 0x67, 0x81,
	0x6b, 0x73, 0x7e, 0x86, 0x72, 0x7a, 0x59, 0x70, 0x6a, 0x59, 0x62, 0x80,
	0x66, 0x92, 0x81, 0x6a, 0x76, 0x84, 0x78, 0x82, 0x92, 0x8f, 0x79, 0x6b,
	0x68, 0x7f, 0x6d, 0x8f, 0xa5, 0x6f, 0x8a, 0x6a, 0x77, 0xa0, 0x7e, 0x7a,
	0x89, 0x80, 0x7a, 0x74, 0x78, 0x77, 0x72, 0x76, 0x7e, 0x83, 0x6c, 0x71,
	0x9c, 0x78, 0x82, 0x76, 0x7c, 0x80, 0x80, 0x77, 0x7c, 0xac, 0x78, 0x96,
	0x84, 0x84, 0x82, 0x83, 0x78, 0x78, 0x78, 0x7c, 0x7a, 0x7c, 0x76, 0x76,
	0x8a, 0x72, 0x76, 0x76, 0x70, 0x74, 0x7d, 0x74, 0x7c, 0x72, 0x80, 0x84,
	0x92, 0x80, 0x76, 0x82, 0x77, 0x74, 0x6b, 0x88, 0x7d, 0x7a, 0x7e, 0x7d,
	0x7d, 0x7e, 0x74, 0xba, 0x7c, 0x6e, 0x77, 0x76, 0x7a, 0x82, 0x7c, 0x77,
	0x7c, 0x80, 0x83, 0x7a, 0x78, 0x7a, 0x7a, 0x7a, 0x74, 0x72, 0x7d, 0x7e,
	0x74, 0x83, 0x72, 0x7d, 0x77, 0x7c, 0x82, 0x78, 0x7c, 0x6c, 0x6b, 0x80,
	0x72, 0x7a, 0x80, 0x72, 0x9b, 0x78, 0x7a, 0x7d, 0x6e, 0x6a, 0x77, 0x78,
	0x80, 0x7a, 0x76, 0x78, 0x7e, 0x7d, 0x62, 0x7a, 0x77, 0x76, 0x7a, 0x7e,
	0x88, 0x72, 0x76, 0x72, 0x77, 0x70, 0x94, 0x7a, 0x78, 0x6b, 0x7a, 0x7a,
	0x8a, 0x7e, 0x70, 0x68, 0x76, 0x72, 0x90, 0x78, 0x76, 0x80, 0x7d, 0x84,
	0x7c, 0x7c, 0x88, 0x76, 0x7e, 0x6c, 0x64, 0x65, 0x76, 0x77, 0x78, 0x84,
	0x78, 0x74, 0x8c, 0x6c, 0x76, 0x7a, 0x77, 0x83, 0x68, 0x76, 0x72, 0x86,
	0x6a, 0x80, 0x78, 0x84, 0x77, 0x82, 0x7d, 0x82, 0x7c, 0x8c, 0x77, 0x66,
	0x72, 0x76, 0x74, 0x80, 0x74, 0x76, 0x82, 0x72, 0x82, 0x88, 0x76, 0x7d,
	0x76, 0x76, 0x78, 0xa0, 0x8f, 0x7e, 0x7d, 0x78, 0x6e, 0x76, 0x80, 0x8e,
	0x74, 0x72, 0x7a, 0x7c, 0x70, 0x72, 0x86, 0x74, 0x90, 0x70, 0x7c, 0x74,
	0x8e, 0x84, 0x82, 0x78, 0x6c, 0x89, 0x80, 0x82, 0x72, 0x80, 0x6e, 0x7c,
	0x7d, 0x6e, 0x8a, 0x77, 0x7e, 0x6c, 0x70, 0x7d, 0x72, 0x6b, 0x6c, 0x65,
	0x77, 0x8e, 0x68, 0x7d, 0x78, 0x82, 0x70, 0x77, 0x84, 0x76, 0x88, 0x82,
	0x6e, 0x8d, 0xa8, 0x76, 0x70, 0x8e, 0x79, 0x6e, 0x76, 0x78, 0x71, 0x6a,
	0x7e, 0x7f, 0x85, 0x68, 0x94, 0x88, 0x7d, 0x74, 0x7c, 0x68, 0x80, 0x6f,
	0x83, 0x96, 0x70, 0x91, 0xa1, 0x8e, 0x74, 0x89, 0x77, 0x7c, 0x7e, 0x80,
	0x78, 0x74, 0x61, 0x73, 0x96, 0x61, 0x73, 0x76, 0x5a, 0x70, 0x8b, 0x67,
	0x77, 0x82, 0x86, 0x7b, 0x91, 0x7b, 0x78, 0x98, 0x6e, 0x85, 0x67, 0x8c,
	0x72, 0x6d, 0x85, 0x7d, 0x74, 0x6a, 0x67, 0x9e, 0x7f, 0x65, 0x69, 0x74,
	0x8a, 0x8a, 0x76, 0x72, 0x77, 0x83, 0x6c, 0x75, 0x76, 0x77, 0x6e, 0x7e,
	0x6f, 0x67, 0x7c, 0x85, 0x76, 0x84, 0x6b, 0x91, 0x74, 0x7b, 0x8a, 0x75,
	0x84, 0x6a, 0x74, 0x74, 0x6c, 0x75, 0x71, 0x68, 0x94, 0x73, 0x82, 0x80,
	0x6d, 0x6a, 0x78, 0x7e, 0x87, 0x73, 0x7e, 0x70, 0x83, 0x7e, 0x5b, 0x88,
	0x7b, 0x6f, 0x7b, 0x71, 0x77, 0x73, 0x70, 0x69, 0x6c, 0x67, 0xa5, 0x74,
	0x77, 0x6f, 0x7c, 0x87, 0x9a, 0xa3, 0x48, 0x4e, 0x6e, 0x63, 0x77, 0x58,
	0x80, 0xa5, 0x6b, 0x49, 0x7b, 0x71, 0x81, 0x73, 0x81, 0x4f, 0x55, 0x92,
	0x69, 0x6f, 0x8c, 0x83, 0x81, 0x6c, 0x90, 0x8f, 0x6c, 0x78, 0x6f, 0x93,
	0x59, 0x68, 0x5d, 0x91, 0x54, 0x5c, 0x89, 0x9f, 0x70, 0x85, 0x6b, 0x5b,
	0x74, 0x8f, 0x77, 0x7a, 0x69, 0x73, 0x74, 0x8e, 0x6e, 0x6e, 0x6b, 0x5c,
	0x7e, 0x96, 0x6d, 0x85, 0x78, 0x6a, 0x6b, 0x95, 0x7b, 0x8a, 0x72, 0x6b,
	0x62, 0x67, 0x89, 0x86, 0x71, 0x8d, 0x82, 0x6f, 0x5d, 0x60, 0x7a, 0x69,
	0x6a, 0x55, 0x7b, 0x6b, 0x7f, 0x65, 0x90, 0x73, 0x59, 0x93, 0x82, 0xa6,
	0x6c, 0x87, 0x7c, 0x82, 0xa3, 0x5c, 0x98, 0x71, 0x6f, 0x53, 0x5b, 0x77,
	0x66, 0x7d, 0x70, 0x5b, 0x71, 0x7a, 0x4e, 0x83, 0x7c, 0x97, 0x6b, 0x71,
	0x91, 0x7b, 0x6b, 0x93, 0x79, 0xa3, 0x72, 0x7e, 0x6d, 0x74, 0x7b, 0x9b,
	0x76, 0x74, 0x71, 0x7a, 0x8b, 0x7e, 0x8c, 0x70, 0xa9, 0x73, 0x95, 0x6d,
	0x79, 0x88, 0x7a, 0x79, 0x77, 0x6c, 0x7b, 0x68, 0x7d, 0x84, 0x90, 0x90,
	0x79, 0x75, 0x72, 0x80, 0x79, 0x8c, 0x80, 0x71, 0x7a, 0x79, 0x75, 0x77,
	0x7c, 0x77, 0x76, 0x78, 0x78, 0x65, 0x7b, 0x86, 0x86, 0x79, 0x91, 0x78,
	0x79, 0x79, 0x65, 0x7a, 0x7a, 0x90, 0x78, 0x7c, 0x93, 0x79, 0x77, 0x93,
	0x7b, 0x70, 0x76, 0x76, 0x75, 0x7d, 0x7d, 0x78, 0x7f, 0x7d, 0x72, 0x7b,
	0x78, 0x7c, 0x79, 0x6b, 0x6f, 0x79, 0x80, 0x7a, 0x6f, 0x88, 0x73, 0x88,
	0x79, 0x7d, 0x85, 0x7a, 0x77, 0x6b, 0x6f, 0x83, 0x79, 0x7a, 0x75, 0x77,
	0x78, 0x75, 0x86, 0x76, 0x71, 0x85, 0x7a, 0x72, 0x75, 0x7c, 0x76, 0x7d,
	0x7a, 0x75, 0x78, 0x6d, 0x72, 0x7d, 0x79, 0x85, 0x7b, 0x7a, 0x7b, 0x80,
	0x7b, 0x76, 0x86, 0x7a, 0x7a, 0x7a, 0x7a, 0x6d, 0x96, 0x7a, 0x6d, 0x76,
	0x76, 0x7c, 0x6a, 0x81, 0x75, 0x7d, 0x82, 0x96, 0x79, 0x75, 0x77, 0x79,
	0x79, 0x83, 0x7f, 0x63, 0x81, 0x7b, 0x74, 0x7b, 0x6e, 0x72, 0x82, 0x71,
	0x77, 0x71, 0x74, 0x84, 0x73, 0x7c, 0x94, 0x8b, 0x72, 0x83, 0x7c, 0x7c,
	0x7a, 0x8a, 0x80, 0x79, 0x64, 0x82, 0x5c, 0x72, 0x76, 0x79, 0x71, 0x83,
	0x73, 0x77, 0x7e, 0x89, 0x6e, 0x6d, 0x67, 0x7a, 0x7a, 0x75, 0x8c, 0x83,
	0x72, 0x74, 0x86, 0x72, 0x74, 0x80, 0x7c, 0x89, 0x78, 0x7f, 0x7c, 0x7b,
	0x78, 0x7c, 0x77, 0x79, 0xac, 0x81, 0x86, 0x73, 0x6d, 0x83, 0x77, 0x7a,
	0x74, 0x7c, 0x81, 0x72, 0x73, 0x79, 0x7d, 0x7f, 0x87, 0x77, 0x7c, 0x81,
	0x84, 0x79, 0x78, 0x85, 0x76, 0x76, 0x70, 0x6d, 0x76, 0x7d, 0x78, 0x78,
	0x77, 0x77, 0x74, 0x76, 0x77, 0x77, 0x67, 0x7d, 0x6f, 0x7f, 0x8a, 0x74,
	0x7f, 0x8a, 0x70, 0x72, 0x75, 0x6f, 0x69, 0x85, 0x84, 0x73, 0x93, 0x79,
	0xae, 0x82, 0x70, 0x63, 0x78, 0x79, 0x8b, 0x6f, 0x7f, 0x7a, 0x80, 0xaa,
	0x7e, 0x81, 0x72, 0x8c, 0x73, 0x7c, 0x80, 0x7b, 0x78, 0x72, 0x84, 0x73,
	0x81, 0x76, 0x79, 0x73, 0x7a, 0x72, 0x7f, 0x6d, 0x69, 0x6d, 0x75, 0x7e,
	0x87, 0x76, 0x8d, 0x87, 0x6d, 0x79, 0x5e, 0x76, 0x78, 0x76, 0x7b, 0x8b,
	0x7e, 0x6f, 0x6f, 0x9e, 0x74, 0x6e, 0x5d, 0x72, 0x81, 0x82, 0x79, 0x72,
	0x79, 0x7b, 0x6e, 0x78, 0x6c, 0x74, 0x78, 0x80, 0x67, 0x72, 0x79, 0x6f,
	0x76, 0x82, 0x70, 0xa2, 0x6c, 0x79, 0x82, 0x73, 0x6d, 0x7b, 0x6f, 0x7f,
	0x73, 0x75, 0x70, 0x70, 0x97, 0x6a, 0x73, 0x7c, 0x6c, 0x76, 0x70, 0x67,
	0x7a, 0x76, 0x7c, 0x85, 0x80, 0x76, 0x64, 0x74, 0x6f, 0x6c, 0x75, 0x7a,
	0x8d, 0x7a, 0x6e, 0x60, 0x6f, 0x70, 0x82, 0x75, 0x7a, 0x6e, 0x76, 0x74,
	0x8b, 0x86, 0x80, 0x62, 0x60, 0x66, 0x75, 0x64, 0x58, 0x94, 0x6f, 0x7c,
	0x7c, 0x75, 0x73, 0x6c, 0x73, 0x86, 0x6e, 0x81, 0x6c, 0x66, 0x6f, 0x8b,
	0x7e, 0x75, 0x78, 0x96, 0x7e, 0x87, 0x7e, 0x75, 0x63, 0x72, 0x64, 0x70,
	0x49, 0x61, 0x78, 0x8e, 0x6a, 0x9f, 0x7f, 0x8a, 0x70, 0x81, 0x75, 0x78,
	0x72, 0x66, 0x64, 0x72, 0x6c, 0x7a, 0x80, 0x78, 0x93, 0x81, 0x84, 0x6d,
	0x8d, 0x69, 0x6d, 0x69, 0x6f, 0x7f, 0x6e, 0x6d, 0x62, 0x63, 0x85, 0x67,
	0x73, 0x96, 0x6e, 0x7c, 0x6a, 0x88, 0x73, 0x68, 0x7e, 0x56, 0x70, 0x68,
	0x73, 0x8a, 0x90, 0x73, 0x61, 0x7e, 0x80, 0x93, 0x67, 0x68, 0x7e, 0x70,
	0x81, 0x80, 0x76, 0x8b, 0x74, 0x7e, 0x57, 0x6e, 0x6a, 0x88, 0x78, 0x67,
	0x6f, 0x7e, 0x61, 0x73, 0x67, 0x84, 0x67, 0x6d, 0x78, 0x76, 0x7b, 0x8d,
	0x74, 0x7f, 0x6e, 0x7a, 0x93, 0x79, 0x7e, 0x81, 0x75, 0x6c, 0x7e, 0x72,
	0x76, 0x87, 0x88, 0x7c, 0x8e, 0x78, 0x7a, 0x75, 0x7a, 0x70, 0x85, 0x72,
	0x87, 0x8f, 0x79, 0x80, 0x75, 0x87, 0x7e, 0x7f, 0x71, 0x83, 0x80, 0x71,
	0x7e, 0x72, 0x81, 0x7b, 0x71, 0x77, 0x7c, 0x7d, 0x75, 0x89, 0x79, 0x72,
	0x91, 0x76, 0x79, 0x7e, 0x78, 0x7b, 0x85, 0x7a, 0x87, 0x96, 0x72, 0x81,
	0x85, 0x85, 0x7f, 0x7d, 0x8c, 0x7a, 0x72, 0x91, 0x80, 0x86, 0x7c, 0x8c,
	0x7b, 0x6e, 0x7d, 0x7a, 0x77, 0x79, 0x87, 0x76, 0x83, 0x86, 0x7c, 0x73,
	0x70, 0x86, 0x7d, 0x8e, 0x83, 0x88, 0x80, 0x87, 0x7a, 0x79, 0x7b, 0x71,
	0x65, 0x70, 0x84, 0x94, 0x82, 0x8a, 0x80, 0x88, 0x89, 0x80, 0x62, 0x79,
	0x7f, 0x70, 0x7d, 0x81, 0x75, 0x7a, 0x80, 0x7b, 0x7c, 0x7c, 0x78, 0x91,
	0x76, 0x92, 0x95, 0x7b, 0x64, 0x77, 0x87, 0x7b, 0x6f, 0x7a, 0x88, 0x7c,
	0x7a, 0x82, 0x6e, 0x6a, 0x75, 0x7c, 0x75, 0x76, 0x6e, 0x77, 0x6c, 0x71,
	0x74, 0x85, 0x69, 0x77, 0x7d, 0x9b, 0x7b, 0x85, 0x74, 0x76, 0x73, 0x6d,
	0x7f, 0x79, 0x67, 0x67, 0x65, 0x5d, 0x70, 0x96, 0x75, 0x74, 0x83, 0x96,
	0x7d, 0x7a, 0x69, 0x71, 0x76, 0x6e, 0x79, 0x7c, 0x78, 0x85, 0x74, 0x60,
	0x78, 0x92, 0x68, 0x7c, 0x78, 0x75, 0x69, 0x80, 0x71, 0x79, 0x6d, 0x7a,
	0x92, 0x88, 0x71, 0x9c, 0x5e, 0x80, 0x6a, 0x72, 0x78, 0x6b, 0x7b, 0x78,
	0x6b, 0x61, 0x6d, 0x6f, 0x73, 0x73, 0x72, 0x79, 0x82, 0x5f, 0x6e, 0x72,
	0x7a, 0x71, 0x95, 0x7a, 0x76, 0x75, 0x72, 0xaf, 0x82, 0x86, 0x70, 0x86,
	0xa0, 0x70, 0x79, 0x6d, 0x84, 0x6f, 0x6e, 0x77, 0x74, 0x7d, 0x60, 0x87,
	0x6d, 0x8a, 0x82, 0x6b, 0x74, 0x91, 0x8e, 0x74, 0x78, 0x79, 0x7a, 0x70,
	0x7f, 0x72, 0x77, 0x79, 0x73, 0x7d, 0x6f, 0x78, 0x80, 0x9d, 0x79, 0x80,
	0x72, 0x7d, 0x7a, 0x73, 0x75, 0x85, 0x8c, 0x72, 0x6e, 0x7c, 0x85, 0x6a,
	0x7b, 0x81, 0x7f, 0x7a, 0x72, 0x76, 0x8a, 0x7d, 0x7b, 0x79, 0x8e, 0x77,
	0x77, 0x84, 0x6d, 0x7d, 0x7b, 0x7a, 0x86, 0x78, 0x75, 0x74, 0x81, 0x83,
	0x79, 0x79, 0x83, 0x73, 0x82, 0x76, 0x7c, 0x7d, 0x78, 0x79, 0x91, 0x78,
	0x79, 0x83, 0x85, 0x79, 0x7b, 0x71, 0x7f, 0x7b, 0x8a, 0x80, 0x7e, 0x88,
	0x77, 0x72, 0x85, 0x8b, 0x8e, 0x74, 0x7e, 0x7b, 0x77, 0x74, 0x67, 0x74,
	0x80, 0x7a, 0x7b, 0x7b, 0x6f, 0x76, 0x82, 0x86, 0x96, 0x6b, 0x93, 0x7f,
	0x85, 0x7c, 0x83, 0x75, 0x79, 0x6a, 0x88, 0x94, 0x6f, 0x89, 0x73, 0x94,
	0x78, 0x93, 0x6f, 0x79, 0x8b, 0x72, 0x7e, 0x7b, 0x6c, 0x7c, 0x7c, 0x7a,
	0x7d, 0x72, 0x7c, 0x90, 0x6f, 0x7c, 0x7c, 0x91, 0x77, 0x7d, 0x81, 0x7b,
	0x83, 0x7f, 0x92, 0x7f, 0x76, 0x79, 0x75, 0x6b, 0x71, 0x85, 0x75, 0x80,
	0x72, 0x7a, 0x70, 0x72, 0x92, 0x8b, 0x6d, 0x74, 0x7c, 0x79, 0x78, 0x75,
	0x6f, 0x74, 0x72, 0x6c, 0x77, 0x79, 0x6a, 0x85, 0x5b, 0x53, 0x74, 0xa7,
	0x7b, 0x75, 0x8f, 0x9d, 0x74, 0x7d, 0x64, 0x70, 0x7c, 0x6a, 0x76, 0x79,
	0x74, 0x91, 0x7a, 0x7c, 0x75, 0x95, 0x69, 0x7f, 0x75, 0x70, 0x61, 0x6e,
	0x73, 0x7a, 0x75, 0x7a, 0x92, 0x79, 0x7f, 0x85, 0x6b, 0x74, 0x76, 0x73,
	0x6d, 0x6e, 0x7b, 0x7c, 0x55, 0x76, 0x6d, 0x72, 0x82, 0x77, 0x75, 0x95,
	0x7f, 0x68, 0x6a, 0x73, 0x7c, 0x72, 0x97, 0x7a, 0x74, 0x7c, 0x73, 0xac,
	0x90, 0x9a, 0x73, 0x7c, 0x8c, 0x6e, 0x7c, 0x7d, 0x80, 0x75, 0x7e, 0x71,
	0x74, 0x6e, 0x78, 0x83, 0x6f, 0x92, 0x7b, 0x74, 0x70, 0x78, 0x90, 0x74,
	0x69, 0x79, 0x75, 0x72, 0x6c, 0x5f, 0x76, 0x82, 0x5c, 0x6f, 0x6d, 0x70,
	0x8d, 0x8e, 0x7e, 0x74, 0x74, 0x73, 0x4c, 0x8d, 0x8d, 0x96, 0x62, 0x8b,
	0x67, 0x7e, 0x61, 0x84, 0x7b, 0x8a, 0x7d, 0x89, 0x7a, 0x69, 0x92, 0x4d,
	0x90, 0x88, 0x84, 0x86, 0x79, 0x99, 0x7a, 0x90, 0x86, 0x74, 0x90, 0x82,
	0x84, 0x79, 0x79, 0x78, 0x6f, 0xa0, 0x76, 0x7d, 0x8e, 0x88, 0x67, 0x78,
	0x9a, 0x6c, 0x78, 0x78, 0x80, 0x67, 0x7f, 0x88, 0x77, 0x7e, 0x80, 0x77,
	0x7b, 0x70, 0x89, 0x7c, 0x83, 0x7c, 0x88, 0x67, 0x7e, 0x96, 0x74, 0x8e,
	0x88, 0x88, 0x7a, 0x63, 0x75, 0x69, 0x72, 0x69, 0x6a, 0x76, 0x90, 0x6a,
	0x6f, 0x5d, 0x5b, 0x7e, 0x52, 0x6d, 0x80, 0x70, 0x65, 0x73, 0x73, 0x87,
	0x74, 0x89, 0x4f, 0x7e, 0x78, 0xa7, 0x76, 0x6d, 0x69, 0x6d, 0x68, 0x7d,
	0x6c, 0x8f, 0x7b, 0x94, 0x8b, 0x91, 0x6a, 0x91, 0x78, 0x66, 0x7f, 0x6e,
	0x76, 0x6a, 0x7a, 0x81, 0x77, 0x82, 0x82, 0x87, 0x90, 0x6f, 0x92, 0x79,
	0x71, 0x85, 0x6f, 0x72, 0x7b, 0x66, 0x76, 0x83, 0x7f, 0x92, 0x93, 0x82,
	0x72, 0x87, 0x7d, 0x6f, 0x7f, 0x55, 0x8e, 0x82, 0x85, 0x86, 0x76, 0x89,
	0x70, 0x96, 0x65, 0x8d, 0x7c, 0x78, 0x82, 0x6a, 0x6f, 0x66, 0x84, 0x70,
	0x7a, 0x80, 0x53, 0x86, 0x61, 0x87, 0x65, 0x72, 0x7a, 0x8a, 0x83, 0x79,
	0x61, 0x90, 0x89, 0x85, 0x8b, 0x83, 0x7c, 0x8b, 0x79, 0x6a, 0x81, 0x95,
	0x91, 0x80, 0x81, 0x76, 0x87, 0x62, 0x8b, 0x8d, 0x8a, 0x79, 0x5c, 0x80,
	0x4c, 0x82, 0x84, 0x70, 0x95, 0x93, 0x8e, 0x91, 0x77, 0x41, 0x7b, 0x64,
	0x58, 0x6e, 0x58, 0x63, 0x91, 0x6d, 0x66, 0x75, 0x8c, 0x53, 0x74, 0x6c,
	0x77, 0x7e, 0x62, 0x82, 0x8a, 0x79, 0x7d, 0x73, 0x80, 0x66, 0x86, 0x82,
	0x6e, 0x89, 0x62, 0x70, 0x55, 0x66, 0x7b, 0x88, 0x7c, 0x6f, 0x89, 0x57,
	0x88, 0x78, 0x67, 0x69, 0x8b, 0x7a, 0x7c, 0x86, 0x74, 0x9b, 0x7f, 0x71,
	0x76, 0x7c, 0x7b, 0x70, 0x74, 0x9d, 0x8c, 0x51, 0x6c, 0x86, 0x60, 0x86,
	0x78, 0x82, 0x92, 0x77, 0x76, 0x8c, 0x8c, 0x99, 0x6c, 0x74, 0x86, 0x68,
	0x77, 0x6a, 0x97, 0x7d, 0x84, 0x78, 0x75, 0x96, 0x70, 0x9c, 0x7b, 0x6e,
	0x8a, 0x69, 0x7a, 0x79, 0x8a, 0x85, 0x70, 0x95, 0x74, 0x79, 0x5f, 0x75,
	0x84, 0x8d, 0x81, 0x82, 0x6a, 0x6a, 0x77, 0x95, 0x8b, 0x86, 0x7e, 0x83,
	0x83, 0x71, 0x78, 0x76, 0x7a, 0x7e, 0x7b, 0x78, 0x7f, 0x78, 0x7a, 0x87,
	0x72, 0xa0, 0x6d, 0x77, 0x86, 0x77, 0x82, 0x89, 0x7b, 0x87, 0x54, 0x7b,
	0x5f, 0x6b, 0x6f, 0x9e, 0x76, 0x86, 0x8e, 0x78, 0x7d, 0x76, 0x80, 0x7c,
	0x6d, 0x75, 0x81, 0x7e, 0x81, 0x78, 0x61, 0x70, 0x6c, 0x81, 0x6c, 0x86,
	0x78, 0x7a, 0x76, 0x82, 0x96, 0x8a, 0x95, 0x95, 0x7b, 0x6e, 0x74, 0x99,
	0x7b, 0x74, 0x80, 0x8d, 0x95, 0x53, 0x6b, 0x70, 0x6a, 0x86, 0x73, 0x58,
	0x55, 0x89, 0x8d, 0x80, 0x7a, 0x73, 0x67, 0x80, 0x87, 0x7f, 0x8a, 0x83,
	0x57, 0x75, 0x79, 0x7e, 0x51, 0x7a, 0x76, 0x8e, 0x8d, 0x6f, 0x86, 0x87,
	0x7b, 0x78, 0x86, 0xb1, 0x66, 0x7b, 0x67, 0x6e, 0x6e, 0x49, 0x83, 0x96,
	0x95, 0x91, 0x4b, 0xa6, 0x7b, 0x7a, 0x63, 0x7a, 0x59, 0x79, 0x90, 0x91,
	0x25, 0x6f, 0x8b, 0x64, 0x61, 0x77, 0x87, 0x53, 0x9c, 0x61, 0x5e, 0x41,
	0x81, 0x80, 0x55, 0x87, 0x68, 0x77, 0x78, 0x83, 0x60, 0x6e, 0x6c, 0x81,
	0x98, 0x71, 0x85, 0x71, 0x8d, 0x86, 0x57, 0x71, 0x72, 0x78, 0x76, 0x8c,
	0x74, 0x56, 0x81, 0x6a, 0x63, 0x79, 0x72, 0x74, 0x7c, 0x56, 0x6a, 0x86,
	0x70, 0x69, 0x7c, 0x64, 0x63, 0x84, 0x70, 0x70, 0x67, 0x72, 0x6d, 0x66,
	0x7f, 0x8d, 0x86, 0x6b, 0x95, 0x71, 0x67, 0x96, 0x92, 0x7d, 0x7e, 0x87,
	0x64, 0x4a, 0x77, 0x74, 0x83, 0x61, 0x61, 0x5c, 0x95, 0x89, 0x7d, 0x69,
	0x70, 0x79, 0x9a, 0x68, 0x81, 0x77, 0x77, 0x8b, 0x88, 0x6b, 0x89, 0x6f,
	0x75, 0x77, 0x94, 0x5e, 0x6a, 0x81, 0x6f, 0x72, 0x89, 0x71, 0x84, 0x81,
	0x7f, 0x7c, 0x6c, 0x7c, 0x7c, 0x97, 0xa5, 0x8a, 0x9c, 0x7b, 0x83, 0x84,
	0xa4, 0x88, 0x7f, 0x8c, 0x85, 0x83, 0x65, 0x4b, 0x64, 0x92, 0x7d, 0x7c,
	0x79, 0x5e, 0x78, 0x8c, 0x7c, 0x7e, 0x6b, 0x7d, 0x92, 0x6e, 0x8d, 0x89,
	0x86, 0xa4, 0x74, 0x73, 0x68, 0x86, 0x72, 0x66, 0x70, 0x6a, 0x89, 0x75,
	0x70, 0x7e, 0x6f, 0x64, 0x88, 0x51, 0x93, 0x83, 0x88, 0x7d, 0x71, 0xa8,
	0x7a, 0x6c, 0x78, 0x76, 0x7d, 0x84, 0x99, 0xa0, 0x6d, 0x79, 0x76, 0x69,
	0x88, 0x7e, 0x6f, 0x71, 0x8b, 0x8a, 0x86, 0x76, 0x8e, 0x7e, 0x91, 0x7f,
	0x89, 0x6d, 0x7e, 0x65, 0x6f, 0x7d, 0x7d, 0x7b, 0x7d, 0x7c, 0x8b, 0x75,
	0x8b, 0x88, 0x6d, 0x5f, 0x6b, 0x66, 0x5c, 0x7f, 0x7e, 0x75, 0x78, 0x89,
	0x85, 0x67, 0x88, 0x80, 0x8a, 0x81, 0x7d, 0x8b, 0x7a, 0x92, 0x84, 0x81,
	0x85, 0x70, 0x71, 0x7d, 0x68, 0x70, 0x63, 0x8a, 0x88, 0x76, 0x63, 0x8d,
	0x8f, 0x76, 0x83, 0x82, 0x98, 0x8d, 0x77, 0x7b, 0x9d, 0x76, 0x77, 0x81,
	0x53, 0x74, 0x80, 0x62, 0x76, 0x8e, 0x48, 0x78, 0x71, 0x97, 0x53, 0x59,
	0x6a, 0x95, 0x64, 0x90, 0x6e, 0x94, 0x88, 0x86, 0x83, 0x7f, 0x5a, 0x6d,
	0x5f, 0x65, 0x65, 0x8e, 0x69, 0x96, 0x8b, 0x7a, 0x8f, 0x56, 0x80, 0x97,
	0x7a, 0x68, 0x78, 0x7b, 0x86, 0x68, 0x72, 0x6a, 0x6a, 0x67, 0x97, 0x81,
	0x47, 0x84, 0x77, 0x75, 0x7b, 0x68, 0x54, 0x65, 0x7a, 0x7e, 0x7a, 0x8b,
	0x7c, 0x80, 0xa2, 0x63, 0x7d, 0xa2, 0x92, 0x53, 0x88, 0x52, 0x6b, 0x65,
	0x54, 0x51, 0x81, 0x78, 0x65, 0x79, 0x73, 0x73, 0x8e, 0x74, 0x5d, 0x9a,
	0x37, 0x52, 0x71, 0x7f, 0x85, 0x8f, 0x6f, 0x5f, 0x66, 0x7f, 0x7e, 0x61,
	0x78, 0x76, 0x76, 0x86, 0x7f, 0x7c, 0x98, 0x74, 0x6e, 0x5f, 0x6c, 0x8a,
	0x78, 0x84, 0x78, 0x8a, 0x81, 0x85, 0x7a, 0x80, 0x70, 0x84, 0x84, 0x8c,
	0x8b, 0x69, 0x81, 0x8c, 0x7d, 0x67, 0x77, 0x8b, 0x7e, 0x7b, 0x89, 0x65,
	0x6d, 0x6a, 0x7b, 0x5d, 0x95, 0x69, 0x5d, 0x82, 0x70, 0x75, 0x80, 0x77,
	0x7f, 0x56, 0x65, 0x9a, 0x7d, 0x6d, 0x75, 0x8a, 0x78, 0x70, 0x7d, 0x6d,
	0x88, 0x52, 0x4b, 0x5c, 0x80, 0x75, 0x6b, 0x83, 0x6d, 0x71, 0x6a, 0x5b,
	0x6f, 0x70, 0x84, 0x72, 0x79, 0x6d, 0x75, 0x81, 0x6e, 0x86, 0x9c, 0x65,
	0x96, 0x53, 0x85, 0x72, 0x54, 0x7a, 0x4a, 0x72, 0x77, 0x8a, 0x82, 0x8d,
	0x9d, 0x9c, 0x7b, 0x79, 0x78, 0x7d, 0x5d, 0x72, 0x84, 0x89, 0x75, 0x57,
	0x78, 0x70, 0x7c, 0x75, 0x54, 0x8e, 0x80, 0x7e, 0x5f, 0x6b, 0x65, 0x57,
	0x73, 0x81, 0x64, 0x7b, 0x82, 0x69, 0x7f, 0x6c, 0x7e, 0x8b, 0x79, 0x7f,
	0x6f, 0x82, 0x7d, 0x83, 0x7b, 0x70, 0x83, 0x89, 0x99, 0x5a, 0x8d, 0xba,
	0x77, 0x7f, 0x61, 0x68, 0x72, 0x93, 0x90, 0x6f, 0x87, 0x80, 0x58, 0x9a,
	0x77, 0x71, 0x97, 0x64, 0x73, 0x79, 0x8b, 0x56, 0x82, 0x6e, 0x7d, 0x7d,
	0x73, 0x88, 0x5f, 0x62, 0x77, 0x7c, 0x78, 0x8d, 0x80, 0x89, 0xa0, 0x7c,
	0x5c, 0x63, 0x63, 0x8b, 0x8f, 0xc9, 0x7e, 0x7a, 0x3b, 0x92, 0x84, 0xb2,
	0x6e, 0x6d, 0x7f, 0x69, 0x75, 0x70, 0x6a, 0x7c, 0x87, 0x6b, 0x7b, 0x71,
	0x64, 0x83, 0x8a, 0x6b, 0x6d, 0x61, 0x83, 0x8a, 0x74, 0x72, 0x7e, 0x7c,
	0x6c, 0x7a, 0x72, 0x65, 0x60, 0x91, 0x8e, 0x74, 0x69, 0x57, 0x86, 0x52,
	0x7f, 0x74, 0x5d, 0x69, 0x69, 0x88, 0x7f, 0xa6, 0x65, 0x6d, 0x6c, 0x72,
	0x7c, 0x88, 0x8f, 0x69, 0x7e, 0x75, 0x7d, 0x63, 0x70, 0x77, 0x78, 0x6e,
	0x7c, 0x78, 0x6e, 0x78, 0x83, 0x89, 0x60, 0x8e, 0x72, 0x91, 0x70, 0x77,
	0x70, 0x6c, 0x71, 0x82, 0x84, 0x65, 0x76, 0x8f, 0x75, 0x79, 0x63, 0x73,
	0x82, 0x6a, 0x74, 0x8c, 0x7a, 0x69, 0x83, 0x75, 0x7b, 0x7b, 0x71, 0x88,
	0x7b, 0x80, 0x78, 0x77, 0x74, 0x7c, 0x78, 0x64, 0x87, 0x80, 0x7e, 0x6a,
	0x83, 0x6f, 0x7c, 0x79, 0x86, 0x6e, 0x73, 0x68, 0x77, 0x66, 0x81, 0x73,
	0x83, 0x76, 0x7a, 0x82, 0x86, 0x6a, 0x78, 0x90, 0x79, 0x7a, 0x70, 0x61,
	0x7e, 0x8e, 0x71, 0x73, 0x73, 0x6f, 0x65, 0x76, 0x89, 0x80, 0x85, 0x75,
	0x96, 0x7c, 0x75, 0x70, 0x90, 0x7c, 0x75, 0x7c, 0x77, 0x67, 0x77, 0x7f,
	0x7d, 0x85, 0x7e, 0x7d, 0x88, 0x6d, 0x7e, 0x79, 0x7b, 0x76, 0x6c, 0x70,
	0x78, 0x7b, 0x7d, 0x6e, 0x7c, 0x70, 0x71, 0x74, 0x76, 0x68, 0x79, 0x79,
	0x5e, 0x72, 0x74, 0x67, 0x7d, 0x75, 0x87, 0x88, 0x5c, 0x85, 0x7d, 0x8d,
	0xa3, 0x77, 0x79, 0x76, 0x80, 0x81, 0x66, 0x9e, 0x64, 0x66, 0x70, 0x8c,
	0x6a, 0x77, 0x9b, 0x9e, 0x71, 0x7e, 0x78, 0x7d, 0x7c, 0x71, 0x6b, 0x56,
	0x81, 0x79, 0x5f, 0x80, 0x74, 0x63, 0x6d, 0x71, 0x73, 0x7c, 0x6c, 0xab,
	0x56, 0xa5, 0x77, 0x76, 0x7a, 0x78, 0x71, 0x5e, 0x8f, 0x75, 0x75, 0x7e,
	0x7a, 0x88, 0x99, 0x84, 0x7b, 0x7c, 0x6f, 0x66, 0x71, 0x81, 0x5b, 0x79,
	0x7f, 0x6a, 0x6d, 0x65, 0x8c, 0x76, 0x75, 0x75, 0x79, 0x9a, 0x72, 0x96,
	0x63, 0x6d, 0x7d, 0x83, 0x75, 0x7d, 0x61, 0x92, 0x79, 0x76, 0x73, 0x72,
	0x70, 0x81, 0x7c, 0x8e, 0x72, 0x77, 0x6c, 0x71, 0x70, 0x6b, 0x8e, 0x76,
	0x6c, 0x6a, 0x6a, 0x7f, 0x8f, 0x82, 0x66, 0x7b, 0x6e, 0x80, 0x74, 0x77,
	0x5a, 0x71, 0x78, 0x80, 0x7a, 0x95, 0x6e, 0x64, 0x5c, 0x94, 0x78, 0x4f,
	0x77, 0x8d, 0x83, 0x79, 0x6f, 0x6a, 0x8d, 0x65, 0x9f, 0x8b, 0x75, 0x91,
	0x8d, 0x69, 0x8d, 0x7b, 0x65, 0x77, 0x9f, 0x76, 0x8c, 0x67, 0x6a, 0x8c,
	0x6e, 0x97, 0x7e, 0x56, 0x77, 0x66, 0x7f, 0x81, 0x79, 0x96, 0x90, 0x6b,
	0x8c, 0x6d, 0x74, 0x92, 0x88, 0x6f, 0x6e, 0x67, 0x7a, 0x94, 0x70, 0x7f,
	0x83, 0x91, 0x86, 0x9f, 0x99, 0x89, 0x77, 0x70, 0x7d, 0x53, 0x81, 0x7a,
	0x80, 0x72, 0x66, 0x8b, 0x7d, 0x87, 0x5d, 0x80, 0x71, 0x74, 0x7a, 0x74,
	0x74, 0x9a, 0x69, 0x8f, 0x76, 0x7e, 0x97, 0x6e, 0x78, 0x8b, 0x81, 0x83,
	0x75, 0x7e, 0x7a, 0x77, 0x77, 0x89, 0x6e, 0x88, 0x89, 0x68, 0x70, 0x64,
	0x65, 0x8b, 0x73, 0x7a, 0x7b, 0x7d, 0x6e, 0x7f, 0x81, 0x78, 0x75, 0x81,
	0x80, 0x6f, 0x6d, 0x87, 0x77, 0x97, 0x79, 0x57, 0x74, 0x68, 0x83, 0x6e,
	0x7e, 0x78, 0x77, 0x6c, 0x5b, 0x80, 0x77, 0x78, 0x5e, 0x80, 0x6f, 0x80,
	0x7d, 0x72, 0x64, 0x85, 0x73, 0x80, 0x80, 0x95, 0x6e, 0x6f, 0x80, 0x89,
	0x93, 0x73, 0x6a, 0x84, 0x69, 0x72, 0x66, 0xab, 0x68, 0x90, 0x88, 0x81,
	0x87, 0x53, 0x81, 0x78, 0x9c, 0x80, 0x65, 0x73, 0xab, 0x73, 0x46, 0x85,
	0x7d, 0x79, 0x87, 0x76, 0x84, 0x5d, 0x7a, 0x60, 0x68, 0x74, 0x5d, 0x57,
	0x45, 0x8a, 0x70, 0x62, 0x6a, 0x8d, 0x88, 0x82, 0x7f, 0x95, 0x5d, 0x83,
	0x81, 0x72, 0x82, 0x75, 0x7c, 0x5c, 0x8f, 0x79, 0x82, 0x81, 0x79, 0x5c,
	0x74, 0x85, 0x89, 0x88, 0x80, 0x62, 0x89, 0x68, 0x76, 0x77, 0x66, 0x7f,
	0x4b, 0x7c, 0x5d, 0x83, 0x64, 0x81, 0x8a, 0x70, 0x5a, 0x75, 0x90, 0x7f,
	0x63, 0x77, 0x65, 0x7e, 0x85, 0x77, 0x75, 0x72, 0x94, 0x6e, 0x55, 0x96,
	0x95, 0x7c, 0x80, 0x51, 0x8d, 0x71, 0x64, 0x6b, 0x7c, 0x99, 0x6f, 0x61,
	0x85, 0x76, 0x6e, 0x64, 0x5f, 0x96, 0x64, 0x72, 0x8f, 0x97, 0x74, 0x4c,
	0x8c, 0x71, 0x68, 0x68, 0x91, 0x95, 0x69, 0x73, 0x75, 0x72, 0x6b, 0x70,
	0x7b, 0x87, 0x84, 0x9e, 0x63, 0x86, 0x79, 0x81, 0x8a, 0x3d, 0x59, 0x6c,
	0x86, 0x84, 0x85, 0x91, 0x72, 0x60, 0x6d, 0x81, 0x80, 0x7c, 0x72, 0x68,
	0x8b, 0x3f, 0x94, 0x7f, 0x71, 0x8a, 0x79, 0x8b, 0x80, 0x97, 0x8e, 0x9f,
	0x78, 0x6f, 0x74, 0x81, 0x7e, 0x71, 0x93, 0x87, 0x6f, 0x80, 0x6b, 0x7b,
	0x78, 0x5a, 0x76, 0x50, 0x7a, 0x6f, 0x6b, 0x8e, 0x6e, 0x6e, 0x7a, 0x82,
	0x7b, 0x67, 0x76, 0x76, 0x78, 0x6d, 0x7e, 0x6a, 0x95, 0x6d, 0x80, 0x81,
	0x97, 0x51, 0x7c, 0x76, 0x5e, 0x93, 0x79, 0x88, 0x7b, 0x82, 0x67, 0x8e,
	0x8b, 0x76, 0xa3, 0x58, 0x9a, 0x7f, 0x76, 0x78, 0x6e, 0x83, 0x78, 0x6c,
	0x7d, 0x9b, 0x6c, 0x6d, 0xbb, 0x87, 0x8e, 0x68, 0x62, 0x6d, 0x68, 0x52,
	0x77, 0x79, 0x58, 0x6b, 0x77, 0x6b, 0x7c, 0x7d, 0x8e, 0x82, 0x96, 0x8d,
	0x95, 0x7d, 0x71, 0x89, 0x81, 0x95, 0x99, 0x83, 0x73, 0x73, 0x94, 0xb2,
	0x82, 0x86, 0x66, 0x73, 0x6c, 0x98, 0x88, 0x79, 0x90, 0x83, 0x4d, 0x79,
	0x69, 0x42, 0x5e, 0x8b, 0x7a, 0x71, 0x85, 0x68, 0x92, 0x97, 0x61, 0x6c,
	0x98, 0x63, 0x8a, 0x5d, 0x92, 0x6e, 0x6f, 0x62, 0x79, 0x80, 0x62, 0x85,
	0x77, 0x6b, 0x78, 0x8c, 0x6d, 0x68, 0x52, 0x73, 0x8f, 0x6d, 0x80, 0x61,
	0x7d, 0x6f, 0x95, 0x61, 0x6d, 0x96, 0x5d, 0x73, 0x7e, 0x77, 0x57, 0x5a,
	0x6f, 0x7a, 0x63, 0x6d, 0x6d, 0x8c, 0x5a, 0x95, 0x6f, 0x7c, 0x6f, 0x81,
	0x64, 0x7f, 0x6b, 0x78, 0x72, 0x62, 0x99, 0x74, 0x7e, 0x66, 0x73, 0x7c,
	0x60, 0x85, 0x69, 0x73, 0x6c, 0x74, 0x73, 0x85, 0x77, 0x6d, 0x89, 0x7e,
	0x82, 0x81, 0x65, 0x80, 0x6a, 0x75, 0x8d, 0x6b, 0x7d, 0x84, 0x87, 0x8d,
	0x6f, 0x75, 0x76, 0x76, 0x77, 0x7c, 0x78, 0x7b, 0x80, 0x7f, 0x7c, 0x6a,
	0x78, 0x7b, 0x9d, 0x70, 0x79, 0x67, 0x85, 0x8d, 0x8a, 0x7c, 0x80, 0x75,
	0x7a, 0x6a, 0x77, 0x73, 0x87, 0x6d, 0x8a, 0x73, 0x85, 0x71, 0x7a, 0x75,
	0x7f, 0x86, 0x7e, 0x72, 0x73, 0x82, 0x80, 0x81, 0x85, 0x83, 0x86, 0x76,
	0x7a, 0x7b, 0x7d, 0x7d, 0x7a, 0x80, 0x76, 0x7b, 0x75, 0x72, 0x77, 0x71,
	0x70, 0x84, 0x80, 0x7f, 0x76, 0x84, 0x8c, 0x7b, 0x74, 0x82, 0x79, 0x69,
	0x85, 0x7b, 0x80, 0x8d, 0x79, 0x7f, 0x78, 0x7b, 0x72, 0x7b, 0x81, 0x88,
	0x84, 0x7e, 0x7a, 0x70, 0x73, 0x7b, 0x7f, 0x79, 0x7b, 0x82, 0x6d, 0x7e,
	0x96, 0x69, 0x72, 0x91, 0x7c, 0x6d, 0x7b, 0x91, 0x7e, 0x77, 0x7d, 0x72,
	0x77, 0x82, 0x7d, 0x7a, 0x82, 0x77, 0x83, 0x74, 0x75, 0x79, 0x83, 0x7b,
	0x7a, 0x76, 0x75, 0x75, 0x73, 0x86, 0x77, 0x73, 0x93, 0x6d, 0x77, 0x70,
	0x72, 0x59, 0x7c, 0x85, 0x7b, 0x62, 0x73, 0x77, 0x66, 0x7d, 0x71, 0x8f,
	0x7e, 0x7b, 0x66, 0x89, 0x6e, 0x8c, 0x73, 0x6f, 0x78, 0x6c, 0xa2, 0x89,
	0x88, 0x77, 0x6e, 0x83, 0x73, 0x6d, 0x6d, 0x6f, 0x6f, 0x7d, 0x86, 0x71,
	0x65, 0x7d, 0x67, 0x7d, 0x7b, 0x70, 0x76, 0x77, 0x75, 0x7e, 0x64, 0xa3,
	0x71, 0x7a, 0x78, 0x71, 0x78, 0x77, 0x59, 0x76, 0x77, 0x7f, 0x6d, 0x7b,
	0x82, 0x73, 0x74, 0x7d, 0x71, 0x7e, 0x77, 0x7e, 0x78, 0x78, 0x75, 0x79,
	0x75, 0x74, 0x72, 0x61, 0x7a, 0x7b, 0x64, 0x7a, 0x79, 0x7b, 0x78, 0x7d,
	0x9b, 0x7a, 0x7c, 0x75, 0x69, 0x74, 0x6a, 0x75, 0x78, 0x77, 0x7d, 0x77,
	0x75, 0x71, 0x6c, 0x78, 0x56, 0x72, 0x6c, 0x57, 0x96, 0x79, 0x76, 0x8b,
	0x7a, 0x89, 0x7a, 0x72, 0x84, 0x81, 0x9d, 0x67, 0x73, 0x84, 0x90, 0x58,
	0x78, 0x63, 0x7a, 0x9b, 0x73, 0x7c, 0x68, 0x53, 0x78, 0x7e, 0xa9, 0x68,
	0x7d, 0x7e, 0x7a, 0x72, 0x65, 0x8f, 0x80, 0x9c, 0x8b, 0x62, 0x9b, 0x72,
	0x73, 0x7f, 0x86, 0x7b, 0x6a, 0x6c, 0x6e, 0x73, 0x7e, 0x8d, 0x83, 0x8c,
	0x88, 0x92, 0x6d, 0x61, 0x76, 0x82, 0x80, 0x71, 0x97, 0x70, 0x6f, 0x81,
	0x6b, 0x60, 0x71, 0x79, 0x73, 0x70, 0x85, 0x79, 0x7b, 0x7e, 0x83, 0x68,
	0x68, 0x73, 0x7a, 0x73, 0x86, 0x8f, 0x6f, 0x8d, 0x8a, 0x7f, 0x94, 0x8c,
	0x84, 0x6d, 0x53, 0x5d, 0x8e, 0x6d, 0x75, 0x74, 0x86, 0x6d, 0x8a, 0x81,
	0x82, 0x84, 0x85, 0x7e, 0x7a, 0x71, 0x73, 0x58, 0x9c, 0x7c, 0x66, 0x72,
	0x76, 0x6e, 0x91, 0x82, 0x82, 0x7c, 0x7d, 0x7e, 0x76, 0x5b, 0x8a, 0x90,
	0x80, 0x83, 0x96, 0x78, 0x6a, 0x8d, 0x70, 0x5a, 0x8d, 0x6b, 0x91, 0x75,
	0x78, 0x7e, 0x96, 0x7e, 0x5c, 0x9b, 0x78, 0x77, 0x82, 0x75, 0x6b, 0x93,
	0x89, 0x67, 0x6c, 0x7a, 0x52, 0x78, 0x6b, 0x6e, 0x60, 0x73, 0x83, 0x4f,
	0x66, 0x8c, 0x7d, 0x92, 0x74, 0x6f, 0x8b, 0xa1, 0x81, 0x83, 0x6b, 0x5c,
	0x75, 0xb1, 0x93, 0x70, 0xa5, 0x85, 0x56, 0xa9, 0x6b, 0x83, 0x54, 0x7e,
	0x6e, 0x72, 0x86, 0x69, 0x54, 0x72, 0x83, 0x67, 0x74, 0x81, 0x64, 0x70,
	0x6d, 0x78, 0x70, 0x89, 0x6f, 0x8f, 0x7b, 0x8a, 0x7f, 0x7f, 0x92, 0x5f,
	0x78, 0x7a, 0x6e, 0x88, 0x7f, 0x64, 0x78, 0x52, 0x81, 0x70, 0x69, 0x77,
	0x8e, 0x7d, 0x76, 0x6c, 0x7f, 0x89, 0x6d, 0x85, 0x57, 0x7b, 0x67, 0x7c,
	0x7f, 0x70, 0x47, 0x7b, 0x55, 0x58, 0x6f, 0x89, 0x60, 0x7a, 0x76, 0x73,
	0x6a, 0x65, 0x6b, 0x76, 0xa5, 0x72, 0x71, 0xa6, 0x73, 0x91, 0x69, 0x6d,
	0x8e, 0x84, 0x74, 0x7f, 0x5b, 0x66, 0x81, 0x76, 0x7c, 0xa1, 0x62, 0x8a,
	0xac, 0x88, 0x78, 0x6c, 0x7e, 0x79, 0x77, 0x7b, 0x70, 0x86, 0x7d, 0x65,
	0x79, 0x67, 0x6b, 0x7e, 0x76, 0x82, 0x8b, 0x6a, 0x65, 0x82, 0x90, 0x89,
	0x7c, 0x70, 0x78, 0x7c, 0x8c, 0x68, 0x75, 0x78, 0x65, 0x90, 0x8e, 0x88,
	0x7b, 0x57, 0x75, 0xa1, 0x90, 0x92, 0x7a, 0x64, 0x77, 0x83, 0x76, 0x6f,
	0x69, 0x87, 0x77, 0x81, 0x69, 0x73, 0x7d, 0x87, 0x75, 0x85, 0x77, 0x78,
	0x78, 0x77, 0x7b, 0x72, 0x81, 0x72, 0x72, 0x7e, 0x72, 0x7a, 0x74, 0x6f,
	0x7d, 0x8d, 0x87, 0x64, 0x8b, 0x84, 0x73, 0x5d, 0x76, 0x65, 0x81, 0x8f,
	0x8d, 0x7f, 0x76, 0x69, 0x77, 0x81, 0x62, 0x84, 0x7b, 0x77, 0x6a, 0x66,
	0x68, 0x77, 0x52, 0x77, 0x7c, 0x8a, 0x78, 0xac, 0x65, 0x84, 0x7a, 0x93,
	0x6e, 0x5a, 0x82, 0x64, 0x7b, 0x74, 0xa8, 0x65, 0x71, 0xa0, 0x8d, 0x5c,
	0x79, 0x72, 0x87, 0x76, 0x74, 0x8d, 0x97, 0x67, 0x68, 0x92, 0x73, 0x98,
	0x7d, 0x6a, 0x70, 0x8a, 0x9f, 0x72, 0x7b, 0x8d, 0x98, 0x88, 0x77, 0x7f,
	0x7e, 0x66, 0x82, 0x6a, 0x68, 0x5f, 0x70, 0x83, 0x8e, 0x79, 0x80, 0xad,
	0x9a, 0x90, 0x6f, 0x6c, 0x67, 0x6c, 0x7e, 0x85, 0x88, 0x85, 0x4b, 0x94,
	0x75, 0x8d, 0x93, 0x94, 0x72, 0x79, 0x74, 0x9a, 0x74, 0x52, 0x5e, 0x75,
	0x74, 0x8c, 0x6a, 0x80, 0x59, 0x76, 0x7b, 0x5e, 0x92, 0x98, 0x72, 0x8c,
	0x8a, 0x6e, 0x57, 0x9b, 0x79, 0x7b, 0x72, 0x6e, 0xa3, 0x6c, 0x9f, 0x64,
	0x71, 0x56, 0x73, 0x7c, 0x79, 0x78, 0x6f, 0x88, 0x65, 0x74, 0x98, 0x97,
	0x54, 0x72, 0x64, 0x86, 0x8d, 0x8e, 0x6e, 0x8a, 0x6f, 0x72, 0x6e, 0x5f,
	0x93, 0x6e, 0x6a, 0x75, 0x76, 0x6b, 0x67, 0x6e, 0x6a, 0x86, 0x75, 0x66,
	0x6c, 0x65, 0x58, 0x93, 0x52, 0x75, 0x79, 0x86, 0x71, 0x87, 0x71, 0x84,
	0x8b, 0x8c, 0x46, 0xa1, 0x7f, 0x66, 0x87, 0x80, 0x70, 0x7a, 0x7f, 0x7f,
	0x79, 0x67, 0x5c, 0x79, 0x7e, 0x85, 0x57, 0x61, 0x80, 0x84, 0x8c, 0x7b,
	0x96, 0x89, 0x5a, 0x8c, 0x8c, 0x59, 0x7b, 0x82, 0x86, 0x8c, 0x7e, 0x72,
	0xa0, 0x7a, 0x79, 0x7c, 0x99, 0x3f, 0x76, 0x7b, 0x7d, 0x54, 0x5b, 0x8b,
	0x81, 0x85, 0x6c, 0x50, 0x7a, 0x7e, 0x75, 0x85, 0x7f, 0x79, 0x74, 0x8b,
	0x79, 0x6d, 0x77, 0xb0, 0x72, 0x77, 0x6e, 0x98, 0x6f, 0x6e, 0x7d, 0xa5,
	0x8a, 0x7b, 0x76, 0x7d, 0x88, 0x92, 0x70, 0x91, 0x87, 0x88, 0x83, 0x5c,
	0x58, 0x73, 0x77, 0xba, 0x7d, 0x7b, 0x8e, 0x8c, 0x73, 0x8a, 0x80, 0x7f,
	0x66, 0x6c, 0x8d, 0x56, 0x98, 0x51, 0x80, 0x6b, 0x69, 0x84, 0x54, 0x7e,
	0x85, 0x8b, 0x86, 0x88, 0x82, 0x72, 0x83, 0x74, 0x8d, 0x81, 0x66, 0x6f,
	0x8b, 0x85, 0x86, 0x9b, 0x7e, 0x72, 0x68, 0x6f, 0xbb, 0x89, 0x92, 0x5f,
	0x65, 0x82, 0x77, 0x98, 0x6d, 0x7f, 0x71, 0x73, 0xa1, 0x92, 0x70, 0x71,
	0x5f, 0x9b, 0x7a, 0x5a, 0x7e, 0x80, 0x7d, 0x7a, 0x61, 0xac, 0x98, 0x7c,
	0x90, 0x78, 0x7a, 0xaf, 0x6a, 0x86, 0x73, 0x62, 0x53, 0xb3, 0x95, 0x7c,
	0x86, 0x77, 0x51, 0xa4, 0x5f, 0x6e, 0x8c, 0xa9, 0xa9, 0x86, 0x93, 0x64,
	0x6d, 0x4c, 0x62, 0x77, 0x73, 0x68, 0x7b, 0x46, 0x65, 0x71, 0x7d, 0x72,
	0x7b, 0x99, 0x68, 0x84, 0x5e, 0x5b, 0x66, 0x7e, 0x79, 0x71, 0x75, 0x6b,
	0x8e, 0x76, 0x99, 0x82, 0x9f, 0x7e, 0x75, 0x6e, 0x70, 0x46, 0x6a, 0x7a,
	0x8a, 0x58, 0x67, 0x76, 0x5d, 0x54, 0x80, 0x76, 0x86, 0x6b, 0x63, 0x91,
	0x6d, 0x8d, 0x71, 0x86, 0x69, 0x59, 0x77, 0x79, 0x70, 0x78, 0x72, 0x6a,
	0x93, 0x81, 0x7b, 0x65, 0x80, 0x85, 0x5f, 0x7f, 0x6d, 0x7b, 0x78, 0x66,
	0x68, 0x5e, 0x76, 0x79, 0x7b, 0x74, 0x8f, 0x5a, 0x65, 0x75, 0x81, 0x66,
	0x78, 0x82, 0x7f, 0x7a, 0x89, 0x6c, 0x72, 0x64, 0x64, 0x79, 0x78, 0x88,
	0x87, 0x8d, 0x6e, 0x6f, 0x79, 0x75, 0x95, 0x82, 0x71, 0x59, 0x7a, 0x86,
	0x6f, 0x77, 0x54, 0x5f, 0x74, 0x5b, 0x78, 0x7c, 0x7c, 0x71, 0x80, 0x89,
	0x6f, 0x82, 0x7f, 0x74, 0x6b, 0x92, 0x79, 0x7b, 0x8b, 0x6d, 0x75, 0x6c,
	0x79, 0x87, 0x75, 0x6f, 0x80, 0x76, 0x7a, 0x6a, 0x7a, 0x72, 0x9d, 0x72,
	0x80, 0x79, 0x6e, 0x6e, 0x6a, 0x7d, 0x79, 0x89, 0x85, 0x78, 0x73, 0x82,
	0x73, 0x87, 0x81, 0x74, 0x8f, 0x77, 0xa6, 0x75, 0x69, 0x72, 0x6d, 0x77,
	0x74, 0x77, 0x87, 0x80, 0x6e, 0x75, 0x79, 0x62, 0x7f, 0x75, 0x70, 0x6f,
	0x76, 0x7f, 0x9e, 0x77, 0x79, 0x7f, 0x84, 0x75, 0x68, 0x68, 0x84, 0x70,
	0x6d, 0x7b, 0x6d, 0x70, 0x74, 0x71, 0x73, 0x71, 0x82, 0x79, 0x65, 0x71,
	0x7b, 0x68, 0x89, 0x86, 0x94, 0x9d, 0x7b, 0x6e, 0x70, 0x76, 0x73, 0x6e,
	0x6e, 0x8e, 0x76, 0x8a, 0x5e, 0x6f, 0x6a, 0x71, 0x67, 0x76, 0x6d, 0x50,
	0x4b, 0x83, 0x7a, 0x85, 0x82, 0x7e, 0x86, 0xb2, 0x9f, 0xa2, 0x7c, 0x8d,
	0x79, 0x5a, 0x75, 0x70, 0x91, 0x7b, 0x69, 0x8c, 0x7e, 0x63, 0x6d, 0x73,
	0x74, 0x7e, 0x84, 0x7f, 0x63, 0x62, 0x8a, 0x75, 0x7b, 0x6d, 0x7d, 0x60,
	0x6b, 0x70, 0x79, 0x6b, 0x73, 0x7c, 0x76, 0x79, 0x7e, 0x6c, 0x73, 0x7f,
	0x83, 0x79, 0x8a, 0x79, 0x60, 0x6d, 0x6d, 0x71, 0x88, 0x76, 0x61, 0x7d,
	0x64, 0x71, 0x7f, 0x8b, 0x7c, 0x6a, 0x9d, 0x7a, 0x6c, 0x77, 0x81, 0x73,
	0x75, 0x79, 0x65, 0x78, 0x7a, 0x83, 0x73, 0x78, 0x76, 0x62, 0x68, 0x7c,
	0x65, 0x67, 0x87, 0x74, 0x71, 0x6f, 0x6c, 0x71, 0x71, 0x85, 0x67, 0x62,
	0x7b, 0x6a, 0x67, 0x82, 0x68, 0x91, 0x7b, 0x7a, 0x97, 0x7f, 0x58, 0x66,
	0x6a, 0x66, 0x7a, 0x70, 0x75, 0x96, 0x63, 0x74, 0x6e, 0x8d, 0x54, 0x74,
	0x86, 0x6e, 0x6a, 0x92, 0x5f, 0x82, 0x70, 0x60, 0x6c, 0x76, 0x8f, 0x7b,
	0x8e, 0x8d, 0x7e, 0x78, 0x84, 0x7c, 0x95, 0x81, 0x97, 0x53, 0x6f, 0x7a,
	0x71, 0x6e, 0x6a, 0x7d, 0x87, 0x95, 0x7d, 0x74, 0x82, 0x86, 0x77, 0x60,
	0x8e, 0x9f, 0x75, 0x7a, 0x69, 0x8d, 0x82, 0x7d, 0x83, 0x8c, 0x6f, 0x99,
	0x78, 0x60, 0x92, 0x74, 0x7b, 0x76, 0x6f, 0x8c, 0x69, 0x77, 0x6d, 0x88,
	0x79, 0x76, 0x5f, 0x6d, 0x86, 0x7e, 0x63, 0x85, 0x7f, 0x77, 0x81, 0x61,
	0x86, 0x78, 0x9c, 0x78, 0x84, 0x6d, 0x76, 0x78, 0x58, 0x7f, 0x90, 0x67,
	0x81, 0x70, 0x61, 0x71, 0x68, 0x99, 0x54, 0x7d, 0x7f, 0x8b, 0x87, 0x8c,
	0x6b, 0x6d, 0x95, 0x89, 0x96, 0x77, 0x8c, 0x6c, 0x79, 0x93, 0x88, 0x5e,
	0x72, 0x72, 0x79, 0x6f, 0x71, 0x84, 0x78, 0x6f, 0x82, 0x8e, 0x63, 0x86,
	0x5e, 0x85, 0x75, 0x7c, 0x75, 0x88, 0x66, 0x84, 0x69, 0x84, 0x76, 0x87,
	0x71, 0x77, 0x81, 0x84, 0x8b, 0x6f, 0x8d, 0x73, 0x8f, 0x75, 0x58, 0xa9,
	0x81, 0x94, 0x74, 0x85, 0x77, 0x83, 0x8e, 0x7b, 0x9d, 0x94, 0x4b, 0xa5,
	0x75, 0x6e, 0x3b, 0x93, 0x91, 0x7b, 0x89, 0x88, 0x78, 0x60, 0x73, 0x56,
	0x6d, 0x6a, 0x6b, 0x6f, 0x34, 0x7b, 0x68, 0x72, 0x4a, 0xa0, 0x8d, 0x81,
	0x7b, 0x67, 0x8d, 0x7e, 0xb6, 0x77, 0x8b, 0x72, 0x78, 0x68, 0x96, 0x7a,
	0x94, 0x9a, 0x7b, 0x64, 0x75, 0x7c, 0x76, 0x76, 0x85, 0x58, 0x66, 0x60,
	0x66, 0x67, 0x71, 0x9f, 0x6e, 0x92, 0x6f, 0x93, 0x64, 0x71, 0x65, 0x90,
	0x62, 0x6e, 0x87, 0x73, 0x6e, 0x83, 0x6f, 0x70, 0x77, 0x66, 0x74, 0x82,
	0x7f, 0x7c, 0x61, 0x80, 0x90, 0x70, 0x6b, 0x64, 0xa6, 0x70, 0x74, 0x78,
	0x7b, 0x82, 0x71, 0x61, 0x82, 0x86, 0x89, 0x79, 0x9d, 0x8e, 0x78, 0x74,
	0x83, 0x91, 0x57, 0x68, 0x5f, 0x72, 0x68, 0x6e, 0x73, 0xa1, 0x75, 0x5b,
	0x7b, 0x90, 0x6f, 0x7d, 0x86, 0x6b, 0x7e, 0x8c, 0x5c, 0x6e, 0x91, 0x60,
	0x7e, 0x46, 0x55, 0x69, 0x74, 0x52, 0x6f, 0x94, 0xa5, 0x66, 0x66, 0x7c,
	0x79, 0x77, 0x7a, 0x72, 0x8e, 0x35, 0x73, 0x8e, 0x71, 0x91, 0x74, 0x7a,
	0x7a, 0x69, 0x88, 0x6c, 0x77, 0xa7, 0x93, 0x89, 0x80, 0x6f, 0x74, 0x83,
	0x73, 0x6f, 0x75, 0x74, 0x71, 0x8e, 0x8d, 0x5d, 0x87, 0x8f, 0x78, 0x91,
	0x6e, 0x56, 0x8f, 0x7c, 0x7a, 0x7f, 0x7e, 0x76, 0x75, 0x70, 0x6f, 0x79,
	0x66, 0x6f, 0x79, 0x6b, 0x78, 0x70, 0x7b, 0x70, 0x5e, 0xa7, 0x80, 0x90,
	0x84, 0x88, 0x7f, 0x97, 0x80, 0x5f, 0xa5, 0x6a, 0x7d, 0x69, 0x7d, 0x66,
	0x85, 0x86, 0x96, 0x7f, 0x93, 0x67, 0x7d, 0x6b, 0x77, 0x88, 0x81, 0x65,
	0x5a, 0x74, 0x66, 0x6f, 0x68, 0x8f, 0x6c, 0x73, 0x95, 0x6b, 0x60, 0x82,
	0x95, 0x6a, 0x72, 0x8e, 0xa4, 0x81, 0x80, 0x7f, 0x73, 0x91, 0x4c, 0x76,
	0x8c, 0x77, 0x5f, 0xa9, 0x83, 0x7e, 0x5e, 0x69, 0x7d, 0x72, 0x82, 0x7f,
	0x92, 0x84, 0x4b, 0x92, 0x75, 0x49, 0x48, 0x87, 0x78, 0x6b, 0x8a, 0x73,
	0x8d, 0x80, 0x82, 0x69, 0x67, 0xa0, 0x5c, 0x61, 0x96, 0x72, 0x61, 0x71,
	0x7c, 0x82, 0x7b, 0x7e, 0x6d, 0x63, 0x6b, 0x8c, 0x97, 0x64, 0x6e, 0x83,
	0x7e, 0x6b, 0x85, 0x5b, 0x89, 0x6c, 0x87, 0x7d, 0x55, 0x89, 0x67, 0x83,
	0x81, 0x70, 0x62, 0x82, 0x68, 0x7d, 0x5c, 0x71, 0x5f, 0x71, 0x55, 0x8b,
	0x6e, 0x7d, 0x5f, 0x8f, 0x6b, 0x8f, 0x63, 0x76, 0x63, 0x80, 0x69, 0x6a,
	0x70, 0x58, 0x6a, 0x5c, 0x6c, 0x88, 0x6a, 0x7a, 0x69, 0x79, 0x74, 0x7e,
	0x71, 0x78, 0x8a, 0x77, 0x82, 0x72, 0x5e, 0x83, 0x71, 0x83, 0x84, 0x7a,
	0x7a, 0x81, 0x77, 0x91, 0x7b, 0x80, 0x74, 0x6f, 0x77, 0x7e, 0x74, 0x7f,
	0x7b, 0x7a, 0x81, 0x76, 0x79, 0x82, 0x91, 0x8b, 0x84, 0x65, 0x7d, 0x83,
	0x75, 0x85, 0x7b, 0x78, 0x8b, 0x75, 0x78, 0x7c, 0x7d, 0x71, 0x7d, 0x80,
	0x96, 0x74, 0x87, 0x7e, 0x74, 0x84, 0x7e, 0x74, 0x74, 0x75, 0x7a, 0x77,
	0x7a, 0x87, 0x94, 0x78, 0x83, 0x7d, 0x7a, 0x84, 0x7f, 0x7b, 0x7e, 0x78,
	0x7c, 0x79, 0x7b, 0x76, 0x72, 0x7b, 0x7c, 0x86, 0x89, 0x72, 0x90, 0x78,
	0x6a, 0x84, 0x84, 0x76, 0x76, 0x87, 0x97, 0x6b, 0x71, 0x8c, 0x79, 0x86,
	0x76, 0x78, 0x78, 0x8b, 0x83, 0x77, 0x7e, 0x76, 0x79, 0x79, 0x80, 0x7e,
	0x76, 0x7b, 0x86, 0x7f, 0x82, 0x82, 0x7e, 0x78, 0x7c, 0x70, 0x7f, 0x7c,
	0x7d, 0x7a, 0x6b, 0x75, 0x7e, 0x88, 0x7d, 0x7e, 0x84, 0x77, 0x82, 0x73,
	0x71, 0x74, 0x9f, 0x80, 0x75, 0x78, 0x75, 0x76, 0x78, 0x76, 0x78, 0x74,
	0x8e, 0x71, 0x82, 0x75, 0x81, 0x84, 0x7c, 0x86, 0x7d, 0x71, 0x79, 0x6e,
	0x73, 0x63, 0x72, 0x95, 0x7b, 0x78, 0x5c, 0x96, 0x6d, 0x75, 0x72, 0x74,
	0x77, 0x74, 0x87, 0x7a, 0x84, 0x6c, 0x67, 0x76, 0x75, 0x75, 0x6e, 0x7c,
	0x75, 0x79, 0x92, 0x7d, 0x75, 0x90, 0x71, 0x79, 0x7e, 0x6c, 0x6f, 0x66,
	0x6f, 0x7a, 0x70, 0x99, 0x80, 0x72, 0x7e, 0x6f, 0x82, 0x76, 0x77, 0x85,
	0x7a, 0x7b, 0x80, 0x78, 0x7e, 0x78, 0x76, 0x7a, 0x7b, 0x7c, 0x76, 0x75,
	0x76, 0x6c, 0x75, 0x79, 0x75, 0x78, 0x73, 0x69, 0x75, 0x7e, 0x73, 0x7a,
	0x7d, 0x7a, 0x78, 0x78, 0x79, 0x7b, 0x7a, 0x6e, 0x6b, 0x71, 0x75, 0x73,
	0x79, 0x75, 0x7b, 0x77, 0x76, 0x74, 0x76, 0x6c, 0x8c, 0x8d, 0x65, 0x95,
	0x86, 0x80, 0x88, 0x8a, 0x7f, 0x92, 0x82, 0x58, 0x9a, 0x5e, 0x8a, 0xa2,
	0x8a, 0x90, 0x76, 0x6e, 0x7e, 0x95, 0x7e, 0x7f, 0x7b, 0x92, 0x72, 0x3e,
	0xa9, 0x84, 0x80, 0x72, 0x7f, 0x7b, 0x56, 0x5d, 0x50, 0x6f, 0x70, 0x9b,
	0x6e, 0x92, 0x6c, 0x7d, 0x6d, 0x8d, 0x77, 0x7c, 0x91, 0x7b, 0x87, 0x8f,
	0x5e, 0x6a, 0x7c, 0x73, 0x86, 0x95, 0x5b, 0x8c, 0x82, 0x6b, 0x83, 0x62,
	0x69, 0x77, 0x6e, 0x7a, 0x8d, 0x70, 0x79, 0x9b, 0x7f, 0x74, 0x6c, 0x92,
	0x76, 0x91, 0x8c, 0x88, 0x5a, 0x88, 0x5c, 0x98, 0x79, 0x7b, 0x6b, 0x89,
	0x66, 0x87, 0x81, 0x9e, 0x7f, 0x87, 0x6b, 0x8f, 0x8e, 0x5d, 0x7f, 0x81,
	0x8c, 0x6b, 0x8a, 0x94, 0x76, 0x76, 0x7a, 0x78, 0x77, 0x80, 0x6b, 0x96,
	0xa3, 0x32, 0x6e, 0x70, 0x59, 0x79, 0x89, 0x96, 0x80, 0x58, 0x8d, 0x9d,
	0x7c, 0x76, 0xa1, 0x9a, 0x8e, 0x7b, 0xa1, 0x72, 0x71, 0x8a, 0x88, 0x8e,
	0x7a, 0x6b, 0x83, 0x4c, 0xbd, 0x51, 0x87, 0x72, 0x4f, 0x6f, 0x5f, 0x79,
	0x74, 0x7f, 0x6d, 0x85, 0x98, 0x8f, 0x7b, 0x61, 0x7e, 0x8a, 0x6b, 0x75,
	0x7f, 0x66, 0x7b, 0x85, 0x93, 0x85, 0x96, 0x7e, 0x83, 0x7e, 0x7a, 0x9c,
	0x8d, 0x8f, 0x78, 0x65, 0x76, 0x85, 0x45, 0x6e, 0x96, 0x75, 0x57, 0xb9,
	0x69, 0x7c, 0x93, 0x77, 0x85, 0x70, 0x70, 0x4c, 0x73, 0x85, 0x66, 0x5d,
	0x52, 0x91, 0x66, 0x61, 0x7a, 0x66, 0x8f, 0x87, 0x84, 0x9a, 0x75, 0x89,
	0x7d, 0x64, 0x69, 0x82, 0x6e, 0xab, 0x7d, 0x65, 0x91, 0x78, 0xac, 0x9b,
	0x9e, 0x86, 0x7d, 0x6b, 0x68, 0x72, 0x82, 0x7d, 0x90, 0x56, 0x72, 0x84,
	0x59, 0x5b, 0x92, 0x62, 0x6f, 0x61, 0x47, 0x9e, 0x5f, 0x7e, 0x7b, 0x76,
	0x5f, 0x83, 0x66, 0x88, 0x7b, 0x62, 0x78, 0x8b, 0x88, 0x92, 0x98, 0x6c,
	0x7e, 0x7b, 0x56, 0x89, 0x85, 0x85, 0x54, 0x63, 0x9a, 0x63, 0x85, 0x5f,
	0x78, 0x7c, 0x8b, 0x84, 0x97, 0x7a, 0x64, 0x60, 0x9a, 0x6d, 0x7e, 0x62,
	0x82, 0x7d, 0x72, 0x70, 0x3e, 0x82, 0x7d, 0x84, 0x9b, 0x79, 0x77, 0x6e,
	0x82, 0x7a, 0x6a, 0x78, 0x90, 0x7a, 0x8c, 0x87, 0x71, 0x83, 0x94, 0x42,
	0x78, 0x67, 0x52, 0x7c, 0x82, 0x87, 0x74, 0x53, 0x7d, 0x87, 0x75, 0x80,
	0x88, 0xa2, 0x7b, 0x65, 0x64, 0x89, 0x6f, 0x8f, 0x7b, 0x68, 0x85, 0x8f,
	0x7a, 0x99, 0x7c, 0x88, 0x80, 0x79, 0x93, 0x8e, 0x94, 0x75, 0x73, 0x70,
	0x8f, 0x8c, 0x64, 0x72, 0x82, 0x6c, 0x85, 0x6d, 0x72, 0x8b, 0x63, 0x87,
	0x8b, 0x66, 0x73, 0x8b, 0x91, 0x70, 0x84, 0x6c, 0x87, 0x65, 0x93, 0x6a,
	0x84, 0x7d, 0x62, 0x79, 0x79, 0x59, 0x67, 0x6e, 0x66, 0x93, 0x6a, 0x6f,
	0x9d, 0x6a, 0x6d, 0x56, 0x85, 0x8b, 0x95, 0x77, 0x84, 0x6d, 0x95, 0x85,
	0x95, 0x76, 0x83, 0x8a, 0x88, 0x69, 0x86, 0x70, 0x7a, 0x62, 0x8d, 0x7a,
	0x59, 0x80, 0x5e, 0x9f, 0x72, 0x79, 0x50, 0x85, 0x84, 0x73, 0x70, 0x71,
	0x89, 0x7e, 0x78, 0x91, 0x81, 0x76, 0x62, 0x80, 0x70, 0x6a, 0xa8, 0x74,
	0x8a, 0x7b, 0x78, 0xc6, 0x7a, 0x84, 0x66, 0x78, 0x77, 0x7a, 0x89, 0x7f,
	0x99, 0xa2, 0x6a, 0x84, 0x76, 0x65, 0xa1, 0x5f, 0x8d, 0x71, 0x49, 0x62,
	0x8f, 0x73, 0x83, 0x7c, 0x69, 0x87, 0x6c, 0x6f, 0x91, 0x70, 0x6f, 0x73,
	0x79, 0x8b, 0x75, 0x8d, 0x6e, 0x58, 0x7e, 0x89, 0x75, 0x6e, 0x75, 0x79,
	0x9e, 0x70, 0x59, 0x80, 0x66, 0x79, 0x8e, 0x71, 0x78, 0x87, 0x6b, 0x59,
	0x85, 0x4e, 0x79, 0x78, 0x64, 0x6c, 0x94, 0x74, 0x70, 0x77, 0x76, 0x5a,
	0x59, 0x7e, 0x80, 0x7d, 0x69, 0x86, 0x6b, 0x73, 0x69, 0x6a, 0x87, 0x75,
	0x6b, 0x8b, 0x7e, 0x76, 0x7a, 0x73, 0x4d, 0x81, 0x7a, 0x9a, 0x70, 0x89,
	0x75, 0x69, 0x72, 0x89, 0x7d, 0x84, 0x7a, 0x79, 0x81, 0x96, 0x82, 0x68,
	0x77, 0x7c, 0x74, 0x83, 0x76, 0x95, 0x8b, 0x64, 0xaa, 0x5d, 0x70, 0x7f,
	0x78, 0x8e, 0x8f, 0x76, 0x73, 0x7e, 0x74, 0x81, 0x5c, 0x76, 0x82, 0x87,
	0x86, 0x8b, 0x7c, 0x64, 0x69, 0x84, 0x93, 0x77, 0x89, 0x7f, 0x79, 0x89,
	0xb9, 0x82, 0x6b, 0x7c, 0x6d, 0x5f, 0x88, 0x7a, 0x77, 0x8d, 0x70, 0x6c,
	0x7e, 0x75, 0x7d, 0x85, 0x98, 0x8c, 0x81, 0xa1, 0x83, 0x7f, 0x81, 0x5f,
	0x58, 0x6c, 0x92, 0x6b, 0x86, 0x82, 0x77, 0x83, 0x92, 0x92, 0x77, 0x69,
	0x6d, 0x76, 0x7a, 0x88, 0x71, 0x58, 0x8a, 0x8d, 0x30, 0x63, 0x93, 0x86,
	0x81, 0x64, 0x76, 0x87, 0x80, 0x76, 0x7b, 0x7a, 0x99, 0x52, 0x7a, 0x62,
	0x58, 0x8c, 0x82, 0x79, 0x8e, 0x9e, 0x67, 0x98, 0x94, 0x9b, 0x92, 0x97,
	0x7c, 0x4f, 0x79, 0x6b, 0x6b, 0x7e, 0x6b, 0x78, 0x7a, 0x7b, 0x8b, 0x9d,
	0x63, 0x9f, 0x8c, 0x4c, 0x76, 0x6d, 0x51, 0x79, 0x6b, 0x7c, 0x58, 0x6d,
	0x86, 0x64, 0x82, 0x88, 0x87, 0x98, 0x8c, 0xa1, 0x90, 0x76, 0x6d, 0x8f,
	0x94, 0x78, 0x5d, 0x7c, 0x92, 0x6d, 0x7c, 0xba, 0x8c, 0x80, 0x6e, 0x7d,
	0x86, 0xa1, 0x81, 0x76, 0x8a, 0x5e, 0x43, 0x9c, 0x94, 0x85, 0x8f, 0x7f,
	0x71, 0x6b, 0x84, 0x6a, 0x78, 0x60, 0x8b, 0x62, 0x83, 0x73, 0x70, 0x72,
	0x88, 0x77, 0x6f, 0x7e, 0x7f, 0x91, 0x8a, 0x80, 0x94, 0x6d, 0x48, 0x76,
	0x6c, 0x6b, 0x63, 0x8d, 0x92, 0x8c, 0x67, 0x40, 0x4e, 0x66, 0x93, 0x7d,
	0x6c, 0x60, 0x77, 0x95, 0x79, 0x49, 0x77, 0x5f, 0x4a, 0x60, 0x6c, 0x83,
	0x78, 0x7b, 0x50, 0x79, 0x58, 0x5d, 0x78, 0x86, 0x66, 0x66, 0x6c, 0x67,
	0x74, 0x68, 0x92, 0x57, 0x8d, 0x77, 0x6f, 0x7b, 0x83, 0x80, 0x4c, 0x8b,
	0x83, 0x7e, 0x78, 0x75, 0x74, 0x73, 0x86, 0x93, 0x90, 0x96, 0x82, 0x91,
	0x75, 0x7a, 0x85, 0x78, 0x67, 0x80, 0x81, 0x7a, 0x74, 0x86, 0x82, 0x60,
	0xa6, 0xa9, 0x87, 0x81, 0x76, 0x7f, 0x84, 0x61, 0x6f, 0x7d, 0x8c, 0x86,
	0x7d, 0x7a, 0x77, 0x94, 0x8a, 0x96, 0x90, 0x77, 0x96, 0x78, 0x93, 0x84,
	0x79, 0x7d, 0x67, 0x7c, 0xae, 0x87, 0x69, 0x75, 0x85, 0x88, 0x60, 0x5d,
	0x86, 0x86, 0x76, 0x86, 0x86, 0x81, 0x79, 0x71, 0x70, 0x74, 0x7c, 0x73,
	0x68, 0x91, 0x75, 0x55, 0x85, 0x71, 0x78, 0x81, 0x61, 0x96, 0x76, 0x71,
	0x7e, 0x86, 0x75, 0x60, 0x79, 0x6f, 0x58, 0x7d, 0x72, 0x77, 0x79, 0x7d,
	0x63, 0x7e, 0x7f, 0x97, 0x76, 0x8c, 0x6f, 0x62, 0x7b, 0x88, 0xaf, 0x5c,
	0x7d, 0x77, 0x62, 0x62, 0x6e, 0x8e, 0x84, 0x7f, 0x8e, 0x71, 0x74, 0x7d,
	0x65, 0x88, 0x85, 0x7f, 0x6d, 0x6f, 0x92, 0x67, 0x77, 0x92, 0x79, 0x79,
	0x93, 0x77, 0x85, 0x6d, 0x7b, 0x81, 0x92, 0x69, 0x6a, 0x81, 0x7d, 0x93,
	0x72, 0x90, 0x48, 0x7a, 0x8c, 0x7a, 0x5b, 0x69, 0x84, 0x67, 0x9c, 0x81,
	0x9f, 0x79, 0x93, 0x82, 0x91, 0x6b, 0x8d, 0x95, 0x6b, 0x85, 0x86, 0xb1,
	0x78, 0x87, 0x76, 0x7b, 0x7e, 0x98, 0x88, 0x8b, 0x9b, 0x70, 0x5f, 0xb2,
	0x9b, 0x70, 0x82, 0x90, 0x73, 0x85, 0xa3, 0x4d, 0x7c, 0x84, 0x86, 0x7a,
	0x7d, 0x7b, 0x6a, 0x4c, 0x82, 0x88, 0x77, 0x84, 0x78, 0x95, 0x76, 0x78,
	0x72, 0xa0, 0x6d, 0x88, 0x7a, 0x82, 0x68, 0x63, 0x7e, 0x92, 0x62, 0x91,
	0x88, 0x88, 0x7f, 0x64, 0x58, 0x79, 0x65, 0x6a, 0x91, 0x6c, 0x7e, 0x71,
	0x51, 0x58, 0x76, 0x7d, 0x7d, 0x9b, 0x81, 0x88, 0x6e, 0x6d, 0x84, 0x7c,
	0x55, 0x80, 0x86, 0x66, 0x7c, 0x7f, 0x7a, 0x7d, 0x83, 0x7f, 0x78, 0x66,
	0x8e, 0x7f, 0x4e, 0x6c, 0x6f, 0x93, 0x7d, 0xa7, 0x86, 0x67, 0x7e, 0x6c,
	0x7e, 0x88, 0x97, 0x44, 0x73, 0x85, 0x82, 0x57, 0x75, 0x77, 0x73, 0x78,
	0x7b, 0x75, 0x79, 0x4d, 0x7d, 0x6f, 0x73, 0x8f, 0x6a, 0x8b, 0x77, 0x64,
	0x7a, 0x6c, 0x96, 0x8b, 0x8c, 0x4f, 0x6f, 0x96, 0x75, 0x77, 0x49, 0x5d,
	0x73, 0x4e, 0x60, 0x5d, 0x79, 0x7d, 0x8c, 0x77, 0x70, 0x98, 0x72, 0x78,
	0x8f, 0x96, 0x76, 0x78, 0x62, 0x94, 0x76, 0x63, 0x78, 0x75, 0x78, 0x51,
	0x6c, 0x5b, 0x7a, 0x6f, 0x7f, 0x6e, 0x8d, 0x6a, 0x72, 0x64, 0x74, 0x64,
	0x72, 0x6a, 0x74, 0x7c, 0x77, 0x79, 0x72, 0x9d, 0x64, 0x6d, 0x68, 0x7e,
	0x8e, 0x80, 0xa9, 0xa9, 0x6a, 0x68, 0x73, 0x61, 0x81, 0x6c, 0x92, 0x7d,
	0x8d, 0x6c, 0x67, 0x5e, 0x84, 0x75, 0x67, 0x6e, 0x75, 0x7b, 0x84, 0x71,
	0x76, 0x82, 0x79, 0x70, 0x78, 0x80, 0x78, 0x4b, 0x6f, 0x76, 0x4b, 0x64,
	0x71, 0x86, 0x7c, 0x4b, 0x69, 0x75, 0x5c, 0x78, 0x79, 0x62, 0x7b, 0x88,
	0x8b, 0xa1, 0x62, 0x79, 0x6f, 0x7b, 0x77, 0x87, 0x58, 0x7d, 0x6c, 0x97,
	0x8e, 0x75, 0x6d, 0x84, 0x66, 0x6c, 0x6f, 0x8a, 0x70, 0x66, 0x6c, 0x7d,
	0x72, 0x6d, 0x81, 0xbe, 0x8a, 0x9c, 0x77, 0x90, 0x7b, 0x96, 0x7e, 0x53,
	0x98, 0x86, 0x60, 0x9c, 0x76, 0xa1, 0x55, 0x8c, 0x8c, 0x79, 0x71, 0xa0,
	0x71, 0x72, 0x8a, 0x71, 0x72, 0x58, 0x5e, 0x4c, 0x84, 0x91, 0x68, 0x6c,
	0x73, 0x88, 0x85, 0x7f, 0x63, 0x69, 0xa9, 0x7f, 0x89, 0x80, 0x6c, 0x7c,
	0x5e, 0x67, 0x55, 0x40, 0x9d, 0x78, 0x87, 0x7a, 0x68, 0x7f, 0x76, 0x94,
	0x4c, 0x5b, 0xac, 0x77, 0x63, 0x79, 0x50, 0x6c, 0x74, 0x64, 0x6b, 0x7b,
	0x58, 0x7b, 0x67, 0x85, 0x73, 0x68, 0x8f, 0x6c, 0x51, 0x76, 0x89, 0x6b,
	0x4b, 0x83, 0x5f, 0x91, 0x65, 0x6d, 0x69, 0x5f, 0x89, 0x72, 0x90, 0x76,
	0x69, 0x69, 0x6d, 0x69, 0x7d, 0x79, 0x91, 0x68, 0x88, 0x67, 0x8c, 0x5c,
	0x74, 0x66, 0x79, 0xa6, 0x77, 0x7a, 0x88, 0x5f, 0x66, 0x88, 0x90, 0x7d,
	0x8b, 0x69, 0x7c, 0x58, 0x65, 0x72, 0x8f, 0x8d, 0x6b, 0x6e, 0xaf, 0x7c,
	0x77, 0x7c, 0x91, 0x70, 0x89, 0x5f, 0x72, 0x97, 0x7f, 0x9b, 0x76, 0x92,
	0x7a, 0x81, 0x6c, 0x6d, 0x6e, 0x7d, 0x78, 0x72, 0x99, 0x6f, 0x79, 0x81,
	0x84, 0x7c, 0x73, 0x7e, 0x81, 0x6d, 0x7c, 0x78, 0x7f, 0x71, 0x60, 0x7a,
	0x68, 0x6e, 0x79, 0xa2, 0x84, 0x71, 0x77, 0x9d, 0x6b, 0x93, 0x8a, 0x90,
	0x8f, 0x74, 0x69, 0x57, 0x96, 0x5d, 0x60, 0x7d, 0x69, 0x7f, 0x61, 0x87,
	0x7a, 0x6f, 0x6d, 0x7a, 0x73, 0x71, 0x65, 0x70, 0x81, 0x79, 0x68, 0x78,
	0x82, 0x7a, 0x7d, 0x5b, 0x7a, 0x90, 0x8f, 0x7e, 0x91, 0x71, 0x90, 0x82,
	0x83, 0x7d, 0x93, 0x5f, 0x6b, 0x94, 0x6b, 0x79, 0x91, 0x71, 0x95, 0x70,
	0x72, 0x7b, 0x7d, 0x77, 0x7c, 0xaa, 0x94, 0x4e, 0x83, 0x77, 0x80, 0x9f,
	0x8d, 0x66, 0x78, 0x83, 0x59, 0x6d, 0x71, 0x5c, 0x68, 0x86, 0x6f, 0x84,
	0x86, 0x8b, 0x5d, 0x92, 0x76, 0x77, 0x78, 0xa4, 0x8d, 0x6c, 0x7c, 0x4a,
	0x7c, 0x8e, 0x36, 0x85, 0x97, 0x8b, 0x68, 0x93, 0x8b, 0x75, 0x6e, 0x69,
	0x5c, 0x78, 0x78, 0x7c, 0x4b, 0x81, 0x8b, 0x61, 0x6f, 0x78, 0x6a, 0x5e,
	0x99, 0x72, 0x68, 0x76, 0x83, 0x64, 0x71, 0x6f, 0x6f, 0x65, 0xab, 0x89,
	0x76, 0x79, 0x76, 0x7a, 0x70, 0x6a, 0x55, 0x53, 0x77, 0x69, 0x80, 0x73,
	0x89, 0x72, 0x78, 0x7f, 0x6c, 0x91, 0x45, 0x9e, 0x7b, 0x6f, 0x6c, 0x61,
	0x64, 0x6b, 0x4a, 0x6a, 0x75, 0x71, 0x6d, 0x6e, 0x65, 0x4f, 0x82, 0x79,
	0x65, 0x72, 0x71, 0x68, 0x92, 0x76, 0x80, 0x9f
};

// ROM 0x003aace4 newtConnects
extern const ULong	newtConnects[2392];
const ULong	newtConnects[2392] = {
	0x0000fff4, 0xfff10180, 0xfff20148, 0xfff1012c, 0xfff20164, 0xfff1013a,
	0xfff00172, 0xfff00156, 0xfff0011e, 0x0000ff9d, 0xfff20180, 0xfff00148,
	0xfff0012c, 0xfff00164, 0xfff0013a, 0xfff00172, 0xfff00156, 0xfff0011e,
	0x0000ff52, 0xfff20180, 0xfff00148, 0xfff0012c, 0xfff00164, 0xfff2013a,
	0xfff20172, 0xfff20156, 0xfff2011e, 0x0000ff7c, 0xfff20180, 0xfff00148,
	0xfff0012c, 0xfff00164, 0xfff1013a, 0xfff00172, 0xfff00156, 0xfff0011e,
	0x0000ffa7, 0xfff20180, 0xfff20148, 0xfff2012c, 0xfff20164, 0xfff2013a,
	0xfff00172, 0xfff00156, 0xfff0011e, 0x0000ffdf, 0xfff20180, 0xfff00148,
	0xfff0012c, 0xfff00164, 0xfff0013a, 0xfff00172, 0xfff00156, 0xfff0011e,
	0x0000ffd3, 0xfff20180, 0xfff00148, 0xfff0012c, 0xfff00164, 0xfff1013a,
	0xfff20172, 0xfff10156, 0xfff2011e, 0x00000008, 0xfff10179, 0xfff00141,
	0xfff00125, 0xfff0015d, 0xfff20133, 0xfff2016b, 0xfff2014f, 0xfff20117,
	0x0000ff9f, 0xfff20179, 0xfff00141, 0xfff00125, 0xfff0015d, 0xfff20133,
	0xfff0016b, 0xfff0014f, 0xfff00117, 0x0000ffea, 0xfff20179, 0xfff20141,
	0xfff20125, 0xfff2015d, 0xfff20133, 0xfff0016b, 0xfff0014f, 0xfff00117,
	0x0000ffcd, 0xfff10179, 0xfff00141, 0xfff00125, 0xfff0015d, 0xfff00133,
	0xfff0016b, 0xfff0014f, 0xfff00117, 0x0000ff96, 0xfff20179, 0xfff00141,
	0xfff00125, 0xfff0015d, 0xfff20133, 0xfff1016b, 0xfff2014f, 0xfff10117,
	0x0000ffdc, 0xfff20179, 0xfff00141, 0xfff00125, 0xfff0015d, 0xfff20133,
	0xfff0016b, 0xfff0014f, 0xfff00117, 0x0000ffee, 0xfff10179, 0xfff20141,
	0xfff10125, 0xfff2015d, 0xfff10133, 0xfff0016b, 0xfff0014f, 0xfff00117,
	0x0000ffad, 0xfff20172, 0xfff2013a, 0xfff2011e, 0xfff20156, 0xfff2012c,
	0xfff00164, 0xfff00148, 0xfff00110, 0x0000000e, 0xfff20172, 0xfff0013a,
	0xfff0011e, 0xfff00156, 0xfff0012c, 0xfff00164, 0xfff00148, 0xfff00110,
	0x0000ffd9, 0xfff20172, 0xfff0013a, 0xfff0011e, 0xfff00156, 0xfff1012c,
	0xfff20164, 0xfff10148, 0xfff20110, 0x0000ffdf, 0xfff10172, 0xfff0013a,
	0xfff0011e, 0xfff00156, 0xfff2012c, 0xfff00164, 0xfff00148, 0xfff00110,
	0x0000ffe0, 0xfff20172, 0xfff1013a, 0xfff2011e, 0xfff10156, 0xfff2012c,
	0xfff00164, 0xfff00148, 0xfff00110, 0x0000ff7a, 0xfff20172, 0xfff0013a,
	0xfff0011e, 0xfff00156, 0xfff0012c, 0xfff00164, 0xfff00148, 0xfff00110,
	0x0000fff9, 0xfff10172, 0xfff0013a, 0xfff0011e, 0xfff00156, 0xfff2012c,
	0xfff20164, 0xfff20148, 0xfff20110, 0x0000fffa, 0xfff2016b, 0xfff00133,
	0xfff00117, 0xfff0014f, 0xfff20125, 0xfff1015d, 0xfff20141, 0xfff10109,
	0x0000ffa7, 0xfff2016b, 0xfff00133, 0xfff00117, 0xfff0014f, 0xfff20125,
	0xfff0015d, 0xfff00141, 0xfff00109, 0x00000008, 0xfff1016b, 0xfff20133,
	0xfff10117, 0xfff2014f, 0xfff10125, 0xfff0015d, 0xfff00141, 0xfff00109,
	0x0000fff8, 0xfff2016b, 0xfff00133, 0xfff00117, 0xfff0014f, 0xfff00125,
	0xfff0015d, 0xfff00141, 0xfff00109, 0x0000fffa, 0xfff2016b, 0xfff00133,
	0xfff00117, 0xfff0014f, 0xfff20125, 0xfff2015d, 0xfff20141, 0xfff20109,
	0x0000ff5f, 0xfff2016b, 0xfff00133, 0xfff00117, 0xfff0014f, 0xfff10125,
	0xfff0015d, 0xfff00141, 0xfff00109, 0x0000ffa8, 0xfff2016b, 0xfff20133,
	0xfff20117, 0xfff2014f, 0xfff20125, 0xfff0015d, 0xfff00141, 0xfff00109,
	0x0000ff97, 0xfff20164, 0xfff1012c, 0xfff20110, 0xfff10148, 0xfff2011e,
	0xfff00156, 0xfff0013a, 0xfff00102, 0x0000fff5, 0xfff20164, 0xfff0012c,
	0xfff00110, 0xfff00148, 0xfff0011e, 0xfff00156, 0xfff0013a, 0xfff00102,
	0x00000000, 0xfff10164, 0xfff0012c, 0xfff00110, 0xfff00148, 0xfff2011e,
	0xfff20156, 0xfff2013a, 0xfff20102, 0x0000000e, 0xfff20164, 0xfff0012c,
	0xfff00110, 0xfff00148, 0xfff2011e, 0xfff00156, 0xfff0013a, 0xfff00102,
	0x0000ffe7, 0xfff20164, 0xfff2012c, 0xfff20110, 0xfff20148, 0xfff2011e,
	0xfff00156, 0xfff0013a, 0xfff00102, 0x0000fff1, 0xfff10164, 0xfff0012c,
	0xfff00110, 0xfff00148, 0xfff0011e, 0xfff00156, 0xfff0013a, 0xfff00102,
	0x0000fffa, 0xfff20164, 0xfff0012c, 0xfff00110, 0xfff00148, 0xfff2011e,
	0xfff10156, 0xfff2013a, 0xfff10102, 0x00000011, 0xfff2015d, 0xfff00125,
	0xfff00109, 0xfff00141, 0xfff20117, 0xfff2014f, 0xfff20133, 0xfff200fb,
	0x0000ff4d, 0xfff2015d, 0xfff00125, 0xfff00109, 0xfff00141, 0xfff10117,
	0xfff0014f, 0xfff00133, 0xfff000fb, 0x0000ffab, 0xfff2015d, 0xfff20125,
	0xfff20109, 0xfff20141, 0xfff20117, 0xfff0014f, 0xfff00133, 0xfff000fb,
	0x0000ffe8, 0xfff2015d, 0xfff00125, 0xfff00109, 0xfff00141, 0xfff00117,
	0xfff0014f, 0xfff00133, 0xfff000fb, 0x00000016, 0xfff2015d, 0xfff00125,
	0xfff00109, 0xfff00141, 0xfff10117, 0xfff2014f, 0xfff10133, 0xfff200fb,
	0x0000fffa, 0xfff1015d, 0xfff00125, 0xfff00109, 0xfff00141, 0xfff20117,
	0xfff0014f, 0xfff00133, 0xfff000fb, 0x0000ffb4, 0xfff2015d, 0xfff10125,
	0xfff20109, 0xfff10141, 0xfff20117, 0xfff0014f, 0xfff00133, 0xfff000fb,
	0x0000ffc7, 0xfff20156, 0xfff2011e, 0xfff20102, 0xfff2013a, 0xfff20110,
	0xfff00148, 0xfff0012c, 0xfff000f4, 0x0000ffe4, 0xfff10156, 0xfff0011e,
	0xfff00102, 0xfff0013a, 0xfff00110, 0xfff00148, 0xfff0012c, 0xfff000f4,
	0x00000005, 0xfff20156, 0xfff0011e, 0xfff00102, 0xfff0013a, 0xfff20110,
	0xfff10148, 0xfff2012c, 0xfff100f4, 0x00000012, 0xfff20156, 0xfff0011e,
	0xfff00102, 0xfff0013a, 0xfff20110, 0xfff00148, 0xfff0012c, 0xfff000f4,
	0x0000ffc7, 0xfff10156, 0xfff2011e, 0xfff10102, 0xfff2013a, 0xfff10110,
	0xfff00148, 0xfff0012c, 0xfff000f4, 0x0000ffc3, 0xfff20156, 0xfff0011e,
	0xfff00102, 0xfff0013a, 0xfff00110, 0xfff00148, 0xfff0012c, 0xfff000f4,
	0x0000ffd6, 0xfff20156, 0xfff0011e, 0xfff00102, 0xfff0013a, 0xfff20110,
	0xfff20148, 0xfff2012c, 0xfff200f4, 0x0000fff3, 0xfff201b1, 0xfff20179,
	0xfff2015d, 0xfff20195, 0xfff2016b, 0xfff001a3, 0xfff00187, 0x00000002,
	0xfff201b1, 0xfff00179, 0xfff0015d, 0xfff00195, 0xfff0016b, 0xfff001a3,
	0xfff00187, 0x0000ff8b, 0xfff201b1, 0xfff00179, 0xfff0015d, 0xfff00195,
	0xfff2016b, 0xfff101a3, 0xfff20187, 0x0000ff6c, 0xfff101b1, 0xfff00179,
	0xfff0015d, 0xfff00195, 0xfff2016b, 0xfff001a3, 0xfff00187, 0x00000003,
	0xfff101b1, 0xfff20179, 0xfff1015d, 0xfff20195, 0xfff1016b, 0xfff001a3,
	0xfff00187, 0x0000ff63, 0xfff201b1, 0xfff00179, 0xfff0015d, 0xfff00195,
	0xfff0016b, 0xfff001a3, 0xfff00187, 0x0000ff73, 0xfff201b1, 0xfff00179,
	0xfff0015d, 0xfff00195, 0xfff2016b, 0xfff201a3, 0xfff20187, 0x0000ffd6,
	0xfff20156, 0xfff0011e, 0xfff00102, 0xfff0013a, 0xfff20110, 0xfff10148,
	0xfff2012c, 0x0000ffc8, 0xfff10156, 0xfff0011e, 0xfff00102, 0xfff0013a,
	0xfff20110, 0xfff00148, 0xfff0012c, 0x0000ff3c, 0xfff10156, 0xfff2011e,
	0xfff10102, 0xfff2013a, 0xfff10110, 0xfff00148, 0xfff0012c, 0x00000004,
	0xfff20156, 0xfff0011e, 0xfff00102, 0xfff0013a, 0xfff00110, 0xfff00148,
	0xfff0012c, 0x0000ffd6, 0xfff20156, 0xfff0011e, 0xfff00102, 0xfff0013a,
	0xfff20110, 0xfff20148, 0xfff2012c, 0x0000ff64, 0xfff20156, 0xfff0011e,
	0xfff00102, 0xfff0013a, 0xfff20110, 0xfff00148, 0xfff0012c, 0x0000fff0,
	0xfff20156, 0xfff2011e, 0xfff20102, 0xfff2013a, 0xfff20110, 0xfff00148,
	0xfff0012c, 0x0000ffdc, 0xfff501bf, 0xfff60187, 0xfff5016b, 0xfff601a3,
	0xfff50179, 0xfff401b1, 0xfff40195, 0xfff4015d, 0x0000ffc3, 0xfff401b9,
	0xfff40181, 0xfff40165, 0xfff4019d, 0xfff60173, 0xfff601ab, 0xfff6018f,
	0xfff60157, 0x0000fff4, 0xfff601b3, 0xfff4017b, 0xfff4015f, 0xfff40197,
	0xfff6016d, 0xfff501a5, 0xfff60189, 0xfff50151, 0x0000ffe2, 0xfff601ad,
	0xfff50175, 0xfff60159, 0xfff50191, 0xfff60167, 0xfff4019f, 0xfff40183,
	0xfff4014b, 0x0000fff4, 0xfff601a7, 0xfff6016f, 0xfff60153, 0xfff6018b,
	0xfff60161, 0xfff40199, 0xfff4017d, 0xfff40145, 0x0000fff8, 0xfff401a1,
	0xfff40169, 0xfff4014d, 0xfff40185, 0xfff5015b, 0xfff60193, 0xfff50177,
	0xfff6013f, 0x0000ffba, 0xfff5019b, 0xfff40163, 0xfff40147, 0xfff4017f,
	0xfff60155, 0xfff6018d, 0xfff60171, 0xfff60139, 0x0000ffe1, 0xfff60195,
	0xfff6015d, 0xfff60141, 0xfff60179, 0xfff6014f, 0xfff40187, 0xfff4016b,
	0xfff40133, 0x0000ffe7, 0xfff6018f, 0xfff50157, 0xfff6013b, 0xfff50173,
	0xfff60149, 0xfff40181, 0xfff40165, 0xfff4012d, 0x0000ff7a, 0xfff40189,
	0xfff40151, 0xfff40135, 0xfff4016d, 0xfff60143, 0xfff6017b, 0xfff6015f,
	0xfff60127, 0x0000ffea, 0xfff60183, 0xfff4014b, 0xfff4012f, 0xfff40167,
	0xfff5013d, 0xfff60175, 0xfff50159, 0xfff60121, 0x0000ffb4, 0xfff5017d,
	0xfff60145, 0xfff50129, 0xfff60161, 0xfff50137, 0xfff4016f, 0xfff40153,
	0xfff4011b, 0x0000ff6d, 0xfff60177, 0xfff6013f, 0xfff60123, 0xfff6015b,
	0xfff60131, 0xfff40169, 0xfff4014d, 0xfff40115, 0x0000ffdb, 0xfff40171,
	0xfff40139, 0xfff4011d, 0xfff40155, 0xfff6012b, 0xfff50163, 0xfff60147,
	0xfff5010f, 0x0000ffc9, 0xfff201cd, 0xfff10195, 0xfff201b1, 0xfff10187,
	0xfff001bf, 0xfff001a3, 0x0000fff0, 0xfff201cd, 0xfff00195, 0xfff001b1,
	0xfff00187, 0xfff001bf, 0xfff001a3, 0x0000ffea, 0xfff101cd, 0xfff00195,
	0xfff001b1, 0xfff20187, 0xfff201bf, 0xfff201a3, 0x0000000a, 0xfff201cd,
	0xfff00195, 0xfff001b1, 0xfff10187, 0xfff001bf, 0xfff001a3, 0x0000fffa,
	0xfff201cd, 0xfff20195, 0xfff201b1, 0xfff20187, 0xfff001bf, 0xfff001a3,
	0x0000ffbe, 0xfff101cd, 0xfff00195, 0xfff001b1, 0xfff00187, 0xfff001bf,
	0xfff001a3, 0x0000ffe7, 0xfff201cd, 0xfff00195, 0xfff001b1, 0xfff10187,
	0xfff201bf, 0xfff101a3, 0x0000ffe1, 0xfff20164, 0xfff1012c, 0xfff20148,
	0xfff1011e, 0xfff00156, 0xfff0013a, 0x0000fff0, 0xfff20164, 0xfff0012c,
	0xfff00148, 0xfff0011e, 0xfff00156, 0xfff0013a, 0x0000fffe, 0xfff10164,
	0xfff0012c, 0xfff00148, 0xfff2011e, 0xfff20156, 0xfff2013a, 0x0000ffa6,
	0xfff20164, 0xfff0012c, 0xfff00148, 0xfff1011e, 0xfff00156, 0xfff0013a,
	0x00000003, 0xfff20164, 0xfff2012c, 0xfff20148, 0xfff2011e, 0xfff00156,
	0xfff0013a, 0x0000fff7, 0xfff10164, 0xfff0012c, 0xfff00148, 0xfff0011e,
	0xfff00156, 0xfff0013a, 0x0000fffd, 0xfff20164, 0xfff0012c, 0xfff00148,
	0xfff1011e, 0xfff20156, 0xfff1013a, 0x0000ffe5, 0xfffa01db, 0xfff80195,
	0xfffa01bf, 0xfff80179, 0xfff901a3, 0xfff801cd, 0xfffa0187, 0xfff801b1,
	0x0000fffd, 0xfffa01d4, 0xfff8018e, 0xfffa01b8, 0xfff80172, 0xfff9019c,
	0xfff801c6, 0xfffa0180, 0xfff801aa, 0x0000ffef, 0xfffa01cf, 0xfff90189,
	0xfff801b3, 0xfffa016d, 0xfff80197, 0xfffa01c1, 0xfff8017b, 0xfffa01a5,
	0x0000fff8, 0xfff801c8, 0xfff90182, 0xfff801ac, 0xfffa0166, 0xfff80190,
	0xfffa01ba, 0xfff80174, 0xfffa019e, 0x0000fff3, 0xfffa01c3, 0xfff8017d,
	0xfffa01a7, 0xfff80161, 0xfffa018b, 0xfff801b5, 0xfff9016f, 0xfff80199,
	0x0000fff6, 0xfffa01bc, 0xfff80176, 0xfffa01a0, 0xfff8015a, 0xfffa0184,
	0xfff801ae, 0xfff90168, 0xfff80192, 0x0000ffb6, 0xfffa01b7, 0xfffa0171,
	0xfff8019b, 0xfff90155, 0xfff8017f, 0xfffa01a9, 0xfff80163, 0xfffa018d,
	0x0000ffed, 0xfff801b0, 0xfffa016a, 0xfff80194, 0xfff9014e, 0xfff80178,
	0xfffa01a2, 0xfff8015c, 0xfffa0186, 0x00000001, 0xfff901ab, 0xfff80165,
	0xfffa018f, 0xfff80149, 0xfffa0173, 0xfff8019d, 0xfffa0157, 0xfff80181,
	0x0000ffc4, 0xfff901a4, 0xfff8015e, 0xfffa0188, 0xfff80142, 0xfffa016c,
	0xfff80196, 0xfffa0150, 0xfff8017a, 0x0000ffbd, 0xfff9019f, 0xfffa0159,
	0xfff80183, 0xfffa013d, 0xfff80167, 0xfff90191, 0xfff8014b, 0xfffa0175,
	0x0000ffcb, 0xfff80198, 0xfffa0152, 0xfff8017c, 0xfffa0136, 0xfff80160,
	0xfff9018a, 0xfff80144, 0xfffa016e, 0x0000ffdb, 0xfffa0193, 0xfff8014d,
	0xfff90177, 0xfff80131, 0xfffa015b, 0xfff80185, 0xfffa013f, 0xfff80169,
	0x0000ffee, 0xfffa018c, 0xfff80146, 0xfff90170, 0xfff8012a, 0xfffa0154,
	0xfff8017e, 0xfffa0138, 0xfff80162, 0x0000ff8a, 0xffea01e9, 0xffe801bf,
	0xffea0195, 0xffe801db, 0xffea01b1, 0xffe80187, 0xffe901cd, 0xffe801a3,
	0xffea0179, 0xffe8016b, 0x0000001a, 0xffea01e9, 0xffe801bf, 0xffe80195,
	0xffe801db, 0xffe801b1, 0xffe80187, 0xffe801cd, 0xffe801a3, 0xffe80179,
	0xffe8016b, 0x0000ff7c, 0xffe801e9, 0xffea01bf, 0xffe80195, 0xffea01db,
	0xffe801b1, 0xffe90187, 0xffe801cd, 0xffea01a3, 0xffe80179, 0xffea016b,
	0x0000ffe2, 0xffe801e9, 0xffe801bf, 0xffe80195, 0xffe801db, 0xffe801b1,
	0xffe80187, 0xffe801cd, 0xffe801a3, 0xffe80179, 0xffe8016b, 0x0000ffb3,
	0xffea01e9, 0xffe801bf, 0xffea0195, 0xffe801db, 0xffe901b1, 0xffe80187,
	0xffea01cd, 0xffe801a3, 0xffea0179, 0xffe8016b, 0x0000fff3, 0xffea01e0,
	0xffea01b6, 0xffe8018c, 0xffea01d2, 0xffe801a8, 0xffe9017e, 0xffe801c4,
	0xffea019a, 0xffe80170, 0xffea0162, 0x0000ffe0, 0xffe801e0, 0xffe801b6,
	0xffe8018c, 0xffe801d2, 0xffe801a8, 0xffe8017e, 0xffe801c4, 0xffe8019a,
	0xffe80170, 0xffe80162, 0x00000006, 0xffea01e0, 0xffe801b6, 0xffea018c,
	0xffe801d2, 0xffe901a8, 0xffe8017e, 0xffea01c4, 0xffe8019a, 0xffea0170,
	0xffe80162, 0x0000ffa5, 0xffea01e0, 0xffe801b6, 0xffe8018c, 0xffe801d2,
	0xffe801a8, 0xffe8017e, 0xffe801c4, 0xffe8019a, 0xffe80170, 0xffe80162,
	0x0000ffee, 0xffe801e0, 0xffea01b6, 0xffe8018c, 0xffe901d2, 0xffe801a8,
	0xffea017e, 0xffe801c4, 0xffea019a, 0xffe80170, 0xffea0162, 0x0000ffb9,
	0xffea01d7, 0xffe801ad, 0xffea0183, 0xffe801c9, 0xffe9019f, 0xffe80175,
	0xffea01bb, 0xffe80191, 0xffea0167, 0xffe80159, 0x0000ffe3, 0xffea01d7,
	0xffe801ad, 0xffe80183, 0xffe801c9, 0xffe8019f, 0xffe80175, 0xffe801bb,
	0xffe80191, 0xffe80167, 0xffe80159, 0x0000ff99, 0xffe801d7, 0xffea01ad,
	0xffe80183, 0xffe901c9, 0xffe8019f, 0xffea0175, 0xffe801bb, 0xffea0191,
	0xffe80167, 0xffea0159, 0x0000ffff, 0xffe801d7, 0xffe801ad, 0xffe80183,
	0xffe801c9, 0xffe8019f, 0xffe80175, 0xffe801bb, 0xffe80191, 0xffe80167,
	0xffe80159, 0x00000014, 0xffea01d7, 0xffe801ad, 0xffe90183, 0xffe801c9,
	0xffea019f, 0xffe80175, 0xffea01bb, 0xffe80191, 0xffea0167, 0xffe80159,
	0x0000ff77, 0xffe901ce, 0xffea01a4, 0xffe8017a, 0xffe901c0, 0xffe80196,
	0xffea016c, 0xffe801b2, 0xffea0188, 0xffe8015e, 0xffea0150, 0x0000fff8,
	0xffe801ce, 0xffe801a4, 0xffe8017a, 0xffe801c0, 0xffe80196, 0xffe8016c,
	0xffe801b2, 0xffe80188, 0xffe8015e, 0xffe80150, 0x0000ff9d, 0xffea01ce,
	0xffe801a4, 0xffe9017a, 0xffe801c0, 0xffea0196, 0xffe8016c, 0xffea01b2,
	0xffe80188, 0xffea015e, 0xffe80150, 0x0000ff4e, 0xffe901ce, 0xffe801a4,
	0xffe8017a, 0xffe801c0, 0xffe80196, 0xffe8016c, 0xffe801b2, 0xffe80188,
	0xffe8015e, 0xffe80150, 0x0000ffc6, 0xffe801ce, 0xffe901a4, 0xffe8017a,
	0xffea01c0, 0xffe80196, 0xffea016c, 0xffe801b2, 0xffea0188, 0xffe8015e,
	0xffe90150, 0x0000ffb1, 0xffea01c5, 0xffe8019b, 0xffe90171, 0xffe801b7,
	0xffea018d, 0xffe80163, 0xffea01a9, 0xffe8017f, 0xffea0155, 0xffe80147,
	0x0000ffad, 0xffe901c5, 0xffe8019b, 0xffe80171, 0xffe801b7, 0xffe8018d,
	0xffe80163, 0xffe801a9, 0xffe8017f, 0xffe80155, 0xffe80147, 0x0000000b,
	0xffe801c5, 0xffe9019b, 0xffe80171, 0xffea01b7, 0xffe8018d, 0xffea0163,
	0xffe801a9, 0xffea017f, 0xffe80155, 0xffe90147, 0x0000ffb6, 0xffe801c5,
	0xffe8019b, 0xffe80171, 0xffe801b7, 0xffe8018d, 0xffe80163, 0xffe801a9,
	0xffe8017f, 0xffe80155, 0xffe80147, 0x0000ffbd, 0xffe901c5, 0xffe8019b,
	0xffea0171, 0xffe801b7, 0xffea018d, 0xffe80163, 0xffea01a9, 0xffe8017f,
	0xffe90155, 0xffe80147, 0x0000ff7b, 0xfec20202, 0x0000002b, 0xfec201f5,
	0x00000006, 0xfec101e8, 0x0000002a, 0xfec201db, 0x0000fff9, 0xfec201ce,
	0x0000ffdc, 0xfec101c1, 0x0000ff75, 0xfec201b4, 0x0000ff81, 0xfec201a7,
	0x0000ff9d, 0xfec2019a, 0x0000ffbf, 0xfffa020b, 0xfff801c5, 0xfffa01ef,
	0xfff801a9, 0xfff901d3, 0xfff801fd, 0xfffa01b7, 0xfff801e1, 0xfffa019b,
	0xfff80155, 0xfffa017f, 0xfff80171, 0xfff90163, 0xfff8018d, 0x00000014,
	0xfffa020b, 0xfff801c5, 0xfff801ef, 0xfff801a9, 0xfff801d3, 0xfff801fd,
	0xfff801b7, 0xfff801e1, 0xfff8019b, 0xfff80155, 0xfff8017f, 0xfff80171,
	0xfff80163, 0xfff8018d, 0x0000ffb8, 0xfff8020b, 0xfffa01c5, 0xfff801ef,
	0xfffa01a9, 0xfff801d3, 0xfff901fd, 0xfff801b7, 0xfffa01e1, 0xfff8019b,
	0xfffa0155, 0xfff8017f, 0xfffa0171, 0xfff80163, 0xfff9018d, 0x0000001a,
	0xfff8020b, 0xfff801c5, 0xfff801ef, 0xfff801a9, 0xfff801d3, 0xfff801fd,
	0xfff801b7, 0xfff801e1, 0xfff8019b, 0xfff80155, 0xfff8017f, 0xfff80171,
	0xfff80163, 0xfff8018d, 0x0000ffba, 0xfffa020b, 0xfff801c5, 0xfffa01ef,
	0xfff801a9, 0xfffa01d3, 0xfff801fd, 0xfff901b7, 0xfff801e1, 0xfffa019b,
	0xfff80155, 0xfffa017f, 0xfff80171, 0xfffa0163, 0xfff8018d, 0x0000ffc1,
	0xfff9020b, 0xfff801c5, 0xfff801ef, 0xfff801a9, 0xfff801d3, 0xfff801fd,
	0xfff801b7, 0xfff801e1, 0xfff8019b, 0xfff80155, 0xfff8017f, 0xfff80171,
	0xfff80163, 0xfff8018d, 0x0000ff8f, 0xfff8020b, 0xfffa01c5, 0xfff801ef,
	0xfffa01a9, 0xfff801d3, 0xfffa01fd, 0xfff801b7, 0xfff901e1, 0xfff8019b,
	0xfffa0155, 0xfff8017f, 0xfffa0171, 0xfff80163, 0xfffa018d, 0x0000ffbf,
	0xfff8020b, 0xfff801c5, 0xfff801ef, 0xfff801a9, 0xfff801d3, 0xfff801fd,
	0xfff801b7, 0xfff801e1, 0xfff8019b, 0xfff80155, 0xfff8017f, 0xfff80171,
	0xfff80163, 0xfff8018d, 0x0000ff8a, 0xfff9020b, 0xfff801c5, 0xfffa01ef,
	0xfff801a9, 0xfffa01d3, 0xfff801fd, 0xfffa01b7, 0xfff801e1, 0xfff9019b,
	0xfff80155, 0xfffa017f, 0xfff80171, 0xfffa0163, 0xfff8018d, 0x0000fffa,
	0xfd420150, 0x00000002, 0xfd420151, 0x0000ffe4, 0xfd420152, 0x00000002,
	0xfd410153, 0x0000ffef, 0xfd420154, 0x0000ffe3, 0xfd420155, 0x0000ffee,
	0xfd420156, 0x0000ffdd, 0xfd410157, 0x0000fff0, 0xfd420158, 0x0000ffe0,
	0xfd420159, 0x0000ffd6, 0xfd42015a, 0x0000ffe7, 0xfd41015b, 0x0000fff1,
	0xfd42015c, 0x0000fff9, 0xfd42015d, 0x0000ffe3, 0xfd42015e, 0x0000fff0,
	0xfd41015f, 0x0000fff0, 0xfd420160, 0x0000ffdd, 0xfd420161, 0x00000004,
	0xfd420162, 0x0000fff8, 0xfd410163, 0x0000ffd6, 0xfd420164, 0x0000ffe8,
	0xfd420165, 0x0000ffcd, 0xfd420166, 0x0000fffe, 0xfd410167, 0x0000ffcc,
	0xfd420168, 0x0000001f, 0xfd420169, 0x0000ffeb, 0xfd42016a, 0x00000007,
	0xfd41016b, 0x0000fff3, 0xfd42016c, 0x0000ffe7, 0xfd42016d, 0x0000ffe8,
	0xfd42016e, 0x0000ffe0, 0xfd41016f, 0x0000ffd0, 0xfd420170, 0x0000fff8,
	0xfd420171, 0x0000fff2, 0xfd420172, 0x0000ffed, 0xfd410173, 0x0000ffeb,
	0xfd420174, 0x0000ffdc, 0xfd420175, 0x0000ffd7, 0xfd420176, 0x0000ffe1,
	0xfd410177, 0x0000ffec, 0xfd420178, 0x0000ffd7, 0xfd420179, 0x0000ffde,
	0xfd42017a, 0x0000ffe9, 0xfd41017b, 0x0000000e, 0xfd42017c, 0x0000ffcf,
	0xfd42017d, 0x0000ffcc, 0xfd42017e, 0x0000ffe6, 0xfd41017f, 0x0000ffd2,
	0xfd420180, 0x00000007, 0xfd420181, 0x00000005, 0xfd420182, 0x0000ffc9,
	0xfd410183, 0x0000ffd0, 0xfd420184, 0x00000003, 0xfd420185, 0x0000ffe1,
	0xfd420186, 0x0000ffdf, 0xfd410187, 0x0000ffcc, 0xfd420188, 0x0000ffe2,
	0xfd420189, 0x0000ffe3, 0xfd42018a, 0x0000ffee, 0xfd41018b, 0x0000ffc0,
	0xfd42018c, 0x0000ffe8, 0xfd42018d, 0x0000ffe8, 0xfd42018e, 0x0000ffe4,
	0xfd41018f, 0x0000ffdb, 0xfd420190, 0x0000ffde, 0xfd420191, 0x00000009,
	0xfd420192, 0x0000ffe2, 0xfd410193, 0x0000ffd8, 0xfd420194, 0x0000ffc6,
	0xfd420195, 0x0000ffe8, 0xfd420196, 0x0000fff3, 0xfd410197, 0x0000ffde,
	0xfd420198, 0x0000ffd5, 0xfd420199, 0x0000ffe3, 0xfd42019a, 0x0000ffdf,
	0xfd41019b, 0x0000fffb, 0xfd42019c, 0x0000ffdf, 0xfd42019d, 0x0000ffc8,
	0xfd42019e, 0x0000fff9, 0xfd41019f, 0x0000ffa0, 0xfda200ec, 0x00000000,
	0xfda100ed, 0x0000ffd2, 0xfda200ee, 0x0000ffe3, 0xfda200ef, 0x0000ffdb,
	0xfda200f0, 0x0000ffd5, 0xfda100f1, 0x0000fff7, 0xfda200f2, 0x0000fffb,
	0xfda200f3, 0x0000fff2, 0xfda200f4, 0x0000ffb5, 0xfda100f5, 0x00000002,
	0xfda200f6, 0x0000ffe5, 0xfda200f7, 0x00000003, 0xfda200f8, 0x0000ffef,
	0xfda100f9, 0x00000002, 0xfda200fa, 0x0000ffe0, 0xfda200fb, 0x0000ffd4,
	0xfda200fc, 0x0000ffc6, 0xfda100fd, 0x0000ffb9, 0xfda200fe, 0x0000ffc6,
	0xfda200ff, 0x0000ffd8, 0xfda20100, 0x0000fff4, 0xfda10101, 0x0000ffee,
	0xfda20102, 0x0000fff9, 0xfda20103, 0x0000ffe3, 0xfda20104, 0x0000ffcd,
	0xfda10105, 0x0000ffe0, 0xfda20106, 0x0000ffbc, 0xfda20107, 0x0000ffc6,
	0xfda20108, 0x0000ffff, 0xfda10109, 0x0000ffda, 0xfda2010a, 0x0000fffc,
	0xfda2010b, 0x0000ffe2, 0xfda2010c, 0x00000012, 0xfda1010d, 0x0000ffdb,
	0xfda2010e, 0x0000ffef, 0xfda2010f, 0x0000ffe2, 0xfda20110, 0x0000ffd6,
	0xfda10111, 0x0000fff2, 0xfda20112, 0x0000fff3, 0xfda20113, 0x0000fff9,
	0xfda20114, 0x0000ffb7, 0xfda10115, 0x0000ffcb, 0xfda20116, 0x0000ffe9,
	0xfda20117, 0x0000ffce, 0xfda20118, 0x0000ffcf, 0xfda10119, 0x0000ffe4,
	0xfda2011a, 0x0000ffc1, 0xfda2011b, 0x0000ffda, 0xfda2011c, 0x0000ffce,
	0xfda1011d, 0x0000ffbb, 0xfda2011e, 0x0000ffd7, 0xfda2011f, 0x00000009,
	0xfda20120, 0x0000ffb2, 0xfda10121, 0x0000fff1, 0xfda20122, 0x00000005,
	0xfda20123, 0x0000fff6, 0xfda20124, 0x0000ffda, 0xfda10125, 0x0000fff3,
	0xfda20126, 0x0000fffd, 0xfda20127, 0x00000002, 0xfda20128, 0x00000005,
	0xfda10129, 0x0000ffea, 0xfda2012a, 0x0000ffdf, 0xfda2012b, 0x0000ffd8,
	0xfda2012c, 0x0000fffa, 0xfda1012d, 0x0000ffdd, 0xfda2012e, 0x0000ff9a,
	0xfda2012f, 0x0000fff8, 0xfda20130, 0x00000017, 0xfda10131, 0x0000ffea,
	0xfda20132, 0x0000ffcc, 0xfda20133, 0x0000000e, 0xfda20134, 0x0000ffd4,
	0xfda10135, 0x0000ffec, 0xfda20136, 0x0000fff1, 0xfda20137, 0x00000002,
	0xfda20138, 0x0000ffe6, 0xfda10139, 0x0000ffea, 0xfda2013a, 0x0000fff1,
	0xfda2013b, 0x0000ffdf, 0xfda2013c, 0x0000ffe6, 0xfda1013d, 0x0000ffe4,
	0xfda2013e, 0x0000ffc9, 0xfda2013f, 0x0000ffd1, 0xfda20140, 0x0000fff3,
	0xfda10141, 0x0000fff4, 0xfda20142, 0x0000fff1, 0xfda20143, 0x0000ffee,
	0xfda20144, 0x0000ffc5, 0xfda10145, 0x0000ffe9, 0xfda20146, 0x0000ffb6,
	0xfda20147, 0x0000fffd, 0xfda20148, 0x0000000a, 0xfda10149, 0x0000ffc1,
	0xfda2014a, 0x0000ffdc, 0xfda2014b, 0x00000005, 0xfda2014c, 0x0000fffa,
	0xfda1014d, 0x0000fff3, 0xfda2014e, 0x0000ffec, 0xfda2014f, 0x0000ffea,
	0xfda20150, 0x0000fff9, 0xfda10151, 0x0000ff9f, 0xfda20152, 0x0000fff5,
	0xfda20153, 0x0000ffc2, 0xfda20154, 0x0000ffe8, 0xfda10155, 0x0000ffe3,
	0xfda20156, 0x00000010, 0xfda20157, 0x0000fff4, 0xfda20158, 0x0000fff0,
	0xfda10159, 0x0000fffe, 0xfda2015a, 0x0000ffda, 0xfda2015b, 0x0000ffe4,
	0xfda2015c, 0x0000ffb8, 0xfda1015d, 0x0000ffce, 0xfda2015e, 0x0000ffd3,
	0xfda2015f, 0x0000ffca, 0xfda20160, 0x00000001, 0xfda10161, 0x0000ffb5,
	0xfda20162, 0x0000fff5, 0xfda20163, 0x0000fffd, 0xfda20164, 0x0000ffd2,
	0xfda10165, 0x00000019, 0xfda20166, 0x0000ffe9, 0xfda20167, 0x0000ffe3,
	0xfda20168, 0x0000ffae, 0xfda10169, 0x0000fffd, 0xfda2016a, 0x0000ffec,
	0xfda2016b, 0x0000ffe9, 0xfda2016c, 0x0000ffe4, 0xfda1016d, 0x0000ffd7,
	0xfda2016e, 0x0000ffeb, 0xfda2016f, 0x0000fffc, 0xfda20170, 0x00000004,
	0xfda10171, 0x00000002, 0xfda20172, 0x0000ffeb, 0xfda20173, 0x0000000e,
	0xfff20174, 0xfed200d8, 0x0000ffe5, 0xfff20175, 0xfed200d9, 0x0000ffdb,
	0xfff20176, 0xfed200da, 0x0000fff7, 0xfff20177, 0xfed200db, 0x0000ffbb,
	0xfff20178, 0xfed200dc, 0x0000ffcb, 0xfff20179, 0xfed200dd, 0x0000ffed,
	0xfff2017a, 0xfed200de, 0x00000002, 0xfff2017b, 0xfed200df, 0x0000ffaf,
	0xfff2017c, 0xfed200e0, 0x0000fff5, 0xfff2017d, 0xfed200e1, 0x0000ffdd,
	0xfff2017e, 0xfed200e2, 0x0000000d, 0xfff2017f, 0xfed200e3, 0x0000ffd8,
	0xfff20180, 0xfed200e4, 0x0000ffe3, 0xfff20181, 0xfed200e5, 0x0000ffa3,
	0xfff20182, 0xfed200e6, 0x0000ffd9, 0xfff20183, 0xfed200e7, 0x0000ffc8,
	0xfff20184, 0xfed200e8, 0x0000ffbe, 0xfff20185, 0xfed200e9, 0x0000fff3,
	0xfff20186, 0xfed200ea, 0x0000001e, 0xfff20187, 0xfed200eb, 0x0000fffc,
	0xfff20188, 0xfed200ec, 0x0000ff95, 0xfff20189, 0xfed200ed, 0x0000ffae,
	0xfff2018a, 0xfed200ee, 0x0000ffe9, 0xfff2018b, 0xfed200ef, 0x0000ffd9,
	0xfff2018c, 0xfed200f0, 0x0000ffa6, 0xfff2018d, 0xfed200f1, 0x0000ffcb,
	0xfff2018e, 0xfed200f2, 0x0000ffea, 0xfff2018f, 0xfed200f3, 0x0000ffbc,
	0xfff20190, 0xfed200f4, 0x0000000e, 0xfff20191, 0xfed200f5, 0x0000fff8,
	0xfff20192, 0xfed200f6, 0x0000ffc3, 0xfff20193, 0xfed200f7, 0x0000fff3,
	0xfff20194, 0xfed200f8, 0x0000ffaa, 0xfff20195, 0xfed200f9, 0x0000fff2,
	0xfff20196, 0xfed200fa, 0x0000fff4, 0xfff20197, 0xfed200fb, 0x0000ffc6,
	0xfff20198, 0xfed200fc, 0x0000ffcc, 0xfff20199, 0xfed200fd, 0x0000ffe3,
	0xfff2019a, 0xfed200fe, 0x0000ffe8, 0xfff2019b, 0xfed200ff, 0x0000ffb7,
	0xfff2019c, 0xfed20100, 0x0000fff9, 0xfff2019d, 0xfed20101, 0x0000ffb7,
	0xfff2019e, 0xfed20102, 0x0000ffd7, 0xfff2019f, 0xfed20103, 0x0000ffb3,
	0xfff201a0, 0xfed20104, 0x0000fff3, 0xfff201a1, 0xfed20105, 0x0000fff1,
	0xfff201a2, 0xfed20106, 0x00000012, 0xfff201a3, 0xfed20107, 0x0000fff9,
	0xfff201a4, 0xfed20108, 0x0000ffa9, 0xfff201a5, 0xfed20109, 0x0000ffcb,
	0xfff201a6, 0xfed2010a, 0x0000ffde, 0xfff201a7, 0xfed2010b, 0x0000ffdb,
	0xfff201a8, 0xfed2010c, 0x0000ffd7, 0xfff201a9, 0xfed2010d, 0x00000026,
	0xfff201aa, 0xfed2010e, 0x0000ffe7, 0xfff201ab, 0xfed2010f, 0x0000ffb0,
	0xfff201ac, 0xfed20110, 0x0000ffdc, 0xfff201ad, 0xfed20111, 0x0000ffd9,
	0xfff201ae, 0xfed20112, 0x0000ffe3, 0xfff201af, 0xfed20113, 0x0000ffd9,
	0xfff201b0, 0xfed20114, 0x0000ffdb, 0xfff201b1, 0xfed20115, 0x0000fff4,
	0xfff201b2, 0xfed20116, 0x0000ffdb, 0xfff201b3, 0xfed20117, 0x0000ffdf,
	0xfff201b4, 0xfed20118, 0x0000ffb0, 0xfff201b5, 0xfed20119, 0x0000ffb3,
	0xfff201b6, 0xfed2011a, 0x0000ffaf, 0xfff201b7, 0xfed2011b, 0x0000fffb,
	0xfff201b8, 0xfed2011c, 0x0000fff0, 0xfff201b9, 0xfed2011d, 0x0000ffc5,
	0xfff201ba, 0xfed2011e, 0x00000000, 0xfff201bb, 0xfed2011f, 0x00000003,
	0xfff201bc, 0xfed20120, 0x0000ffd5, 0xfff201bd, 0xfed20121, 0x0000ffec,
	0xfff201be, 0xfed20122, 0x0000ffe1, 0xfff201bf, 0xfed20123, 0x0000ffa6,
	0xfff201c0, 0xfed20124, 0x0000ffe2, 0xfff201c1, 0xfed20125, 0x0000001b,
	0xfff201c2, 0xfed20126, 0x0000fffe, 0xfff201c3, 0xfed20127, 0x0000001d,
	0xfff201c4, 0xfed20128, 0x0000ffb8, 0xfff201c5, 0xfed20129, 0x0000ffce,
	0xfff201c6, 0xfed2012a, 0x0000ff83, 0xfff201c7, 0xfed2012b, 0x0000ffce,
	0xfff201c8, 0xfed2012c, 0x0000ffe2, 0xfff201c9, 0xfed2012d, 0x0000ffac,
	0xfff201ca, 0xfed2012e, 0x0000ffb7, 0xfff201cb, 0xfed2012f, 0x0000ffc2,
	0xfff201cc, 0xfed20130, 0x0000fffb, 0xfff201cd, 0xfed20131, 0x0000ffdb,
	0xfff201ce, 0xfed20132, 0x0000ffdd, 0xfff201cf, 0xfed20133, 0x0000ffdd,
	0xfff201d0, 0xfed20134, 0x0000ffb6, 0xfff201d1, 0xfed20135, 0x0000ffe7,
	0xfff201d2, 0xfed20136, 0x0000fff6, 0xfff201d3, 0xfed20137, 0x00000009,
	0xfff201d4, 0xfed20138, 0x0000ffc7, 0xfff201d5, 0xfed20139, 0x0000ffb5,
	0xfff201d6, 0xfed2013a, 0x00000000, 0xfff201d7, 0xfed2013b, 0x0000ffd4,
	0xfff201d8, 0xfed2013c, 0x0000ffd2, 0xfff201d9, 0xfed2013d, 0x0000ffc4,
	0xfff201da, 0xfed2013e, 0x0000ffd2, 0xfff201db, 0xfed2013f, 0x0000ffb5,
	0xfff201dc, 0xfed20140, 0x00000020, 0xfff201dd, 0xfed20141, 0x00000010,
	0xfff201de, 0xfed20142, 0x0000ffdf, 0xfff201df, 0xfed20143, 0x0000ffb6,
	0xfff201e0, 0xfed20144, 0x0000ffca, 0xfff201e1, 0xfed20145, 0x0000ffa1,
	0xfff201e2, 0xfed20146, 0x0000ff9a, 0xfff201e3, 0xfed20147, 0x0000ff8e,
	0xfff201e4, 0xfed20148, 0x0000ffc7, 0xfff201e5, 0xfed20149, 0x0000ffbf,
	0xfff201e6, 0xfed2014a, 0x00000004, 0xfff201e7, 0xfed2014b, 0x0000fff6,
	0xfff201e8, 0xfed2014c, 0x0000ffdc, 0xfff201e9, 0xfed2014d, 0x0000ffd9,
	0xfff201ea, 0xfed2014e, 0x0000ffdd, 0xfff201eb, 0xfed2014f, 0x0000ffb7,
	0xfc120100, 0x0000ff96, 0xfc120101, 0x0000ffc2, 0xfc120102, 0x0000ffa2,
	0xfc120103, 0x0000ffae, 0xfc120104, 0x00000018, 0xfc120105, 0x0000fffa,
	0xfc120106, 0x0000ffef, 0xfc120107, 0x0000ff98, 0xfc120108, 0x0000ffbe,
	0xfc120109, 0x0000000c, 0xfc12010a, 0x0000ffcc, 0xfc12010b, 0x0000ffbd,
	0xfc12010c, 0x0000fffe, 0xfc12010d, 0x0000ffef, 0xfc12010e, 0x0000000c,
	0xfc12010f, 0x0000ffed, 0xfc120110, 0x0000ffe2, 0xfc120111, 0x0000ffcc,
	0xfc120112, 0x0000ffd5, 0xfc120113, 0x0000ffd4, 0xfc120114, 0x00000003,
	0xfc120115, 0x0000ffd5, 0xfc120116, 0x0000ffcd, 0xfc120117, 0x0000ffa5,
	0xfc120118, 0x0000ffaa, 0xfc120119, 0x0000ffe1, 0xfc12011a, 0x0000ffb2,
	0xfc12011b, 0x0000ffd7, 0xfc12011c, 0x0000ffb7, 0xfc12011d, 0x0000ffab,
	0xfc12011e, 0x0000ffd6, 0xfc12011f, 0x0000ffd8, 0xfc120120, 0x0000fff1,
	0xfc120121, 0x00000001, 0xfc120122, 0x0000fff5, 0xfc120123, 0x0000fff0,
	0xfc120124, 0x0000ffe5, 0xfc120125, 0x0000ffd7, 0xfc120126, 0x00000006,
	0xfc120127, 0x0000fffb, 0xfc120128, 0x0000ffc6, 0xfc120129, 0x00000007,
	0xfc12012a, 0x0000ffe2, 0xfc12012b, 0x0000ffe0, 0xfc12012c, 0x0000ffef,
	0xfc12012d, 0x0000ffd4, 0xfc12012e, 0x0000ffc0, 0xfc12012f, 0x0000ffd0,
	0xfc120130, 0x0000ffdf, 0xfc120131, 0x0000ffeb, 0xfc120132, 0x0000fff5,
	0xfc120133, 0x0000ffdb, 0xfc120134, 0x0000ffce, 0xfc120135, 0x0000ffbf,
	0xfc120136, 0x0000ffe0, 0xfc120137, 0x0000ffe2, 0xfc120138, 0x0000ffed,
	0xfc120139, 0x00000003, 0xfc12013a, 0x0000ffd6, 0xfc12013b, 0x0000ffda,
	0xfc12013c, 0x0000ffe2, 0xfc12013d, 0x00000010, 0xfc12013e, 0x0000ffec,
	0xfc12013f, 0x0000ffe8, 0xfc120140, 0x0000fff7, 0xfc120141, 0x0000ffde,
	0xfc120142, 0x0000fff4, 0xfc120143, 0x0000ffcc, 0xfc120144, 0x0000ffdf,
	0xfc120145, 0x0000ffdb, 0xfc120146, 0x0000fff7, 0xfc120147, 0x0000ffce,
	0xfc120148, 0x0000ffc5, 0xfc120149, 0x0000ffff, 0xfc12014a, 0x0000ffd1,
	0xfc12014b, 0x0000ffea, 0xfc12014c, 0x0000fffa, 0xfc12014d, 0x0000ffd4,
	0xfc12014e, 0x0000ffe8, 0xfc12014f, 0x0000fff2, 0xfc120150, 0x0000ffda,
	0xfc120151, 0x0000ffe5, 0xfc120152, 0x0000fff5, 0xfc120153, 0x0000ffea,
	0xfc120154, 0x0000ffcf, 0xfc120155, 0x0000ffd7, 0xfc120156, 0x0000ffe6,
	0xfc120157, 0x0000fff9, 0xfc120158, 0x0000ffd6, 0xfc120159, 0x0000fffc,
	0xfc12015a, 0x0000ffce, 0xfc12015b, 0x0000ffc6, 0xfc12015c, 0x0000ffb5,
	0xfc12015d, 0x0000ff87, 0xfc12015e, 0x0000ffad, 0xfc12015f, 0x0000ffbe,
	0xfc120160, 0x0000ffb7, 0xfc120161, 0x0000ffaf, 0xfc120162, 0x0000ff8b,
	0xfc120163, 0x0000ffb7, 0xfc120164, 0x0000ffa4, 0xfc120165, 0x0000ffb7,
	0xfc120166, 0x0000ffae, 0xfc120167, 0x0000ffa7, 0xfc120168, 0x0000ffa2,
	0xfc120169, 0x0000ff85, 0xfc12016a, 0x0000ff6b, 0xfc12016b, 0x0000ff89,
	0xfc12016c, 0x0000ffa4, 0xfc12016d, 0x0000ffa3, 0xfc12016e, 0x0000ffab,
	0xfc12016f, 0x0000ffa1, 0xfc120170, 0x0000ffc5, 0xfc120171, 0x0000ffad,
	0xfc120172, 0x0000ffb2, 0xfc120173, 0x0000ffc3, 0xfc120174, 0x0000ffb0,
	0xfc120175, 0x0000ffca, 0xfc120176, 0x0000ffb7, 0xfc120177, 0x0000ffae,
	0xfc120178, 0x0000ffa8, 0xfc120179, 0x0000ff7d, 0xfc12017a, 0x0000ff90,
	0xfc12017b, 0x0000ffb7, 0xfc12017c, 0x0000ffa8, 0xfc12017d, 0x0000ffb0,
	0xfc12017e, 0x0000ffb0, 0xfc12017f, 0x0000ff92, 0xfc120180, 0x0000ffa9,
	0xfc120181, 0x0000ffc6, 0xfc120182, 0x0000ffb0, 0xfc120183, 0x0000ffac,
	0xfc120184, 0x0000ffa6, 0xfc120185, 0x00020000
};

// ROM 0x0036500c QSigLu
extern const UByte	QSigLu[360];
const UByte	QSigLu[360] = {
	0x80, 0x81, 0x82, 0x83, 0x84, 0x85, 0x86, 0x87, 0x88, 0x89, 0x8a, 0x8b,
	0x8c, 0x8d, 0x8e, 0x8f, 0x90, 0x91, 0x92, 0x93, 0x94, 0x95, 0x96, 0x97,
	0x98, 0x99, 0x9a, 0x9b, 0x9c, 0x9c, 0x9d, 0x9e, 0x9f, 0xa0, 0xa1, 0xa2,
	0xa3, 0xa4, 0xa5, 0xa6, 0xa7, 0xa8, 0xa9, 0xa9, 0xaa, 0xab, 0xac, 0xad,
	0xae, 0xaf, 0xb0, 0xb0, 0xb1, 0xb2, 0xb3, 0xb4, 0xb5, 0xb5, 0xb6, 0xb7,
	0xb8, 0xb9, 0xb9, 0xba, 0xbb, 0xbc, 0xbd, 0xbd, 0xbe, 0xbf, 0xc0, 0xc0,
	0xc1, 0xc2, 0xc3, 0xc3, 0xc4, 0xc5, 0xc5, 0xc6, 0xc7, 0xc8, 0xc8, 0xc9,
	0xca, 0xca, 0xcb, 0xcc, 0xcc, 0xcd, 0xcd, 0xce, 0xcf, 0xcf, 0xd0, 0xd1,
	0xd1, 0xd2, 0xd2, 0xd3, 0xd3, 0xd4, 0xd5, 0xd5, 0xd6, 0xd6, 0xd7, 0xd7,
	0xd8, 0xd8, 0xd9, 0xd9, 0xda, 0xda, 0xdb, 0xdb, 0xdc, 0xdc, 0xdd, 0xdd,
	0xde, 0xde, 0xdf, 0xdf, 0xdf, 0xe0, 0xe0, 0xe1, 0xe1, 0xe2, 0xe2, 0xe2,
	0xe3, 0xe3, 0xe4, 0xe4, 0xe4, 0xe5, 0xe5, 0xe5, 0xe6, 0xe6, 0xe7, 0xe7,
	0xe7, 0xe8, 0xe8, 0xe8, 0xe9, 0xe9, 0xe9, 0xea, 0xea, 0xea, 0xea, 0xeb,
	0xeb, 0xeb, 0xec, 0xec, 0xec, 0xec, 0xed, 0xed, 0xed, 0xee, 0xee, 0xee,
	0xee, 0xef, 0xef, 0xef, 0xef, 0xf0, 0xf0, 0xf0, 0xf0, 0xf0, 0xf1, 0xf1,
	0xf1, 0xf1, 0xf2, 0xf2, 0xf2, 0xf2, 0xf2, 0xf3, 0xf3, 0xf3, 0xf3, 0xf3,
	0xf3, 0xf4, 0xf4, 0xf4, 0xf4, 0xf4, 0xf4, 0xf5, 0xf5, 0xf5, 0xf5, 0xf5,
	0xf5, 0xf6, 0xf6, 0xf6, 0xf6, 0xf6, 0xf6, 0xf6, 0xf7, 0xf7, 0xf7, 0xf7,
	0xf7, 0xf7, 0xf7, 0xf7, 0xf8, 0xf8, 0xf8, 0xf8, 0xf8, 0xf8, 0xf8, 0xf8,
	0xf8, 0xf9, 0xf9, 0xf9, 0xf9, 0xf9, 0xf9, 0xf9, 0xf9, 0xf9, 0xf9, 0xfa,
	0xfa, 0xfa, 0xfa, 0xfa, 0xfa, 0xfa, 0xfa, 0xfa, 0xfa, 0xfa, 0xfa, 0xfb,
	0xfb, 0xfb, 0xfb, 0xfb, 0xfb, 0xfb, 0xfb, 0xfb, 0xfb, 0xfb, 0xfb, 0xfb,
	0xfb, 0xfc, 0xfc, 0xfc, 0xfc, 0xfc, 0xfc, 0xfc, 0xfc, 0xfc, 0xfc, 0xfc,
	0xfc, 0xfc, 0xfc, 0xfc, 0xfc, 0xfc, 0xfc, 0xfc, 0xfd, 0xfd, 0xfd, 0xfd,
	0xfd, 0xfd, 0xfd, 0xfd, 0xfd, 0xfd, 0xfd, 0xfd, 0xfd, 0xfd, 0xfd, 0xfd,
	0xfd, 0xfd, 0xfd, 0xfd, 0xfd, 0xfd, 0xfd, 0xfd, 0xfd, 0xfd, 0xfe, 0xfe,
	0xfe, 0xfe, 0xfe, 0xfe, 0xfe, 0xfe, 0xfe, 0xfe, 0xfe, 0xfe, 0xfe, 0xfe,
	0xfe, 0xfe, 0xfe, 0xfe, 0xfe, 0xfe, 0xfe, 0xfe, 0xfe, 0xfe, 0xfe, 0xfe,
	0xfe, 0xfe, 0xfe, 0xfe, 0xfe, 0xfe, 0xfe, 0xfe, 0xfe, 0xfe, 0xfe, 0xfe,
	0xfe, 0xfe, 0xfe, 0xfe, 0xfe, 0xfe, 0xfe, 0xff, 0xff, 0xff, 0xff, 0xff
};

// ROM 0x0036e618 bpNet
// The template `BPNetCreateNumOut` copies into a block of its own.
const BPNet	bpNet = {
	{ 0x00010003, 0x00100004, 0x00010000 },	// fField00
	bpNGS,	// fNGS
	inputType,	// fInputType
	0x00010018,	// fField14
	bpCSS,	// fCSS
	numConnectRanges,	// fConnectRanges
	newtConnects,	// fConnects
	{ 0x00000000, 0x00000000 },	// fField24
	nil,	// fBlock
	{ 0x00000000, 0x00000000 },	// fField30
	bpWeight,	// fWeights
	nil,	// fUnits
	nil,	// fOutputs
	384, 134,	// fCounts44
	1002, 618,	// fCounts48
	484, 0,	// fCounts4c
	0x000161ac,	// fField50
	0x000163f4,	// fWeightSize
	{ 0x0086026a, 0x00000000, 0x000161ac, 0x00000000, 0x00000000 },	// fField58
	0x00000039,	// fParamCount
	bpParam,	// fParams
	arBPParam,	// fArParams
	0x005e0000,	// fField78
	0x01, 0xa6, 0x0e, 0x42,	// fField7c
	0x00, 0x00, 0x00, 0x00	// fLearning
};
